﻿<LinkSources version="1.02">
  <page ID="B17A3E72-5A08-4603-9FB8-B553E046871D">
    <linkSource sourcePageID="C67A729D-52C8-4153-A817-2C1C6AAF5FBE" comID="B15CF6B0-D90A-4DCE-9C6C-21EA67F045AC" comLinkType="cltPageLink"/>
    <linkSource sourcePageID="A4CE4CF6-736C-477C-99F6-8ACA726E2AFB" comID="DF47583A-2E6C-4F7E-8CFE-0AAEBCEB0661" comLinkType="cltPageLink"/>
    <linkSource sourcePageID="B4A3F332-DFEA-4E7A-9278-EFB0E63F0D51" comID="F81057D3-D5D7-4C40-97C0-BB3B4478D9CE" comLinkType="cltPageLink"/>
    <linkSource sourcePageID="9CBA1755-B7EE-4D31-87DA-30339566C2B2" comID="6478E1E4-FF05-479C-9B22-5AC0493959CF" comLinkType="cltPageLink"/>
    <linkSource sourcePageID="B18B847D-17F5-471D-9791-CFAA524A4CBD" comID="6478E1E4-FF05-479C-9B22-5AC0493959CF" comLinkType="cltPageLink"/>
    <linkSource sourcePageID="216AE602-4BE6-42FF-828C-7BF95A0FEBF7" comID="6478E1E4-FF05-479C-9B22-5AC0493959CF" comLinkType="cltPageLink"/>
    <linkSource sourcePageID="079CD65B-3090-46F5-B61D-65BEB9440267" comID="6478E1E4-FF05-479C-9B22-5AC0493959CF" comLinkType="cltPageLink"/>
    <linkSource sourcePageID="6F38CF9B-37FF-42C8-9934-17F8920F8CF8" comID="3C1F4791-B023-4BA1-BB54-7A2ABFC887C1" comLinkType="cltPageLink"/>
    <linkSource sourcePageID="D7D9E671-3CA0-49F6-B4C5-58DB84A21110" comID="F81057D3-D5D7-4C40-97C0-BB3B4478D9CE" comLinkType="cltPageLink"/>
    <linkSource sourcePageID="063CE912-2307-4E1E-B370-F7F1F1B35D5D" comID="3C1F4791-B023-4BA1-BB54-7A2ABFC887C1" comLinkType="cltPageLink"/>
    <linkSource sourcePageID="BC0F1B46-0969-4F88-B922-4DCE0D450705" comID="F81057D3-D5D7-4C40-97C0-BB3B4478D9CE" comLinkType="cltPageLink"/>
    <linkSource sourcePageID="7EBCE60C-1A94-4C2D-89D5-EB7AC8401B22" comID="6478E1E4-FF05-479C-9B22-5AC0493959CF" comLinkType="cltPageLink"/>
    <linkSource sourcePageID="0EDF18D8-D901-4067-802D-075D64C0F59F" comID="F81057D3-D5D7-4C40-97C0-BB3B4478D9CE" comLinkType="cltPageLink"/>
    <linkSource sourcePageID="849303E2-71E4-4C7C-B4CA-8866C3D9B046" comID="6478E1E4-FF05-479C-9B22-5AC0493959CF" comLinkType="cltPageLink"/>
    <linkSource sourcePageID="B17BED2B-F00D-49E0-A767-4F1D079D3850" comID="F81057D3-D5D7-4C40-97C0-BB3B4478D9CE" comLinkType="cltPageLink"/>
    <linkSource sourcePageID="42459592-E78D-4E8E-8D13-1B18482D4547" comID="6478E1E4-FF05-479C-9B22-5AC0493959CF" comLinkType="cltPageLink"/>
    <linkSource sourcePageID="38435B1E-31EF-4343-9081-C3138638522D" comID="EA863E23-0F00-49AA-B5C1-77A4622C5257" comLinkType="cltPageLink"/>
    <linkSource sourcePageID="CB8E150F-92A2-4661-95C3-D7759264F22D" comID="EA863E23-0F00-49AA-B5C1-77A4622C5257" comLinkType="cltPageLink"/>
  </page>
  <page ID="A4CE4CF6-736C-477C-99F6-8ACA726E2AFB">
    <linkSource sourcePageID="A4CE4CF6-736C-477C-99F6-8ACA726E2AFB" comID="BBF3F8A0-D1A9-4C7C-B7B9-9138BB792D6A" comLinkType="cltPageLink"/>
    <linkSource sourcePageID="B17A3E72-5A08-4603-9FB8-B553E046871D" comID="55827275-7704-4FC1-A02F-CEAE5F148A79" comLinkType="cltPageLink"/>
    <linkSource sourcePageID="96E299B0-EC65-4FE5-A7E5-5DC8347EF271" comID="7F8AC6F3-C9A1-486A-8AFA-745F53F04121" comLinkType="cltPageLink"/>
    <linkSource sourcePageID="9CBA1755-B7EE-4D31-87DA-30339566C2B2" comID="6961E387-5C04-4574-82E8-2B84C16CE593" comLinkType="cltPageLink"/>
    <linkSource sourcePageID="B4A3F332-DFEA-4E7A-9278-EFB0E63F0D51" comID="7D825503-BECB-41A1-B589-3B735B924CA4" comLinkType="cltPageLink"/>
    <linkSource sourcePageID="C67A729D-52C8-4153-A817-2C1C6AAF5FBE" comID="19858098-08DE-4961-9492-BB2EA3C3E904" comLinkType="cltPageLink"/>
    <linkSource sourcePageID="C67A729D-52C8-4153-A817-2C1C6AAF5FBE" comID="F9939872-D116-402B-A341-9C3A94765921" comLinkType="cltPageLink"/>
  </page>
  <page ID="C67A729D-52C8-4153-A817-2C1C6AAF5FBE">
    <linkSource sourcePageID="A4CE4CF6-736C-477C-99F6-8ACA726E2AFB" comID="BBF3F8A0-D1A9-4C7C-B7B9-9138BB792D6A" comLinkType="cltPageLink"/>
    <linkSource sourcePageID="C67A729D-52C8-4153-A817-2C1C6AAF5FBE" comID="F9939872-D116-402B-A341-9C3A94765921" comLinkType="cltPageLink"/>
  </page>
  <page ID="B4A3F332-DFEA-4E7A-9278-EFB0E63F0D51">
    <linkSource sourcePageID="FE41A009-1FFE-49F7-9708-91FB70E6D8B4" comID="753AD33E-C85C-4885-9544-6F5740FF3B45" comLinkType="cltPageLink"/>
    <linkSource sourcePageID="B4A3F332-DFEA-4E7A-9278-EFB0E63F0D51" comID="7D825503-BECB-41A1-B589-3B735B924CA4" comLinkType="cltPageLink"/>
    <linkSource sourcePageID="9CBA1755-B7EE-4D31-87DA-30339566C2B2" comID="6961E387-5C04-4574-82E8-2B84C16CE593" comLinkType="cltPageLink"/>
    <linkSource sourcePageID="B18B847D-17F5-471D-9791-CFAA524A4CBD" comID="6961E387-5C04-4574-82E8-2B84C16CE593" comLinkType="cltPageLink"/>
    <linkSource sourcePageID="D7D9E671-3CA0-49F6-B4C5-58DB84A21110" comID="45D25D17-CC07-4943-8D9F-1BFB7A4DE41B" comLinkType="cltPageLink"/>
    <linkSource sourcePageID="7EBCE60C-1A94-4C2D-89D5-EB7AC8401B22" comID="6961E387-5C04-4574-82E8-2B84C16CE593" comLinkType="cltPageLink"/>
    <linkSource sourcePageID="849303E2-71E4-4C7C-B4CA-8866C3D9B046" comID="6961E387-5C04-4574-82E8-2B84C16CE593" comLinkType="cltPageLink"/>
    <linkSource sourcePageID="42459592-E78D-4E8E-8D13-1B18482D4547" comID="6961E387-5C04-4574-82E8-2B84C16CE593" comLinkType="cltPageLink"/>
    <linkSource sourcePageID="B17A3E72-5A08-4603-9FB8-B553E046871D" comID="55827275-7704-4FC1-A02F-CEAE5F148A79" comLinkType="cltPageLink"/>
  </page>
  <page ID="9CBA1755-B7EE-4D31-87DA-30339566C2B2">
    <linkSource sourcePageID="0A0D1414-D8EA-47EB-807A-27C47B4008D2" comID="7B25261B-18C0-4E3E-9839-04A47767D0F0" comLinkType="cltPageLink"/>
    <linkSource sourcePageID="B8C93D92-C6DA-4CDA-A499-F3264700FD4F" comID="24D3B5F0-2B93-4467-864B-94F702E9FCE6" comLinkType="cltPageLink"/>
    <linkSource sourcePageID="B8C93D92-C6DA-4CDA-A499-F3264700FD4F" comID="9D831A2D-2312-438B-B517-2B43ADFA7456" comLinkType="cltPageLink"/>
    <linkSource sourcePageID="23E90FC6-19E4-47E5-AA6E-7F79F2D0F400" comID="9D831A2D-2312-438B-B517-2B43ADFA7456" comLinkType="cltPageLink"/>
    <linkSource sourcePageID="23E90FC6-19E4-47E5-AA6E-7F79F2D0F400" comID="24D3B5F0-2B93-4467-864B-94F702E9FCE6" comLinkType="cltPageLink"/>
    <linkSource sourcePageID="B17A3E72-5A08-4603-9FB8-B553E046871D" comID="55827275-7704-4FC1-A02F-CEAE5F148A79" comLinkType="cltPageLink"/>
    <linkSource sourcePageID="B4A3F332-DFEA-4E7A-9278-EFB0E63F0D51" comID="7D825503-BECB-41A1-B589-3B735B924CA4" comLinkType="cltPageLink"/>
    <linkSource sourcePageID="9CBA1755-B7EE-4D31-87DA-30339566C2B2" comID="6961E387-5C04-4574-82E8-2B84C16CE593" comLinkType="cltPageLink"/>
    <linkSource sourcePageID="BC0F1B46-0969-4F88-B922-4DCE0D450705" comID="7D825503-BECB-41A1-B589-3B735B924CA4" comLinkType="cltPageLink"/>
    <linkSource sourcePageID="0EDF18D8-D901-4067-802D-075D64C0F59F" comID="7D825503-BECB-41A1-B589-3B735B924CA4" comLinkType="cltPageLink"/>
    <linkSource sourcePageID="B17BED2B-F00D-49E0-A767-4F1D079D3850" comID="7D825503-BECB-41A1-B589-3B735B924CA4" comLinkType="cltPageLink"/>
  </page>
  <page ID="D7D9E671-3CA0-49F6-B4C5-58DB84A21110">
    <linkSource sourcePageID="D7D9E671-3CA0-49F6-B4C5-58DB84A21110" comID="45D25D17-CC07-4943-8D9F-1BFB7A4DE41B" comLinkType="cltPageLink"/>
    <linkSource sourcePageID="B18B847D-17F5-471D-9791-CFAA524A4CBD" comID="6961E387-5C04-4574-82E8-2B84C16CE593" comLinkType="cltPageLink"/>
    <linkSource sourcePageID="216AE602-4BE6-42FF-828C-7BF95A0FEBF7" comID="6961E387-5C04-4574-82E8-2B84C16CE593" comLinkType="cltPageLink"/>
    <linkSource sourcePageID="079CD65B-3090-46F5-B61D-65BEB9440267" comID="6961E387-5C04-4574-82E8-2B84C16CE593" comLinkType="cltPageLink"/>
    <linkSource sourcePageID="B17A3E72-5A08-4603-9FB8-B553E046871D" comID="55827275-7704-4FC1-A02F-CEAE5F148A79" comLinkType="cltPageLink"/>
  </page>
  <page ID="B18B847D-17F5-471D-9791-CFAA524A4CBD">
    <linkSource sourcePageID="B18B847D-17F5-471D-9791-CFAA524A4CBD" comID="6961E387-5C04-4574-82E8-2B84C16CE593" comLinkType="cltPageLink"/>
    <linkSource sourcePageID="D7D9E671-3CA0-49F6-B4C5-58DB84A21110" comID="45D25D17-CC07-4943-8D9F-1BFB7A4DE41B" comLinkType="cltPageLink"/>
    <linkSource sourcePageID="A6061C9A-02DF-474B-8A3C-1A1B62F2CB6C" comID="45D25D17-CC07-4943-8D9F-1BFB7A4DE41B" comLinkType="cltPageLink"/>
    <linkSource sourcePageID="D5BB24CA-E2DE-49CB-84D7-A07C22209E88" comID="45D25D17-CC07-4943-8D9F-1BFB7A4DE41B" comLinkType="cltPageLink"/>
  </page>
  <page ID="6F38CF9B-37FF-42C8-9934-17F8920F8CF8">
    <linkSource sourcePageID="6F38CF9B-37FF-42C8-9934-17F8920F8CF8" comID="E639DCD7-BD9B-4A42-A92E-454F09EB5DDA" comLinkType="cltPageLink"/>
    <linkSource sourcePageID="A6061C9A-02DF-474B-8A3C-1A1B62F2CB6C" comID="F81057D3-D5D7-4C40-97C0-BB3B4478D9CE" comLinkType="cltPageLink"/>
    <linkSource sourcePageID="216AE602-4BE6-42FF-828C-7BF95A0FEBF7" comID="6478E1E4-FF05-479C-9B22-5AC0493959CF" comLinkType="cltPageLink"/>
    <linkSource sourcePageID="D5BB24CA-E2DE-49CB-84D7-A07C22209E88" comID="F81057D3-D5D7-4C40-97C0-BB3B4478D9CE" comLinkType="cltPageLink"/>
    <linkSource sourcePageID="079CD65B-3090-46F5-B61D-65BEB9440267" comID="6478E1E4-FF05-479C-9B22-5AC0493959CF" comLinkType="cltPageLink"/>
    <linkSource sourcePageID="3674D6C1-43A3-4687-81C1-F13483D5B4C7" comID="F81057D3-D5D7-4C40-97C0-BB3B4478D9CE" comLinkType="cltPageLink"/>
    <linkSource sourcePageID="B17A3E72-5A08-4603-9FB8-B553E046871D" comID="55827275-7704-4FC1-A02F-CEAE5F148A79" comLinkType="cltPageLink"/>
  </page>
  <page ID="A6061C9A-02DF-474B-8A3C-1A1B62F2CB6C">
    <linkSource sourcePageID="A6061C9A-02DF-474B-8A3C-1A1B62F2CB6C" comID="45D25D17-CC07-4943-8D9F-1BFB7A4DE41B" comLinkType="cltPageLink"/>
    <linkSource sourcePageID="6F38CF9B-37FF-42C8-9934-17F8920F8CF8" comID="E639DCD7-BD9B-4A42-A92E-454F09EB5DDA" comLinkType="cltPageLink"/>
    <linkSource sourcePageID="216AE602-4BE6-42FF-828C-7BF95A0FEBF7" comID="6961E387-5C04-4574-82E8-2B84C16CE593" comLinkType="cltPageLink"/>
    <linkSource sourcePageID="063CE912-2307-4E1E-B370-F7F1F1B35D5D" comID="E639DCD7-BD9B-4A42-A92E-454F09EB5DDA" comLinkType="cltPageLink"/>
  </page>
  <page ID="216AE602-4BE6-42FF-828C-7BF95A0FEBF7">
    <linkSource sourcePageID="216AE602-4BE6-42FF-828C-7BF95A0FEBF7" comID="6961E387-5C04-4574-82E8-2B84C16CE593" comLinkType="cltPageLink"/>
    <linkSource sourcePageID="A6061C9A-02DF-474B-8A3C-1A1B62F2CB6C" comID="45D25D17-CC07-4943-8D9F-1BFB7A4DE41B" comLinkType="cltPageLink"/>
  </page>
  <page ID="D5BB24CA-E2DE-49CB-84D7-A07C22209E88">
    <linkSource sourcePageID="D5BB24CA-E2DE-49CB-84D7-A07C22209E88" comID="45D25D17-CC07-4943-8D9F-1BFB7A4DE41B" comLinkType="cltPageLink"/>
    <linkSource sourcePageID="079CD65B-3090-46F5-B61D-65BEB9440267" comID="6961E387-5C04-4574-82E8-2B84C16CE593" comLinkType="cltPageLink"/>
    <linkSource sourcePageID="6F38CF9B-37FF-42C8-9934-17F8920F8CF8" comID="E639DCD7-BD9B-4A42-A92E-454F09EB5DDA" comLinkType="cltPageLink"/>
    <linkSource sourcePageID="063CE912-2307-4E1E-B370-F7F1F1B35D5D" comID="E639DCD7-BD9B-4A42-A92E-454F09EB5DDA" comLinkType="cltPageLink"/>
  </page>
  <page ID="079CD65B-3090-46F5-B61D-65BEB9440267">
    <linkSource sourcePageID="079CD65B-3090-46F5-B61D-65BEB9440267" comID="6961E387-5C04-4574-82E8-2B84C16CE593" comLinkType="cltPageLink"/>
    <linkSource sourcePageID="D5BB24CA-E2DE-49CB-84D7-A07C22209E88" comID="45D25D17-CC07-4943-8D9F-1BFB7A4DE41B" comLinkType="cltPageLink"/>
    <linkSource sourcePageID="3674D6C1-43A3-4687-81C1-F13483D5B4C7" comID="45D25D17-CC07-4943-8D9F-1BFB7A4DE41B" comLinkType="cltPageLink"/>
  </page>
  <page ID="063CE912-2307-4E1E-B370-F7F1F1B35D5D">
    <linkSource sourcePageID="BC0F1B46-0969-4F88-B922-4DCE0D450705" comID="F81057D3-D5D7-4C40-97C0-BB3B4478D9CE" comLinkType="cltPageLink"/>
    <linkSource sourcePageID="7EBCE60C-1A94-4C2D-89D5-EB7AC8401B22" comID="6478E1E4-FF05-479C-9B22-5AC0493959CF" comLinkType="cltPageLink"/>
    <linkSource sourcePageID="0EDF18D8-D901-4067-802D-075D64C0F59F" comID="F81057D3-D5D7-4C40-97C0-BB3B4478D9CE" comLinkType="cltPageLink"/>
    <linkSource sourcePageID="849303E2-71E4-4C7C-B4CA-8866C3D9B046" comID="6478E1E4-FF05-479C-9B22-5AC0493959CF" comLinkType="cltPageLink"/>
    <linkSource sourcePageID="B17BED2B-F00D-49E0-A767-4F1D079D3850" comID="7D825503-BECB-41A1-B589-3B735B924CA4" comLinkType="cltPageLink"/>
    <linkSource sourcePageID="B17BED2B-F00D-49E0-A767-4F1D079D3850" comID="F81057D3-D5D7-4C40-97C0-BB3B4478D9CE" comLinkType="cltPageLink"/>
    <linkSource sourcePageID="42459592-E78D-4E8E-8D13-1B18482D4547" comID="6478E1E4-FF05-479C-9B22-5AC0493959CF" comLinkType="cltPageLink"/>
    <linkSource sourcePageID="B17A3E72-5A08-4603-9FB8-B553E046871D" comID="55827275-7704-4FC1-A02F-CEAE5F148A79" comLinkType="cltPageLink"/>
  </page>
  <page ID="BC0F1B46-0969-4F88-B922-4DCE0D450705">
    <linkSource sourcePageID="BC0F1B46-0969-4F88-B922-4DCE0D450705" comID="7D825503-BECB-41A1-B589-3B735B924CA4" comLinkType="cltPageLink"/>
    <linkSource sourcePageID="7EBCE60C-1A94-4C2D-89D5-EB7AC8401B22" comID="6961E387-5C04-4574-82E8-2B84C16CE593" comLinkType="cltPageLink"/>
    <linkSource sourcePageID="063CE912-2307-4E1E-B370-F7F1F1B35D5D" comID="E639DCD7-BD9B-4A42-A92E-454F09EB5DDA" comLinkType="cltPageLink"/>
  </page>
  <page ID="7EBCE60C-1A94-4C2D-89D5-EB7AC8401B22">
    <linkSource sourcePageID="7EBCE60C-1A94-4C2D-89D5-EB7AC8401B22" comID="6961E387-5C04-4574-82E8-2B84C16CE593" comLinkType="cltPageLink"/>
    <linkSource sourcePageID="BC0F1B46-0969-4F88-B922-4DCE0D450705" comID="7D825503-BECB-41A1-B589-3B735B924CA4" comLinkType="cltPageLink"/>
  </page>
  <page ID="0EDF18D8-D901-4067-802D-075D64C0F59F">
    <linkSource sourcePageID="0EDF18D8-D901-4067-802D-075D64C0F59F" comID="7D825503-BECB-41A1-B589-3B735B924CA4" comLinkType="cltPageLink"/>
    <linkSource sourcePageID="849303E2-71E4-4C7C-B4CA-8866C3D9B046" comID="6961E387-5C04-4574-82E8-2B84C16CE593" comLinkType="cltPageLink"/>
    <linkSource sourcePageID="063CE912-2307-4E1E-B370-F7F1F1B35D5D" comID="E639DCD7-BD9B-4A42-A92E-454F09EB5DDA" comLinkType="cltPageLink"/>
  </page>
  <page ID="849303E2-71E4-4C7C-B4CA-8866C3D9B046">
    <linkSource sourcePageID="849303E2-71E4-4C7C-B4CA-8866C3D9B046" comID="6961E387-5C04-4574-82E8-2B84C16CE593" comLinkType="cltPageLink"/>
    <linkSource sourcePageID="0EDF18D8-D901-4067-802D-075D64C0F59F" comID="7D825503-BECB-41A1-B589-3B735B924CA4" comLinkType="cltPageLink"/>
  </page>
  <page ID="B17BED2B-F00D-49E0-A767-4F1D079D3850">
    <linkSource sourcePageID="B17BED2B-F00D-49E0-A767-4F1D079D3850" comID="7D825503-BECB-41A1-B589-3B735B924CA4" comLinkType="cltPageLink"/>
    <linkSource sourcePageID="42459592-E78D-4E8E-8D13-1B18482D4547" comID="6961E387-5C04-4574-82E8-2B84C16CE593" comLinkType="cltPageLink"/>
    <linkSource sourcePageID="063CE912-2307-4E1E-B370-F7F1F1B35D5D" comID="E639DCD7-BD9B-4A42-A92E-454F09EB5DDA" comLinkType="cltPageLink"/>
  </page>
  <page ID="42459592-E78D-4E8E-8D13-1B18482D4547">
    <linkSource sourcePageID="42459592-E78D-4E8E-8D13-1B18482D4547" comID="6961E387-5C04-4574-82E8-2B84C16CE593" comLinkType="cltPageLink"/>
    <linkSource sourcePageID="B17BED2B-F00D-49E0-A767-4F1D079D3850" comID="7D825503-BECB-41A1-B589-3B735B924CA4" comLinkType="cltPageLink"/>
  </page>
  <page ID="38435B1E-31EF-4343-9081-C3138638522D">
    <linkSource sourcePageID="2FDFB51D-075B-4075-B6B6-49C216BBCDCF" comID="79818858-0EB5-4A8D-8888-72C913DFFF3F" comLinkType="cltPageLink"/>
    <linkSource sourcePageID="C4472891-63C4-4044-B1B0-F10D33FAFE68" comID="E639DCD7-BD9B-4A42-A92E-454F09EB5DDA" comLinkType="cltPageLink"/>
    <linkSource sourcePageID="64127204-9076-4524-8285-5CC682322B25" comID="0BC0FD56-307C-4280-99B1-B7B76FD5AA94" comLinkType="cltPageLink"/>
    <linkSource sourcePageID="C4472891-63C4-4044-B1B0-F10D33FAFE68" comID="3C1F4791-B023-4BA1-BB54-7A2ABFC887C1" comLinkType="cltPageLink"/>
    <linkSource sourcePageID="BE5AFD1F-8901-4CE5-8D2E-924CEB45D0F8" comID="55827275-7704-4FC1-A02F-CEAE5F148A79" comLinkType="cltPageLink"/>
    <linkSource sourcePageID="0A0D1414-D8EA-47EB-807A-27C47B4008D2" comID="0A607FE6-069E-4581-8EAF-4CE1A179BEB9" comLinkType="cltPageLink"/>
    <linkSource sourcePageID="C8A920C5-83A6-488C-A547-C6DCA248C423" comID="3E8D6B4C-B598-43BD-9AA3-4A828777C54E" comLinkType="cltPageLink"/>
    <linkSource sourcePageID="710D6640-C491-41E6-943B-3A4C318B9656" comID="77F7D8DF-4850-43AB-BCE0-7396AFC948AF" comLinkType="cltPageLink"/>
    <linkSource sourcePageID="710D6640-C491-41E6-943B-3A4C318B9656" comID="D0A91817-0978-4684-A3ED-3C614B4CB2FA" comLinkType="cltPageLink"/>
    <linkSource sourcePageID="B17A3E72-5A08-4603-9FB8-B553E046871D" comID="55827275-7704-4FC1-A02F-CEAE5F148A79" comLinkType="cltPageLink"/>
    <linkSource sourcePageID="1464CC56-9876-47A8-B64A-18A4EE81D780" comID="E639DCD7-BD9B-4A42-A92E-454F09EB5DDA" comLinkType="cltPageLink"/>
    <linkSource sourcePageID="1464CC56-9876-47A8-B64A-18A4EE81D780" comID="3C1F4791-B023-4BA1-BB54-7A2ABFC887C1" comLinkType="cltPageLink"/>
    <linkSource sourcePageID="6F38CF9B-37FF-42C8-9934-17F8920F8CF8" comID="3C1F4791-B023-4BA1-BB54-7A2ABFC887C1" comLinkType="cltPageLink"/>
    <linkSource sourcePageID="CB8E150F-92A2-4661-95C3-D7759264F22D" comID="0B5C1C7A-4889-4F6E-81A4-B0021F81F119" comLinkType="cltPageLink"/>
    <linkSource sourcePageID="38435B1E-31EF-4343-9081-C3138638522D" comID="0B5C1C7A-4889-4F6E-81A4-B0021F81F119" comLinkType="cltPageLink"/>
  </page>
  <page ID="CB8E150F-92A2-4661-95C3-D7759264F22D">
    <linkSource sourcePageID="CB8E150F-92A2-4661-95C3-D7759264F22D" comID="0B5C1C7A-4889-4F6E-81A4-B0021F81F119" comLinkType="cltPageLink"/>
    <linkSource sourcePageID="38435B1E-31EF-4343-9081-C3138638522D" comID="0B5C1C7A-4889-4F6E-81A4-B0021F81F119" comLinkType="cltPageLink"/>
    <linkSource sourcePageID="D426A5FC-73D2-49BC-B29F-41A92543D227" comID="B9494FA8-ABAF-4B76-9987-67C2808EBA4F" comLinkType="cltPageLink"/>
  </page>
  <page ID="C4472891-63C4-4044-B1B0-F10D33FAFE68">
    <linkSource sourcePageID="BE5AFD1F-8901-4CE5-8D2E-924CEB45D0F8" comID="55827275-7704-4FC1-A02F-CEAE5F148A79" comLinkType="cltPageLink"/>
    <linkSource sourcePageID="38435B1E-31EF-4343-9081-C3138638522D" comID="EA863E23-0F00-49AA-B5C1-77A4622C5257" comLinkType="cltPageLink"/>
    <linkSource sourcePageID="38435B1E-31EF-4343-9081-C3138638522D" comID="5FE79F50-2F0D-43D1-A37A-0F464D1CC8D0" comLinkType="cltPageLink"/>
    <linkSource sourcePageID="38435B1E-31EF-4343-9081-C3138638522D" comID="07AF9C1B-6462-4E1F-AC99-314F7D49572F" comLinkType="cltPageLink"/>
    <linkSource sourcePageID="C4472891-63C4-4044-B1B0-F10D33FAFE68" comID="E639DCD7-BD9B-4A42-A92E-454F09EB5DDA" comLinkType="cltPageLink"/>
    <linkSource sourcePageID="1464CC56-9876-47A8-B64A-18A4EE81D780" comID="3C1F4791-B023-4BA1-BB54-7A2ABFC887C1" comLinkType="cltPageLink"/>
  </page>
  <page ID="1464CC56-9876-47A8-B64A-18A4EE81D780">
    <linkSource sourcePageID="C4472891-63C4-4044-B1B0-F10D33FAFE68" comID="E639DCD7-BD9B-4A42-A92E-454F09EB5DDA" comLinkType="cltPageLink"/>
    <linkSource sourcePageID="6F38CF9B-37FF-42C8-9934-17F8920F8CF8" comID="E639DCD7-BD9B-4A42-A92E-454F09EB5DDA" comLinkType="cltPageLink"/>
  </page>
  <page ID="2FDFB51D-075B-4075-B6B6-49C216BBCDCF">
    <linkSource sourcePageID="2FDFB51D-075B-4075-B6B6-49C216BBCDCF" comID="07DD88E5-9128-45C5-A770-9F22799ED05B" comLinkType="cltPageLink"/>
    <linkSource sourcePageID="922B863B-E908-44ED-B474-7E9D2083741F" comID="B9494FA8-ABAF-4B76-9987-67C2808EBA4F" comLinkType="cltPageLink"/>
    <linkSource sourcePageID="38435B1E-31EF-4343-9081-C3138638522D" comID="37A6DBF5-F28C-4F3E-978E-423E22C4A5A4" comLinkType="cltPageLink"/>
    <linkSource sourcePageID="C4472891-63C4-4044-B1B0-F10D33FAFE68" comID="E639DCD7-BD9B-4A42-A92E-454F09EB5DDA" comLinkType="cltPageLink"/>
    <linkSource sourcePageID="CB8E150F-92A2-4661-95C3-D7759264F22D" comID="37A6DBF5-F28C-4F3E-978E-423E22C4A5A4" comLinkType="cltPageLink"/>
    <linkSource sourcePageID="CB8E150F-92A2-4661-95C3-D7759264F22D" comID="0B5C1C7A-4889-4F6E-81A4-B0021F81F119" comLinkType="cltPageLink"/>
    <linkSource sourcePageID="D426A5FC-73D2-49BC-B29F-41A92543D227" comID="B9494FA8-ABAF-4B76-9987-67C2808EBA4F" comLinkType="cltPageLink"/>
  </page>
  <page ID="922B863B-E908-44ED-B474-7E9D2083741F">
    <linkSource sourcePageID="2FDFB51D-075B-4075-B6B6-49C216BBCDCF" comID="07DD88E5-9128-45C5-A770-9F22799ED05B" comLinkType="cltPageLink"/>
    <linkSource sourcePageID="64127204-9076-4524-8285-5CC682322B25" comID="4EAE2708-A8F7-4626-8498-B860717922CF" comLinkType="cltPageLink"/>
    <linkSource sourcePageID="64127204-9076-4524-8285-5CC682322B25" comID="0BC0FD56-307C-4280-99B1-B7B76FD5AA94" comLinkType="cltPageLink"/>
    <linkSource sourcePageID="0A0D1414-D8EA-47EB-807A-27C47B4008D2" comID="7B25261B-18C0-4E3E-9839-04A47767D0F0" comLinkType="cltPageLink"/>
    <linkSource sourcePageID="CB8E150F-92A2-4661-95C3-D7759264F22D" comID="37A6DBF5-F28C-4F3E-978E-423E22C4A5A4" comLinkType="cltPageLink"/>
    <linkSource sourcePageID="55D9F44A-12FA-4721-83F5-7B5F78CDF7CF" comID="0BC0FD56-307C-4280-99B1-B7B76FD5AA94" comLinkType="cltPageLink"/>
  </page>
  <page ID="D426A5FC-73D2-49BC-B29F-41A92543D227">
    <linkSource sourcePageID="55D9F44A-12FA-4721-83F5-7B5F78CDF7CF" comID="0BC0FD56-307C-4280-99B1-B7B76FD5AA94" comLinkType="cltPageLink"/>
    <linkSource sourcePageID="CB8E150F-92A2-4661-95C3-D7759264F22D" comID="37A6DBF5-F28C-4F3E-978E-423E22C4A5A4" comLinkType="cltPageLink"/>
  </page>
  <page ID="64127204-9076-4524-8285-5CC682322B25">
    <linkSource sourcePageID="922B863B-E908-44ED-B474-7E9D2083741F" comID="D6FF7E12-61BC-4C4C-8C03-FF79B3623B90" comLinkType="cltPageLink"/>
    <linkSource sourcePageID="D426A5FC-73D2-49BC-B29F-41A92543D227" comID="D6FF7E12-61BC-4C4C-8C03-FF79B3623B90" comLinkType="cltPageLink"/>
  </page>
  <page ID="55D9F44A-12FA-4721-83F5-7B5F78CDF7CF">
    <linkSource sourcePageID="D426A5FC-73D2-49BC-B29F-41A92543D227" comID="D6FF7E12-61BC-4C4C-8C03-FF79B3623B90" comLinkType="cltPageLink"/>
  </page>
</LinkSources>