﻿<master version="4.7" minAllowVersion="4.7" ID="1E15787D-E0BE-4C7C-8660-A58B10E37D2C">
  <controls>
    <control controlID="6270154E-2CA4-4754-B9D8-32AF61FEF685" controlTypeID="Master" isShow="True" caption="%E6%AF%8D%E7%89%88" x="447" y="226" w="340" h="298" measuredW="0" measuredH="0" zOrder="2" locked="False" sizeLocked="False" masterID="1E15787D-E0BE-4C7C-8660-A58B10E37D2C">
      <controlProperties>
        <basic color="4294967295" borderVisible="True" borderColor="4284900966" isAutoSize="False" status="MsEnabled" opacity="1" isCommentCom="False" canMove="True" alias="" rotation="0"/>
        <states/>
        <verticalScrollbarShow>False</verticalScrollbarShow>
        <verticalScrollbarProgress>0</verticalScrollbarProgress>
        <horizontalScrollbarShow>False</horizontalScrollbarShow>
        <horizontalScrollbarProgress>0</horizontalScrollbarProgress>
        <links eventType="AtClick" animate="AmNone" animateAutoDelay="0" animateDuration="500">
          <link targetPageID="" linkType="ltPageLink" isApplyIncludePage="False" title="%E9%93%BE%E6%8E%A5">
            <area shape="0" alt="" ID="{05A89637-F59F-4C0F-93C6-61C558165FB1}" coords="(0,0,375,667)"/>
          </link>
        </links>
        <interactiveData>
          <entry title="">
            <area shape="0" alt="" ID="{34120874-132A-4C54-9FB3-63B0937C7DB7}" coords="(0,0,375,667)"/>
            <events title=""/>
          </entry>
        </interactiveData>
        <groupChildrenDescriptors>
          <control controlID="E7072C04-8F70-47EF-B9D7-0B7972A1E1F7" controlTypeID="Line" isShow="True" caption="%E7%BA%BF%E6%AE%B5" x="23" y="16" w="1" h="229" measuredW="120" measuredH="120" zOrder="0" locked="False" sizeLocked="False">
            <controlProperties>
              <basic color="4284900966" borderVisible="True" borderColor="4284900966" isAutoSize="False" status="MsEnabled" opacity="1" isCommentCom="False" canMove="True" alias="" rotation="0"/>
              <states/>
              <verticalScrollbarShow>False</verticalScrollbarShow>
              <verticalScrollbarProgress>0</verticalScrollbarProgress>
              <horizontalScrollbarShow>False</horizontalScrollbarShow>
              <horizontalScrollbarProgress>0</horizontalScrollbarProgress>
              <links eventType="AtClick" animate="AmNone" animateAutoDelay="0" animateDuration="500">
                <link targetPageID="" linkType="ltPageLink" isApplyIncludePage="False" title="%E9%93%BE%E6%8E%A5">
                  <area shape="0" alt="" ID="{266EEBF4-5D17-4E33-B666-79735F0FDFF6}" coords="(0,0,1,229)"/>
                </link>
              </links>
              <interactiveData>
                <entry title="">
                  <area shape="0" alt="" ID="{F1B4548A-C408-4646-8BBF-4ACE5065A28C}" coords="(0,0,1,229)"/>
                  <events title=""/>
                </entry>
              </interactiveData>
              <textSet textColor="4278190080" textSize="14" lineSpacingMultiple="1" textAlign="HaCenter" textVAlign="VaTop" textWordWrap="True" lineSpacing="18" textStyles="[]" useDefaultTextSize="True">
                <font family="%E5%BE%AE%E8%BD%AF%E9%9B%85%E9%BB%91" displayName="%E5%BE%AE%E8%BD%AF%E9%9B%85%E9%BB%91" postScript="" weightStyle="Regular" weight="400" isBold="False" isItalic="False"/>
              </textSet>
              <selectedIndex>-1</selectedIndex>
              <selectedColor>4282501083</selectedColor>
              <textPadding>0</textPadding>
              <controlPoint>(0,115)</controlPoint>
              <startPoint>(0,1)</startPoint>
              <endPoint>(0,229)</endPoint>
              <thickness>1</thickness>
              <dashMode>SdSolid</dashMode>
              <textBackgroundColor>4294967295</textBackgroundColor>
              <textBorderColor>4284900966</textBorderColor>
              <showStartArrow>0</showStartArrow>
              <showEndArrow>0</showEndArrow>
              <isCurved>True</isCurved>
              <isTextPosCenter>True</isTextPosCenter>
            </controlProperties>
          </control>
          <control controlID="C4816282-13A1-45B1-9FB6-CA321019DC33" controlTypeID="Line" isShow="True" caption="%E7%BA%BF%E6%AE%B5" x="23" y="245" w="250" h="2" measuredW="120" measuredH="120" zOrder="1" locked="False" sizeLocked="False">
            <controlProperties>
              <basic color="4284900966" borderVisible="True" borderColor="4284900966" isAutoSize="False" status="MsEnabled" opacity="1" isCommentCom="False" canMove="True" alias="" rotation="0"/>
              <states/>
              <verticalScrollbarShow>False</verticalScrollbarShow>
              <verticalScrollbarProgress>0</verticalScrollbarProgress>
              <horizontalScrollbarShow>False</horizontalScrollbarShow>
              <horizontalScrollbarProgress>0</horizontalScrollbarProgress>
              <links eventType="AtClick" animate="AmNone" animateAutoDelay="0" animateDuration="500">
                <link targetPageID="" linkType="ltPageLink" isApplyIncludePage="False" title="%E9%93%BE%E6%8E%A5">
                  <area shape="0" alt="" ID="{266EEBF4-5D17-4E33-B666-79735F0FDFF6}" coords="(0,0,250,2)"/>
                </link>
              </links>
              <interactiveData>
                <entry title="">
                  <area shape="0" alt="" ID="{F1B4548A-C408-4646-8BBF-4ACE5065A28C}" coords="(0,0,250,2)"/>
                  <events title=""/>
                </entry>
              </interactiveData>
              <textSet textColor="4278190080" textSize="14" lineSpacingMultiple="1" textAlign="HaCenter" textVAlign="VaTop" textWordWrap="True" lineSpacing="18" textStyles="[]" useDefaultTextSize="True">
                <font family="%E5%BE%AE%E8%BD%AF%E9%9B%85%E9%BB%91" displayName="%E5%BE%AE%E8%BD%AF%E9%9B%85%E9%BB%91" postScript="" weightStyle="Regular" weight="400" isBold="False" isItalic="False"/>
              </textSet>
              <selectedIndex>-1</selectedIndex>
              <selectedColor>4282501083</selectedColor>
              <textPadding>0</textPadding>
              <controlPoint>(125,1)</controlPoint>
              <startPoint>(250,1)</startPoint>
              <endPoint>(0,1)</endPoint>
              <thickness>1</thickness>
              <dashMode>SdSolid</dashMode>
              <textBackgroundColor>4294967295</textBackgroundColor>
              <textBorderColor>4284900966</textBorderColor>
              <showStartArrow>0</showStartArrow>
              <showEndArrow>0</showEndArrow>
              <isCurved>True</isCurved>
              <isTextPosCenter>True</isTextPosCenter>
            </controlProperties>
          </control>
          <control controlID="1C3DC0E8-24EE-4D35-9902-0D16E075AEEF" controlTypeID="Shape" isShow="True" caption="%E5%BD%A2%E7%8A%B6" x="23" y="38" w="190" h="16" measuredW="120" measuredH="100" zOrder="2" locked="False" sizeLocked="False">
            <controlProperties>
              <basic color="4278255360" borderVisible="True" borderColor="4278255360" isAutoSize="False" status="MsEnabled" opacity="1" isCommentCom="False" canMove="True" alias="" rotation="0"/>
              <states/>
              <verticalScrollbarShow>False</verticalScrollbarShow>
              <verticalScrollbarProgress>0</verticalScrollbarProgress>
              <horizontalScrollbarShow>False</horizontalScrollbarShow>
              <horizontalScrollbarProgress>0</horizontalScrollbarProgress>
              <links eventType="AtClick" animate="AmNone" animateAutoDelay="0" animateDuration="500">
                <link targetPageID="" linkType="ltPageLink" isApplyIncludePage="False" title="%E9%93%BE%E6%8E%A5">
                  <area shape="0" alt="" ID="{FAE1E4E7-D575-424A-9924-B0DCA6FFB5B1}" coords="(0,0,190,16)"/>
                </link>
              </links>
              <interactiveData>
                <entry title="">
                  <area shape="0" alt="" ID="{70D5231E-4464-4356-B784-04CB18C15DDB}" coords="(0,0,190,16)"/>
                  <events title=""/>
                </entry>
              </interactiveData>
              <textSet textColor="4278190080" textSize="14" lineSpacingMultiple="1" textAlign="HaCenter" textVAlign="VaMiddle" textWordWrap="True" lineSpacing="18" textStyles="[]" useDefaultTextSize="True">
                <font family="%E5%BE%AE%E8%BD%AF%E9%9B%85%E9%BB%91" displayName="%E5%BE%AE%E8%BD%AF%E9%9B%85%E9%BB%91" postScript="" weightStyle="Regular" weight="400" isBold="False" isItalic="False"/>
              </textSet>
              <selectedIndex>-1</selectedIndex>
              <selectedColor>4282501083</selectedColor>
              <textPadding>0</textPadding>
              <shapeBorderType>SbRectangle</shapeBorderType>
              <triangleType>TdZero</triangleType>
              <dashMode>SdSolid</dashMode>
              <rectangleBorderLeftVisible>True</rectangleBorderLeftVisible>
              <rectangleBorderRightVisible>True</rectangleBorderRightVisible>
              <rectangleBorderTopVisible>True</rectangleBorderTopVisible>
              <rectangleBorderBottomVisible>True</rectangleBorderBottomVisible>
              <radius>0</radius>
              <radiusIsPercent>False</radiusIsPercent>
              <thickness>1</thickness>
            </controlProperties>
          </control>
          <control controlID="F39FCD44-A08E-4508-9E5A-86D51017CF64" controlTypeID="Shape" isShow="True" caption="%E5%BD%A2%E7%8A%B6" x="23" y="54" w="144" h="16" measuredW="120" measuredH="100" zOrder="3" locked="False" sizeLocked="False">
            <controlProperties>
              <basic color="4294901760" borderVisible="True" borderColor="4294901760" isAutoSize="False" status="MsEnabled" opacity="1" isCommentCom="False" canMove="True" alias="" rotation="0"/>
              <states/>
              <verticalScrollbarShow>False</verticalScrollbarShow>
              <verticalScrollbarProgress>0</verticalScrollbarProgress>
              <horizontalScrollbarShow>False</horizontalScrollbarShow>
              <horizontalScrollbarProgress>0</horizontalScrollbarProgress>
              <links eventType="AtClick" animate="AmNone" animateAutoDelay="0" animateDuration="500">
                <link targetPageID="" linkType="ltPageLink" isApplyIncludePage="False" title="%E9%93%BE%E6%8E%A5">
                  <area shape="0" alt="" ID="{FAE1E4E7-D575-424A-9924-B0DCA6FFB5B1}" coords="(0,0,144,16)"/>
                </link>
              </links>
              <interactiveData>
                <entry title="">
                  <area shape="0" alt="" ID="{70D5231E-4464-4356-B784-04CB18C15DDB}" coords="(0,0,144,16)"/>
                  <events title=""/>
                </entry>
              </interactiveData>
              <textSet textColor="4278190080" textSize="14" lineSpacingMultiple="1" textAlign="HaCenter" textVAlign="VaMiddle" textWordWrap="True" lineSpacing="18" textStyles="[]" useDefaultTextSize="True">
                <font family="%E5%BE%AE%E8%BD%AF%E9%9B%85%E9%BB%91" displayName="%E5%BE%AE%E8%BD%AF%E9%9B%85%E9%BB%91" postScript="" weightStyle="Regular" weight="400" isBold="False" isItalic="False"/>
              </textSet>
              <selectedIndex>-1</selectedIndex>
              <selectedColor>4282501083</selectedColor>
              <textPadding>0</textPadding>
              <shapeBorderType>SbRectangle</shapeBorderType>
              <triangleType>TdZero</triangleType>
              <dashMode>SdSolid</dashMode>
              <rectangleBorderLeftVisible>True</rectangleBorderLeftVisible>
              <rectangleBorderRightVisible>True</rectangleBorderRightVisible>
              <rectangleBorderTopVisible>True</rectangleBorderTopVisible>
              <rectangleBorderBottomVisible>True</rectangleBorderBottomVisible>
              <radius>0</radius>
              <radiusIsPercent>False</radiusIsPercent>
              <thickness>1</thickness>
            </controlProperties>
          </control>
          <control controlID="DAD42B57-9EAE-4B46-9E92-DFB7E95A2727" controlTypeID="Shape" isShow="True" caption="%E5%BD%A2%E7%8A%B6" x="23" y="80" w="118" h="16" measuredW="120" measuredH="100" zOrder="4" locked="False" sizeLocked="False">
            <controlProperties>
              <basic color="4278255360" borderVisible="True" borderColor="4278255360" isAutoSize="False" status="MsEnabled" opacity="1" isCommentCom="False" canMove="True" alias="" rotation="0"/>
              <states/>
              <verticalScrollbarShow>False</verticalScrollbarShow>
              <verticalScrollbarProgress>0</verticalScrollbarProgress>
              <horizontalScrollbarShow>False</horizontalScrollbarShow>
              <horizontalScrollbarProgress>0</horizontalScrollbarProgress>
              <links eventType="AtClick" animate="AmNone" animateAutoDelay="0" animateDuration="500">
                <link targetPageID="" linkType="ltPageLink" isApplyIncludePage="False" title="%E9%93%BE%E6%8E%A5">
                  <area shape="0" alt="" ID="{FAE1E4E7-D575-424A-9924-B0DCA6FFB5B1}" coords="(0,0,118,16)"/>
                </link>
              </links>
              <interactiveData>
                <entry title="">
                  <area shape="0" alt="" ID="{70D5231E-4464-4356-B784-04CB18C15DDB}" coords="(0,0,118,16)"/>
                  <events title=""/>
                </entry>
              </interactiveData>
              <textSet textColor="4278190080" textSize="14" lineSpacingMultiple="1" textAlign="HaCenter" textVAlign="VaMiddle" textWordWrap="True" lineSpacing="18" textStyles="[]" useDefaultTextSize="True">
                <font family="%E5%BE%AE%E8%BD%AF%E9%9B%85%E9%BB%91" displayName="%E5%BE%AE%E8%BD%AF%E9%9B%85%E9%BB%91" postScript="" weightStyle="Regular" weight="400" isBold="False" isItalic="False"/>
              </textSet>
              <selectedIndex>-1</selectedIndex>
              <selectedColor>4282501083</selectedColor>
              <textPadding>0</textPadding>
              <shapeBorderType>SbRectangle</shapeBorderType>
              <triangleType>TdZero</triangleType>
              <dashMode>SdSolid</dashMode>
              <rectangleBorderLeftVisible>True</rectangleBorderLeftVisible>
              <rectangleBorderRightVisible>True</rectangleBorderRightVisible>
              <rectangleBorderTopVisible>True</rectangleBorderTopVisible>
              <rectangleBorderBottomVisible>True</rectangleBorderBottomVisible>
              <radius>0</radius>
              <radiusIsPercent>False</radiusIsPercent>
              <thickness>1</thickness>
            </controlProperties>
          </control>
          <control controlID="DE74CB97-C929-40F4-9D70-743C63DBC130" controlTypeID="Shape" isShow="True" caption="%E5%BD%A2%E7%8A%B6" x="23" y="96" w="172" h="16" measuredW="120" measuredH="100" zOrder="5" locked="False" sizeLocked="False">
            <controlProperties>
              <basic color="4294901760" borderVisible="True" borderColor="4294901760" isAutoSize="False" status="MsEnabled" opacity="1" isCommentCom="False" canMove="True" alias="" rotation="0"/>
              <states/>
              <verticalScrollbarShow>False</verticalScrollbarShow>
              <verticalScrollbarProgress>0</verticalScrollbarProgress>
              <horizontalScrollbarShow>False</horizontalScrollbarShow>
              <horizontalScrollbarProgress>0</horizontalScrollbarProgress>
              <links eventType="AtClick" animate="AmNone" animateAutoDelay="0" animateDuration="500">
                <link targetPageID="" linkType="ltPageLink" isApplyIncludePage="False" title="%E9%93%BE%E6%8E%A5">
                  <area shape="0" alt="" ID="{FAE1E4E7-D575-424A-9924-B0DCA6FFB5B1}" coords="(0,0,172,16)"/>
                </link>
              </links>
              <interactiveData>
                <entry title="">
                  <area shape="0" alt="" ID="{70D5231E-4464-4356-B784-04CB18C15DDB}" coords="(0,0,172,16)"/>
                  <events title=""/>
                </entry>
              </interactiveData>
              <textSet textColor="4278190080" textSize="14" lineSpacingMultiple="1" textAlign="HaCenter" textVAlign="VaMiddle" textWordWrap="True" lineSpacing="18" textStyles="[]" useDefaultTextSize="True">
                <font family="%E5%BE%AE%E8%BD%AF%E9%9B%85%E9%BB%91" displayName="%E5%BE%AE%E8%BD%AF%E9%9B%85%E9%BB%91" postScript="" weightStyle="Regular" weight="400" isBold="False" isItalic="False"/>
              </textSet>
              <selectedIndex>-1</selectedIndex>
              <selectedColor>4282501083</selectedColor>
              <textPadding>0</textPadding>
              <shapeBorderType>SbRectangle</shapeBorderType>
              <triangleType>TdZero</triangleType>
              <dashMode>SdSolid</dashMode>
              <rectangleBorderLeftVisible>True</rectangleBorderLeftVisible>
              <rectangleBorderRightVisible>True</rectangleBorderRightVisible>
              <rectangleBorderTopVisible>True</rectangleBorderTopVisible>
              <rectangleBorderBottomVisible>True</rectangleBorderBottomVisible>
              <radius>0</radius>
              <radiusIsPercent>False</radiusIsPercent>
              <thickness>1</thickness>
            </controlProperties>
          </control>
          <control controlID="25D3D566-8031-403A-9222-76293EC1E2EA" controlTypeID="Shape" isShow="True" caption="%E5%BD%A2%E7%8A%B6" x="23" y="122" w="80" h="16" measuredW="120" measuredH="100" zOrder="6" locked="False" sizeLocked="False">
            <controlProperties>
              <basic color="4278255360" borderVisible="True" borderColor="4278255360" isAutoSize="False" status="MsEnabled" opacity="1" isCommentCom="False" canMove="True" alias="" rotation="0"/>
              <states/>
              <verticalScrollbarShow>False</verticalScrollbarShow>
              <verticalScrollbarProgress>0</verticalScrollbarProgress>
              <horizontalScrollbarShow>False</horizontalScrollbarShow>
              <horizontalScrollbarProgress>0</horizontalScrollbarProgress>
              <links eventType="AtClick" animate="AmNone" animateAutoDelay="0" animateDuration="500">
                <link targetPageID="" linkType="ltPageLink" isApplyIncludePage="False" title="%E9%93%BE%E6%8E%A5">
                  <area shape="0" alt="" ID="{FAE1E4E7-D575-424A-9924-B0DCA6FFB5B1}" coords="(0,0,80,16)"/>
                </link>
              </links>
              <interactiveData>
                <entry title="">
                  <area shape="0" alt="" ID="{70D5231E-4464-4356-B784-04CB18C15DDB}" coords="(0,0,80,16)"/>
                  <events title=""/>
                </entry>
              </interactiveData>
              <textSet textColor="4278190080" textSize="14" lineSpacingMultiple="1" textAlign="HaCenter" textVAlign="VaMiddle" textWordWrap="True" lineSpacing="18" textStyles="[]" useDefaultTextSize="True">
                <font family="%E5%BE%AE%E8%BD%AF%E9%9B%85%E9%BB%91" displayName="%E5%BE%AE%E8%BD%AF%E9%9B%85%E9%BB%91" postScript="" weightStyle="Regular" weight="400" isBold="False" isItalic="False"/>
              </textSet>
              <selectedIndex>-1</selectedIndex>
              <selectedColor>4282501083</selectedColor>
              <textPadding>0</textPadding>
              <shapeBorderType>SbRectangle</shapeBorderType>
              <triangleType>TdZero</triangleType>
              <dashMode>SdSolid</dashMode>
              <rectangleBorderLeftVisible>True</rectangleBorderLeftVisible>
              <rectangleBorderRightVisible>True</rectangleBorderRightVisible>
              <rectangleBorderTopVisible>True</rectangleBorderTopVisible>
              <rectangleBorderBottomVisible>True</rectangleBorderBottomVisible>
              <radius>0</radius>
              <radiusIsPercent>False</radiusIsPercent>
              <thickness>1</thickness>
            </controlProperties>
          </control>
          <control controlID="B4D184E5-6423-434F-BAC3-9BE8E2623187" controlTypeID="Shape" isShow="True" caption="%E5%BD%A2%E7%8A%B6" x="23" y="138" w="144" h="16" measuredW="120" measuredH="100" zOrder="7" locked="False" sizeLocked="False">
            <controlProperties>
              <basic color="4294901760" borderVisible="True" borderColor="4294901760" isAutoSize="False" status="MsEnabled" opacity="1" isCommentCom="False" canMove="True" alias="" rotation="0"/>
              <states/>
              <verticalScrollbarShow>False</verticalScrollbarShow>
              <verticalScrollbarProgress>0</verticalScrollbarProgress>
              <horizontalScrollbarShow>False</horizontalScrollbarShow>
              <horizontalScrollbarProgress>0</horizontalScrollbarProgress>
              <links eventType="AtClick" animate="AmNone" animateAutoDelay="0" animateDuration="500">
                <link targetPageID="" linkType="ltPageLink" isApplyIncludePage="False" title="%E9%93%BE%E6%8E%A5">
                  <area shape="0" alt="" ID="{FAE1E4E7-D575-424A-9924-B0DCA6FFB5B1}" coords="(0,0,144,16)"/>
                </link>
              </links>
              <interactiveData>
                <entry title="">
                  <area shape="0" alt="" ID="{70D5231E-4464-4356-B784-04CB18C15DDB}" coords="(0,0,144,16)"/>
                  <events title=""/>
                </entry>
              </interactiveData>
              <textSet textColor="4278190080" textSize="14" lineSpacingMultiple="1" textAlign="HaCenter" textVAlign="VaMiddle" textWordWrap="True" lineSpacing="18" textStyles="[]" useDefaultTextSize="True">
                <font family="%E5%BE%AE%E8%BD%AF%E9%9B%85%E9%BB%91" displayName="%E5%BE%AE%E8%BD%AF%E9%9B%85%E9%BB%91" postScript="" weightStyle="Regular" weight="400" isBold="False" isItalic="False"/>
              </textSet>
              <selectedIndex>-1</selectedIndex>
              <selectedColor>4282501083</selectedColor>
              <textPadding>0</textPadding>
              <shapeBorderType>SbRectangle</shapeBorderType>
              <triangleType>TdZero</triangleType>
              <dashMode>SdSolid</dashMode>
              <rectangleBorderLeftVisible>True</rectangleBorderLeftVisible>
              <rectangleBorderRightVisible>True</rectangleBorderRightVisible>
              <rectangleBorderTopVisible>True</rectangleBorderTopVisible>
              <rectangleBorderBottomVisible>True</rectangleBorderBottomVisible>
              <radius>0</radius>
              <radiusIsPercent>False</radiusIsPercent>
              <thickness>1</thickness>
            </controlProperties>
          </control>
          <control controlID="88D400B7-6238-4AB5-BEBA-4991F3C869C4" controlTypeID="Shape" isShow="True" caption="%E5%BD%A2%E7%8A%B6" x="23" y="164" w="162" h="16" measuredW="120" measuredH="100" zOrder="8" locked="False" sizeLocked="False">
            <controlProperties>
              <basic color="4278255360" borderVisible="True" borderColor="4278255360" isAutoSize="False" status="MsEnabled" opacity="1" isCommentCom="False" canMove="True" alias="" rotation="0"/>
              <states/>
              <verticalScrollbarShow>False</verticalScrollbarShow>
              <verticalScrollbarProgress>0</verticalScrollbarProgress>
              <horizontalScrollbarShow>False</horizontalScrollbarShow>
              <horizontalScrollbarProgress>0</horizontalScrollbarProgress>
              <links eventType="AtClick" animate="AmNone" animateAutoDelay="0" animateDuration="500">
                <link targetPageID="" linkType="ltPageLink" isApplyIncludePage="False" title="%E9%93%BE%E6%8E%A5">
                  <area shape="0" alt="" ID="{FAE1E4E7-D575-424A-9924-B0DCA6FFB5B1}" coords="(0,0,162,16)"/>
                </link>
              </links>
              <interactiveData>
                <entry title="">
                  <area shape="0" alt="" ID="{70D5231E-4464-4356-B784-04CB18C15DDB}" coords="(0,0,162,16)"/>
                  <events title=""/>
                </entry>
              </interactiveData>
              <textSet textColor="4278190080" textSize="14" lineSpacingMultiple="1" textAlign="HaCenter" textVAlign="VaMiddle" textWordWrap="True" lineSpacing="18" textStyles="[]" useDefaultTextSize="True">
                <font family="%E5%BE%AE%E8%BD%AF%E9%9B%85%E9%BB%91" displayName="%E5%BE%AE%E8%BD%AF%E9%9B%85%E9%BB%91" postScript="" weightStyle="Regular" weight="400" isBold="False" isItalic="False"/>
              </textSet>
              <selectedIndex>-1</selectedIndex>
              <selectedColor>4282501083</selectedColor>
              <textPadding>0</textPadding>
              <shapeBorderType>SbRectangle</shapeBorderType>
              <triangleType>TdZero</triangleType>
              <dashMode>SdSolid</dashMode>
              <rectangleBorderLeftVisible>True</rectangleBorderLeftVisible>
              <rectangleBorderRightVisible>True</rectangleBorderRightVisible>
              <rectangleBorderTopVisible>True</rectangleBorderTopVisible>
              <rectangleBorderBottomVisible>True</rectangleBorderBottomVisible>
              <radius>0</radius>
              <radiusIsPercent>False</radiusIsPercent>
              <thickness>1</thickness>
            </controlProperties>
          </control>
          <control controlID="6913BAD5-D386-4D16-AB59-731C471FA578" controlTypeID="Shape" isShow="True" caption="%E5%BD%A2%E7%8A%B6" x="23" y="180" w="199" h="16" measuredW="120" measuredH="100" zOrder="9" locked="False" sizeLocked="False">
            <controlProperties>
              <basic color="4294901760" borderVisible="True" borderColor="4294901760" isAutoSize="False" status="MsEnabled" opacity="1" isCommentCom="False" canMove="True" alias="" rotation="0"/>
              <states/>
              <verticalScrollbarShow>False</verticalScrollbarShow>
              <verticalScrollbarProgress>0</verticalScrollbarProgress>
              <horizontalScrollbarShow>False</horizontalScrollbarShow>
              <horizontalScrollbarProgress>0</horizontalScrollbarProgress>
              <links eventType="AtClick" animate="AmNone" animateAutoDelay="0" animateDuration="500">
                <link targetPageID="" linkType="ltPageLink" isApplyIncludePage="False" title="%E9%93%BE%E6%8E%A5">
                  <area shape="0" alt="" ID="{FAE1E4E7-D575-424A-9924-B0DCA6FFB5B1}" coords="(0,0,199,16)"/>
                </link>
              </links>
              <interactiveData>
                <entry title="">
                  <area shape="0" alt="" ID="{70D5231E-4464-4356-B784-04CB18C15DDB}" coords="(0,0,199,16)"/>
                  <events title=""/>
                </entry>
              </interactiveData>
              <textSet textColor="4278190080" textSize="14" lineSpacingMultiple="1" textAlign="HaCenter" textVAlign="VaMiddle" textWordWrap="True" lineSpacing="18" textStyles="[]" useDefaultTextSize="True">
                <font family="%E5%BE%AE%E8%BD%AF%E9%9B%85%E9%BB%91" displayName="%E5%BE%AE%E8%BD%AF%E9%9B%85%E9%BB%91" postScript="" weightStyle="Regular" weight="400" isBold="False" isItalic="False"/>
              </textSet>
              <selectedIndex>-1</selectedIndex>
              <selectedColor>4282501083</selectedColor>
              <textPadding>0</textPadding>
              <shapeBorderType>SbRectangle</shapeBorderType>
              <triangleType>TdZero</triangleType>
              <dashMode>SdSolid</dashMode>
              <rectangleBorderLeftVisible>True</rectangleBorderLeftVisible>
              <rectangleBorderRightVisible>True</rectangleBorderRightVisible>
              <rectangleBorderTopVisible>True</rectangleBorderTopVisible>
              <rectangleBorderBottomVisible>True</rectangleBorderBottomVisible>
              <radius>0</radius>
              <radiusIsPercent>False</radiusIsPercent>
              <thickness>1</thickness>
            </controlProperties>
          </control>
          <control controlID="EFD2EC02-CC02-44F9-8E3C-A83DBA76BD1D" controlTypeID="Label" isShow="True" caption="%E5%8D%95%E8%A1%8C%E6%96%87%E5%AD%97" x="0" y="43" w="21" h="16" measuredW="0" measuredH="0" zOrder="10" locked="False" sizeLocked="False">
            <controlProperties>
              <basic color="0" borderVisible="True" borderColor="4284900966" isAutoSize="True" status="MsEnabled" opacity="1" isCommentCom="False" canMove="True" alias="" rotation="0"/>
              <states/>
              <verticalScrollbarShow>False</verticalScrollbarShow>
              <verticalScrollbarProgress>0</verticalScrollbarProgress>
              <horizontalScrollbarShow>False</horizontalScrollbarShow>
              <horizontalScrollbarProgress>0</horizontalScrollbarProgress>
              <links eventType="AtClick" animate="AmNone" animateAutoDelay="0" animateDuration="500">
                <link targetPageID="" linkType="ltPageLink" isApplyIncludePage="False" title="%E9%93%BE%E6%8E%A5">
                  <area shape="0" alt="" ID="{C1A57B71-1328-41FE-90A8-E26A73487A36}" coords="(0,0,21,16)"/>
                </link>
              </links>
              <interactiveData>
                <entry title="">
                  <area shape="0" alt="" ID="{51BA619B-C5CD-4FE4-81A0-689FEFB76473}" coords="(0,0,21,16)"/>
                  <events title=""/>
                </entry>
              </interactiveData>
              <textSet textColor="4278190080" textSize="12" lineSpacingMultiple="1" textAlign="HaLeft" textVAlign="VaTop" textWordWrap="True" lineSpacing="16" textStyles="[]" useDefaultTextSize="False">
                <font family="%E5%BE%AE%E8%BD%AF%E9%9B%85%E9%BB%91" displayName="%E5%BE%AE%E8%BD%AF%E9%9B%85%E9%BB%91" postScript="" weightStyle="Regular" weight="400" isBold="False" isItalic="False"/>
                <text>7.7</text>
              </textSet>
              <selectedIndex>-1</selectedIndex>
              <selectedColor>4282501083</selectedColor>
              <textPadding>0</textPadding>
            </controlProperties>
          </control>
          <control controlID="A14001F0-C02C-4A11-BC97-F7C1895C35DD" controlTypeID="Label" isShow="True" caption="%E5%8D%95%E8%A1%8C%E6%96%87%E5%AD%97" x="1" y="85" w="21" h="16" measuredW="0" measuredH="0" zOrder="11" locked="False" sizeLocked="False">
            <controlProperties>
              <basic color="0" borderVisible="True" borderColor="4284900966" isAutoSize="True" status="MsEnabled" opacity="1" isCommentCom="False" canMove="True" alias="" rotation="0"/>
              <states/>
              <verticalScrollbarShow>False</verticalScrollbarShow>
              <verticalScrollbarProgress>0</verticalScrollbarProgress>
              <horizontalScrollbarShow>False</horizontalScrollbarShow>
              <horizontalScrollbarProgress>0</horizontalScrollbarProgress>
              <links eventType="AtClick" animate="AmNone" animateAutoDelay="0" animateDuration="500">
                <link targetPageID="" linkType="ltPageLink" isApplyIncludePage="False" title="%E9%93%BE%E6%8E%A5">
                  <area shape="0" alt="" ID="{C1A57B71-1328-41FE-90A8-E26A73487A36}" coords="(0,0,21,16)"/>
                </link>
              </links>
              <interactiveData>
                <entry title="">
                  <area shape="0" alt="" ID="{51BA619B-C5CD-4FE4-81A0-689FEFB76473}" coords="(0,0,21,16)"/>
                  <events title=""/>
                </entry>
              </interactiveData>
              <textSet textColor="4278190080" textSize="12" lineSpacingMultiple="1" textAlign="HaLeft" textVAlign="VaTop" textWordWrap="True" lineSpacing="16" textStyles="[]" useDefaultTextSize="False">
                <font family="%E5%BE%AE%E8%BD%AF%E9%9B%85%E9%BB%91" displayName="%E5%BE%AE%E8%BD%AF%E9%9B%85%E9%BB%91" postScript="" weightStyle="Regular" weight="400" isBold="False" isItalic="False"/>
                <text>7.6</text>
              </textSet>
              <selectedIndex>-1</selectedIndex>
              <selectedColor>4282501083</selectedColor>
              <textPadding>0</textPadding>
            </controlProperties>
          </control>
          <control controlID="8DF764D1-ECE3-4441-AEF6-FA7EDAB59A88" controlTypeID="Label" isShow="True" caption="%E5%8D%95%E8%A1%8C%E6%96%87%E5%AD%97" x="1" y="127" w="21" h="16" measuredW="0" measuredH="0" zOrder="12" locked="False" sizeLocked="False">
            <controlProperties>
              <basic color="0" borderVisible="True" borderColor="4284900966" isAutoSize="True" status="MsEnabled" opacity="1" isCommentCom="False" canMove="True" alias="" rotation="0"/>
              <states/>
              <verticalScrollbarShow>False</verticalScrollbarShow>
              <verticalScrollbarProgress>0</verticalScrollbarProgress>
              <horizontalScrollbarShow>False</horizontalScrollbarShow>
              <horizontalScrollbarProgress>0</horizontalScrollbarProgress>
              <links eventType="AtClick" animate="AmNone" animateAutoDelay="0" animateDuration="500">
                <link targetPageID="" linkType="ltPageLink" isApplyIncludePage="False" title="%E9%93%BE%E6%8E%A5">
                  <area shape="0" alt="" ID="{C1A57B71-1328-41FE-90A8-E26A73487A36}" coords="(0,0,21,16)"/>
                </link>
              </links>
              <interactiveData>
                <entry title="">
                  <area shape="0" alt="" ID="{51BA619B-C5CD-4FE4-81A0-689FEFB76473}" coords="(0,0,21,16)"/>
                  <events title=""/>
                </entry>
              </interactiveData>
              <textSet textColor="4278190080" textSize="12" lineSpacingMultiple="1" textAlign="HaLeft" textVAlign="VaTop" textWordWrap="True" lineSpacing="16" textStyles="[]" useDefaultTextSize="False">
                <font family="%E5%BE%AE%E8%BD%AF%E9%9B%85%E9%BB%91" displayName="%E5%BE%AE%E8%BD%AF%E9%9B%85%E9%BB%91" postScript="" weightStyle="Regular" weight="400" isBold="False" isItalic="False"/>
                <text>7.5</text>
              </textSet>
              <selectedIndex>-1</selectedIndex>
              <selectedColor>4282501083</selectedColor>
              <textPadding>0</textPadding>
            </controlProperties>
          </control>
          <control controlID="2AB86C73-7F51-48DF-A2F4-2DFA129170EE" controlTypeID="Label" isShow="True" caption="%E5%8D%95%E8%A1%8C%E6%96%87%E5%AD%97" x="1" y="169" w="21" h="16" measuredW="0" measuredH="0" zOrder="13" locked="False" sizeLocked="False">
            <controlProperties>
              <basic color="0" borderVisible="True" borderColor="4284900966" isAutoSize="True" status="MsEnabled" opacity="1" isCommentCom="False" canMove="True" alias="" rotation="0"/>
              <states/>
              <verticalScrollbarShow>False</verticalScrollbarShow>
              <verticalScrollbarProgress>0</verticalScrollbarProgress>
              <horizontalScrollbarShow>False</horizontalScrollbarShow>
              <horizontalScrollbarProgress>0</horizontalScrollbarProgress>
              <links eventType="AtClick" animate="AmNone" animateAutoDelay="0" animateDuration="500">
                <link targetPageID="" linkType="ltPageLink" isApplyIncludePage="False" title="%E9%93%BE%E6%8E%A5">
                  <area shape="0" alt="" ID="{C1A57B71-1328-41FE-90A8-E26A73487A36}" coords="(0,0,21,16)"/>
                </link>
              </links>
              <interactiveData>
                <entry title="">
                  <area shape="0" alt="" ID="{51BA619B-C5CD-4FE4-81A0-689FEFB76473}" coords="(0,0,21,16)"/>
                  <events title=""/>
                </entry>
              </interactiveData>
              <textSet textColor="4278190080" textSize="12" lineSpacingMultiple="1" textAlign="HaLeft" textVAlign="VaTop" textWordWrap="True" lineSpacing="16" textStyles="[]" useDefaultTextSize="False">
                <font family="%E5%BE%AE%E8%BD%AF%E9%9B%85%E9%BB%91" displayName="%E5%BE%AE%E8%BD%AF%E9%9B%85%E9%BB%91" postScript="" weightStyle="Regular" weight="400" isBold="False" isItalic="False"/>
                <text>7.4</text>
              </textSet>
              <selectedIndex>-1</selectedIndex>
              <selectedColor>4282501083</selectedColor>
              <textPadding>0</textPadding>
            </controlProperties>
          </control>
          <control controlID="7D790B68-13AA-4E86-9803-30473B8351D9" controlTypeID="Shape" isShow="True" caption="%E5%BD%A2%E7%8A%B6" x="23" y="206" w="162" h="16" measuredW="120" measuredH="100" zOrder="14" locked="False" sizeLocked="False">
            <controlProperties>
              <basic color="4278255360" borderVisible="True" borderColor="4278255360" isAutoSize="False" status="MsEnabled" opacity="1" isCommentCom="False" canMove="True" alias="" rotation="0"/>
              <states/>
              <verticalScrollbarShow>False</verticalScrollbarShow>
              <verticalScrollbarProgress>0</verticalScrollbarProgress>
              <horizontalScrollbarShow>False</horizontalScrollbarShow>
              <horizontalScrollbarProgress>0</horizontalScrollbarProgress>
              <links eventType="AtClick" animate="AmNone" animateAutoDelay="0" animateDuration="500">
                <link targetPageID="" linkType="ltPageLink" isApplyIncludePage="False" title="%E9%93%BE%E6%8E%A5">
                  <area shape="0" alt="" ID="{FAE1E4E7-D575-424A-9924-B0DCA6FFB5B1}" coords="(0,0,162,16)"/>
                </link>
              </links>
              <interactiveData>
                <entry title="">
                  <area shape="0" alt="" ID="{70D5231E-4464-4356-B784-04CB18C15DDB}" coords="(0,0,162,16)"/>
                  <events title=""/>
                </entry>
              </interactiveData>
              <textSet textColor="4278190080" textSize="14" lineSpacingMultiple="1" textAlign="HaCenter" textVAlign="VaMiddle" textWordWrap="True" lineSpacing="18" textStyles="[]" useDefaultTextSize="True">
                <font family="%E5%BE%AE%E8%BD%AF%E9%9B%85%E9%BB%91" displayName="%E5%BE%AE%E8%BD%AF%E9%9B%85%E9%BB%91" postScript="" weightStyle="Regular" weight="400" isBold="False" isItalic="False"/>
              </textSet>
              <selectedIndex>-1</selectedIndex>
              <selectedColor>4282501083</selectedColor>
              <textPadding>0</textPadding>
              <shapeBorderType>SbRectangle</shapeBorderType>
              <triangleType>TdZero</triangleType>
              <dashMode>SdSolid</dashMode>
              <rectangleBorderLeftVisible>True</rectangleBorderLeftVisible>
              <rectangleBorderRightVisible>True</rectangleBorderRightVisible>
              <rectangleBorderTopVisible>True</rectangleBorderTopVisible>
              <rectangleBorderBottomVisible>True</rectangleBorderBottomVisible>
              <radius>0</radius>
              <radiusIsPercent>False</radiusIsPercent>
              <thickness>1</thickness>
            </controlProperties>
          </control>
          <control controlID="6311D9B8-865C-40AC-9302-F70881BAA4CE" controlTypeID="Shape" isShow="True" caption="%E5%BD%A2%E7%8A%B6" x="23" y="222" w="199" h="16" measuredW="120" measuredH="100" zOrder="15" locked="False" sizeLocked="False">
            <controlProperties>
              <basic color="4294901760" borderVisible="True" borderColor="4294901760" isAutoSize="False" status="MsEnabled" opacity="1" isCommentCom="False" canMove="True" alias="" rotation="0"/>
              <states/>
              <verticalScrollbarShow>False</verticalScrollbarShow>
              <verticalScrollbarProgress>0</verticalScrollbarProgress>
              <horizontalScrollbarShow>False</horizontalScrollbarShow>
              <horizontalScrollbarProgress>0</horizontalScrollbarProgress>
              <links eventType="AtClick" animate="AmNone" animateAutoDelay="0" animateDuration="500">
                <link targetPageID="" linkType="ltPageLink" isApplyIncludePage="False" title="%E9%93%BE%E6%8E%A5">
                  <area shape="0" alt="" ID="{FAE1E4E7-D575-424A-9924-B0DCA6FFB5B1}" coords="(0,0,199,16)"/>
                </link>
              </links>
              <interactiveData>
                <entry title="">
                  <area shape="0" alt="" ID="{70D5231E-4464-4356-B784-04CB18C15DDB}" coords="(0,0,199,16)"/>
                  <events title=""/>
                </entry>
              </interactiveData>
              <textSet textColor="4278190080" textSize="14" lineSpacingMultiple="1" textAlign="HaCenter" textVAlign="VaMiddle" textWordWrap="True" lineSpacing="18" textStyles="[]" useDefaultTextSize="True">
                <font family="%E5%BE%AE%E8%BD%AF%E9%9B%85%E9%BB%91" displayName="%E5%BE%AE%E8%BD%AF%E9%9B%85%E9%BB%91" postScript="" weightStyle="Regular" weight="400" isBold="False" isItalic="False"/>
              </textSet>
              <selectedIndex>-1</selectedIndex>
              <selectedColor>4282501083</selectedColor>
              <textPadding>0</textPadding>
              <shapeBorderType>SbRectangle</shapeBorderType>
              <triangleType>TdZero</triangleType>
              <dashMode>SdSolid</dashMode>
              <rectangleBorderLeftVisible>True</rectangleBorderLeftVisible>
              <rectangleBorderRightVisible>True</rectangleBorderRightVisible>
              <rectangleBorderTopVisible>True</rectangleBorderTopVisible>
              <rectangleBorderBottomVisible>True</rectangleBorderBottomVisible>
              <radius>0</radius>
              <radiusIsPercent>False</radiusIsPercent>
              <thickness>1</thickness>
            </controlProperties>
          </control>
          <control controlID="9E653A39-3501-4E4D-9E61-561FAACD1061" controlTypeID="Label" isShow="True" caption="%E5%8D%95%E8%A1%8C%E6%96%87%E5%AD%97" x="2" y="212" w="21" h="16" measuredW="0" measuredH="0" zOrder="16" locked="False" sizeLocked="False">
            <controlProperties>
              <basic color="0" borderVisible="True" borderColor="4284900966" isAutoSize="True" status="MsEnabled" opacity="1" isCommentCom="False" canMove="True" alias="" rotation="0"/>
              <states/>
              <verticalScrollbarShow>False</verticalScrollbarShow>
              <verticalScrollbarProgress>0</verticalScrollbarProgress>
              <horizontalScrollbarShow>False</horizontalScrollbarShow>
              <horizontalScrollbarProgress>0</horizontalScrollbarProgress>
              <links eventType="AtClick" animate="AmNone" animateAutoDelay="0" animateDuration="500">
                <link targetPageID="" linkType="ltPageLink" isApplyIncludePage="False" title="%E9%93%BE%E6%8E%A5">
                  <area shape="0" alt="" ID="{C1A57B71-1328-41FE-90A8-E26A73487A36}" coords="(0,0,21,16)"/>
                </link>
              </links>
              <interactiveData>
                <entry title="">
                  <area shape="0" alt="" ID="{51BA619B-C5CD-4FE4-81A0-689FEFB76473}" coords="(0,0,21,16)"/>
                  <events title=""/>
                </entry>
              </interactiveData>
              <textSet textColor="4278190080" textSize="12" lineSpacingMultiple="1" textAlign="HaLeft" textVAlign="VaTop" textWordWrap="True" lineSpacing="16" textStyles="[]" useDefaultTextSize="False">
                <font family="%E5%BE%AE%E8%BD%AF%E9%9B%85%E9%BB%91" displayName="%E5%BE%AE%E8%BD%AF%E9%9B%85%E9%BB%91" postScript="" weightStyle="Regular" weight="400" isBold="False" isItalic="False"/>
                <text>7.3</text>
              </textSet>
              <selectedIndex>-1</selectedIndex>
              <selectedColor>4282501083</selectedColor>
              <textPadding>0</textPadding>
            </controlProperties>
          </control>
          <control controlID="940DF02C-457A-40A1-BDD3-6DAFAB37E03A" controlTypeID="Label" isShow="True" caption="%E5%8D%95%E8%A1%8C%E6%96%87%E5%AD%97" x="23" y="248" w="11" h="16" measuredW="0" measuredH="0" zOrder="17" locked="False" sizeLocked="False">
            <controlProperties>
              <basic color="0" borderVisible="True" borderColor="4284900966" isAutoSize="True" status="MsEnabled" opacity="1" isCommentCom="False" canMove="True" alias="" rotation="0"/>
              <states/>
              <verticalScrollbarShow>False</verticalScrollbarShow>
              <verticalScrollbarProgress>0</verticalScrollbarProgress>
              <horizontalScrollbarShow>False</horizontalScrollbarShow>
              <horizontalScrollbarProgress>0</horizontalScrollbarProgress>
              <links eventType="AtClick" animate="AmNone" animateAutoDelay="0" animateDuration="500">
                <link targetPageID="" linkType="ltPageLink" isApplyIncludePage="False" title="%E9%93%BE%E6%8E%A5">
                  <area shape="0" alt="" ID="{C1A57B71-1328-41FE-90A8-E26A73487A36}" coords="(0,0,11,16)"/>
                </link>
              </links>
              <interactiveData>
                <entry title="">
                  <area shape="0" alt="" ID="{51BA619B-C5CD-4FE4-81A0-689FEFB76473}" coords="(0,0,11,16)"/>
                  <events title=""/>
                </entry>
              </interactiveData>
              <textSet textColor="4278190080" textSize="12" lineSpacingMultiple="1" textAlign="HaLeft" textVAlign="VaTop" textWordWrap="True" lineSpacing="16" textStyles="[]" useDefaultTextSize="False">
                <font family="%E5%BE%AE%E8%BD%AF%E9%9B%85%E9%BB%91" displayName="%E5%BE%AE%E8%BD%AF%E9%9B%85%E9%BB%91" postScript="" weightStyle="Regular" weight="400" isBold="False" isItalic="False"/>
                <text>0</text>
              </textSet>
              <selectedIndex>-1</selectedIndex>
              <selectedColor>4282501083</selectedColor>
              <textPadding>0</textPadding>
            </controlProperties>
          </control>
          <control controlID="7631CFD8-97DD-48A5-9DB4-B107FD9D087B" controlTypeID="Label" isShow="True" caption="%E5%8D%95%E8%A1%8C%E6%96%87%E5%AD%97" x="56" y="248" w="18" h="16" measuredW="0" measuredH="0" zOrder="18" locked="False" sizeLocked="False">
            <controlProperties>
              <basic color="0" borderVisible="True" borderColor="4284900966" isAutoSize="True" status="MsEnabled" opacity="1" isCommentCom="False" canMove="True" alias="" rotation="0"/>
              <states/>
              <verticalScrollbarShow>False</verticalScrollbarShow>
              <verticalScrollbarProgress>0</verticalScrollbarProgress>
              <horizontalScrollbarShow>False</horizontalScrollbarShow>
              <horizontalScrollbarProgress>0</horizontalScrollbarProgress>
              <links eventType="AtClick" animate="AmNone" animateAutoDelay="0" animateDuration="500">
                <link targetPageID="" linkType="ltPageLink" isApplyIncludePage="False" title="%E9%93%BE%E6%8E%A5">
                  <area shape="0" alt="" ID="{C1A57B71-1328-41FE-90A8-E26A73487A36}" coords="(0,0,18,16)"/>
                </link>
              </links>
              <interactiveData>
                <entry title="">
                  <area shape="0" alt="" ID="{51BA619B-C5CD-4FE4-81A0-689FEFB76473}" coords="(0,0,18,16)"/>
                  <events title=""/>
                </entry>
              </interactiveData>
              <textSet textColor="4278190080" textSize="12" lineSpacingMultiple="1" textAlign="HaLeft" textVAlign="VaTop" textWordWrap="True" lineSpacing="16" textStyles="[]" useDefaultTextSize="False">
                <font family="%E5%BE%AE%E8%BD%AF%E9%9B%85%E9%BB%91" displayName="%E5%BE%AE%E8%BD%AF%E9%9B%85%E9%BB%91" postScript="" weightStyle="Regular" weight="400" isBold="False" isItalic="False"/>
                <text>50</text>
              </textSet>
              <selectedIndex>-1</selectedIndex>
              <selectedColor>4282501083</selectedColor>
              <textPadding>0</textPadding>
            </controlProperties>
          </control>
          <control controlID="604CBB29-48F9-4526-829F-3B21799A7250" controlTypeID="Label" isShow="True" caption="%E5%8D%95%E8%A1%8C%E6%96%87%E5%AD%97" x="95" y="248" w="25" h="16" measuredW="0" measuredH="0" zOrder="19" locked="False" sizeLocked="False">
            <controlProperties>
              <basic color="0" borderVisible="True" borderColor="4284900966" isAutoSize="True" status="MsEnabled" opacity="1" isCommentCom="False" canMove="True" alias="" rotation="0"/>
              <states/>
              <verticalScrollbarShow>False</verticalScrollbarShow>
              <verticalScrollbarProgress>0</verticalScrollbarProgress>
              <horizontalScrollbarShow>False</horizontalScrollbarShow>
              <horizontalScrollbarProgress>0</horizontalScrollbarProgress>
              <links eventType="AtClick" animate="AmNone" animateAutoDelay="0" animateDuration="500">
                <link targetPageID="" linkType="ltPageLink" isApplyIncludePage="False" title="%E9%93%BE%E6%8E%A5">
                  <area shape="0" alt="" ID="{C1A57B71-1328-41FE-90A8-E26A73487A36}" coords="(0,0,25,16)"/>
                </link>
              </links>
              <interactiveData>
                <entry title="">
                  <area shape="0" alt="" ID="{51BA619B-C5CD-4FE4-81A0-689FEFB76473}" coords="(0,0,25,16)"/>
                  <events title=""/>
                </entry>
              </interactiveData>
              <textSet textColor="4278190080" textSize="12" lineSpacingMultiple="1" textAlign="HaLeft" textVAlign="VaTop" textWordWrap="True" lineSpacing="16" textStyles="[]" useDefaultTextSize="False">
                <font family="%E5%BE%AE%E8%BD%AF%E9%9B%85%E9%BB%91" displayName="%E5%BE%AE%E8%BD%AF%E9%9B%85%E9%BB%91" postScript="" weightStyle="Regular" weight="400" isBold="False" isItalic="False"/>
                <text>100</text>
              </textSet>
              <selectedIndex>-1</selectedIndex>
              <selectedColor>4282501083</selectedColor>
              <textPadding>0</textPadding>
            </controlProperties>
          </control>
          <control controlID="99A2A891-16AA-4205-9A59-CDD3D0BA4CBB" controlTypeID="Label" isShow="True" caption="%E5%8D%95%E8%A1%8C%E6%96%87%E5%AD%97" x="141" y="248" w="25" h="16" measuredW="0" measuredH="0" zOrder="20" locked="False" sizeLocked="False">
            <controlProperties>
              <basic color="0" borderVisible="True" borderColor="4284900966" isAutoSize="True" status="MsEnabled" opacity="1" isCommentCom="False" canMove="True" alias="" rotation="0"/>
              <states/>
              <verticalScrollbarShow>False</verticalScrollbarShow>
              <verticalScrollbarProgress>0</verticalScrollbarProgress>
              <horizontalScrollbarShow>False</horizontalScrollbarShow>
              <horizontalScrollbarProgress>0</horizontalScrollbarProgress>
              <links eventType="AtClick" animate="AmNone" animateAutoDelay="0" animateDuration="500">
                <link targetPageID="" linkType="ltPageLink" isApplyIncludePage="False" title="%E9%93%BE%E6%8E%A5">
                  <area shape="0" alt="" ID="{C1A57B71-1328-41FE-90A8-E26A73487A36}" coords="(0,0,25,16)"/>
                </link>
              </links>
              <interactiveData>
                <entry title="">
                  <area shape="0" alt="" ID="{51BA619B-C5CD-4FE4-81A0-689FEFB76473}" coords="(0,0,25,16)"/>
                  <events title=""/>
                </entry>
              </interactiveData>
              <textSet textColor="4278190080" textSize="12" lineSpacingMultiple="1" textAlign="HaLeft" textVAlign="VaTop" textWordWrap="True" lineSpacing="16" textStyles="[]" useDefaultTextSize="False">
                <font family="%E5%BE%AE%E8%BD%AF%E9%9B%85%E9%BB%91" displayName="%E5%BE%AE%E8%BD%AF%E9%9B%85%E9%BB%91" postScript="" weightStyle="Regular" weight="400" isBold="False" isItalic="False"/>
                <text>150</text>
              </textSet>
              <selectedIndex>-1</selectedIndex>
              <selectedColor>4282501083</selectedColor>
              <textPadding>0</textPadding>
            </controlProperties>
          </control>
          <control controlID="590C8333-E56D-4DBD-A5D1-D9B89D1D0562" controlTypeID="Label" isShow="True" caption="%E5%8D%95%E8%A1%8C%E6%96%87%E5%AD%97" x="185" y="248" w="25" h="16" measuredW="0" measuredH="0" zOrder="21" locked="False" sizeLocked="False">
            <controlProperties>
              <basic color="0" borderVisible="True" borderColor="4284900966" isAutoSize="True" status="MsEnabled" opacity="1" isCommentCom="False" canMove="True" alias="" rotation="0"/>
              <states/>
              <verticalScrollbarShow>False</verticalScrollbarShow>
              <verticalScrollbarProgress>0</verticalScrollbarProgress>
              <horizontalScrollbarShow>False</horizontalScrollbarShow>
              <horizontalScrollbarProgress>0</horizontalScrollbarProgress>
              <links eventType="AtClick" animate="AmNone" animateAutoDelay="0" animateDuration="500">
                <link targetPageID="" linkType="ltPageLink" isApplyIncludePage="False" title="%E9%93%BE%E6%8E%A5">
                  <area shape="0" alt="" ID="{C1A57B71-1328-41FE-90A8-E26A73487A36}" coords="(0,0,25,16)"/>
                </link>
              </links>
              <interactiveData>
                <entry title="">
                  <area shape="0" alt="" ID="{51BA619B-C5CD-4FE4-81A0-689FEFB76473}" coords="(0,0,25,16)"/>
                  <events title=""/>
                </entry>
              </interactiveData>
              <textSet textColor="4278190080" textSize="12" lineSpacingMultiple="1" textAlign="HaLeft" textVAlign="VaTop" textWordWrap="True" lineSpacing="16" textStyles="[]" useDefaultTextSize="False">
                <font family="%E5%BE%AE%E8%BD%AF%E9%9B%85%E9%BB%91" displayName="%E5%BE%AE%E8%BD%AF%E9%9B%85%E9%BB%91" postScript="" weightStyle="Regular" weight="400" isBold="False" isItalic="False"/>
                <text>200</text>
              </textSet>
              <selectedIndex>-1</selectedIndex>
              <selectedColor>4282501083</selectedColor>
              <textPadding>0</textPadding>
            </controlProperties>
          </control>
          <control controlID="FA2415E9-F08C-49AD-BC36-6712745BB244" controlTypeID="Label" isShow="True" caption="%E5%8D%95%E8%A1%8C%E6%96%87%E5%AD%97" x="228" y="248" w="25" h="16" measuredW="0" measuredH="0" zOrder="22" locked="False" sizeLocked="False">
            <controlProperties>
              <basic color="0" borderVisible="True" borderColor="4284900966" isAutoSize="True" status="MsEnabled" opacity="1" isCommentCom="False" canMove="True" alias="" rotation="0"/>
              <states/>
              <verticalScrollbarShow>False</verticalScrollbarShow>
              <verticalScrollbarProgress>0</verticalScrollbarProgress>
              <horizontalScrollbarShow>False</horizontalScrollbarShow>
              <horizontalScrollbarProgress>0</horizontalScrollbarProgress>
              <links eventType="AtClick" animate="AmNone" animateAutoDelay="0" animateDuration="500">
                <link targetPageID="" linkType="ltPageLink" isApplyIncludePage="False" title="%E9%93%BE%E6%8E%A5">
                  <area shape="0" alt="" ID="{C1A57B71-1328-41FE-90A8-E26A73487A36}" coords="(0,0,25,16)"/>
                </link>
              </links>
              <interactiveData>
                <entry title="">
                  <area shape="0" alt="" ID="{51BA619B-C5CD-4FE4-81A0-689FEFB76473}" coords="(0,0,25,16)"/>
                  <events title=""/>
                </entry>
              </interactiveData>
              <textSet textColor="4278190080" textSize="12" lineSpacingMultiple="1" textAlign="HaLeft" textVAlign="VaTop" textWordWrap="True" lineSpacing="16" textStyles="[]" useDefaultTextSize="False">
                <font family="%E5%BE%AE%E8%BD%AF%E9%9B%85%E9%BB%91" displayName="%E5%BE%AE%E8%BD%AF%E9%9B%85%E9%BB%91" postScript="" weightStyle="Regular" weight="400" isBold="False" isItalic="False"/>
                <text>250</text>
              </textSet>
              <selectedIndex>-1</selectedIndex>
              <selectedColor>4282501083</selectedColor>
              <textPadding>0</textPadding>
            </controlProperties>
          </control>
          <control controlID="46D2391B-20D6-4ACD-9283-573C839E2060" controlTypeID="Label" isShow="True" caption="%E5%8D%95%E8%A1%8C%E6%96%87%E5%AD%97" x="271" y="248" w="25" h="16" measuredW="0" measuredH="0" zOrder="23" locked="False" sizeLocked="False">
            <controlProperties>
              <basic color="0" borderVisible="True" borderColor="4284900966" isAutoSize="True" status="MsEnabled" opacity="1" isCommentCom="False" canMove="True" alias="" rotation="0"/>
              <states/>
              <verticalScrollbarShow>False</verticalScrollbarShow>
              <verticalScrollbarProgress>0</verticalScrollbarProgress>
              <horizontalScrollbarShow>False</horizontalScrollbarShow>
              <horizontalScrollbarProgress>0</horizontalScrollbarProgress>
              <links eventType="AtClick" animate="AmNone" animateAutoDelay="0" animateDuration="500">
                <link targetPageID="" linkType="ltPageLink" isApplyIncludePage="False" title="%E9%93%BE%E6%8E%A5">
                  <area shape="0" alt="" ID="{C1A57B71-1328-41FE-90A8-E26A73487A36}" coords="(0,0,25,16)"/>
                </link>
              </links>
              <interactiveData>
                <entry title="">
                  <area shape="0" alt="" ID="{51BA619B-C5CD-4FE4-81A0-689FEFB76473}" coords="(0,0,25,16)"/>
                  <events title=""/>
                </entry>
              </interactiveData>
              <textSet textColor="4278190080" textSize="12" lineSpacingMultiple="1" textAlign="HaLeft" textVAlign="VaTop" textWordWrap="True" lineSpacing="16" textStyles="[]" useDefaultTextSize="False">
                <font family="%E5%BE%AE%E8%BD%AF%E9%9B%85%E9%BB%91" displayName="%E5%BE%AE%E8%BD%AF%E9%9B%85%E9%BB%91" postScript="" weightStyle="Regular" weight="400" isBold="False" isItalic="False"/>
                <text>300</text>
              </textSet>
              <selectedIndex>-1</selectedIndex>
              <selectedColor>4282501083</selectedColor>
              <textPadding>0</textPadding>
            </controlProperties>
          </control>
          <control controlID="E42D3357-F794-413D-9CE8-583BC1145FB9" controlTypeID="Label" isShow="True" caption="%E5%8D%95%E8%A1%8C%E6%96%87%E5%AD%97" x="9" y="0" w="15" h="16" measuredW="0" measuredH="0" zOrder="24" locked="False" sizeLocked="False">
            <controlProperties>
              <basic color="0" borderVisible="True" borderColor="4284900966" isAutoSize="True" status="MsEnabled" opacity="1" isCommentCom="False" canMove="True" alias="" rotation="0"/>
              <states/>
              <verticalScrollbarShow>False</verticalScrollbarShow>
              <verticalScrollbarProgress>0</verticalScrollbarProgress>
              <horizontalScrollbarShow>False</horizontalScrollbarShow>
              <horizontalScrollbarProgress>0</horizontalScrollbarProgress>
              <links eventType="AtClick" animate="AmNone" animateAutoDelay="0" animateDuration="500">
                <link targetPageID="" linkType="ltPageLink" isApplyIncludePage="False" title="%E9%93%BE%E6%8E%A5">
                  <area shape="0" alt="" ID="{C1A57B71-1328-41FE-90A8-E26A73487A36}" coords="(0,0,15,16)"/>
                </link>
              </links>
              <interactiveData>
                <entry title="">
                  <area shape="0" alt="" ID="{51BA619B-C5CD-4FE4-81A0-689FEFB76473}" coords="(0,0,15,16)"/>
                  <events title=""/>
                </entry>
              </interactiveData>
              <textSet textColor="4278190080" textSize="12" lineSpacingMultiple="1" textAlign="HaLeft" textVAlign="VaTop" textWordWrap="True" lineSpacing="16" textStyles="[]" useDefaultTextSize="False">
                <font family="%E5%BE%AE%E8%BD%AF%E9%9B%85%E9%BB%91" displayName="%E5%BE%AE%E8%BD%AF%E9%9B%85%E9%BB%91" postScript="" weightStyle="Regular" weight="400" isBold="False" isItalic="False"/>
                <text>%E6%97%A5</text>
              </textSet>
              <selectedIndex>-1</selectedIndex>
              <selectedColor>4282501083</selectedColor>
              <textPadding>0</textPadding>
            </controlProperties>
          </control>
          <control controlID="C060961C-D4AE-44EC-8C6D-07608B65F72F" controlTypeID="Label" isShow="True" caption="%E5%8D%95%E8%A1%8C%E6%96%87%E5%AD%97" x="300" y="232" w="40" h="16" measuredW="0" measuredH="0" zOrder="25" locked="False" sizeLocked="False">
            <controlProperties>
              <basic color="0" borderVisible="True" borderColor="4284900966" isAutoSize="True" status="MsEnabled" opacity="1" isCommentCom="False" canMove="True" alias="" rotation="0"/>
              <states/>
              <verticalScrollbarShow>False</verticalScrollbarShow>
              <verticalScrollbarProgress>0</verticalScrollbarProgress>
              <horizontalScrollbarShow>False</horizontalScrollbarShow>
              <horizontalScrollbarProgress>0</horizontalScrollbarProgress>
              <links eventType="AtClick" animate="AmNone" animateAutoDelay="0" animateDuration="500">
                <link targetPageID="" linkType="ltPageLink" isApplyIncludePage="False" title="%E9%93%BE%E6%8E%A5">
                  <area shape="0" alt="" ID="{C1A57B71-1328-41FE-90A8-E26A73487A36}" coords="(0,0,40,16)"/>
                </link>
              </links>
              <interactiveData>
                <entry title="">
                  <area shape="0" alt="" ID="{51BA619B-C5CD-4FE4-81A0-689FEFB76473}" coords="(0,0,40,16)"/>
                  <events title=""/>
                </entry>
              </interactiveData>
              <textSet textColor="4278190080" textSize="12" lineSpacingMultiple="1" textAlign="HaLeft" textVAlign="VaTop" textWordWrap="True" lineSpacing="16" textStyles="[]" useDefaultTextSize="False">
                <font family="%E5%BE%AE%E8%BD%AF%E9%9B%85%E9%BB%91" displayName="%E5%BE%AE%E8%BD%AF%E9%9B%85%E9%BB%91" postScript="" weightStyle="Regular" weight="400" isBold="False" isItalic="False"/>
                <text>%E9%A1%B9%E7%9B%AE%E6%95%B0</text>
              </textSet>
              <selectedIndex>-1</selectedIndex>
              <selectedColor>4282501083</selectedColor>
              <textPadding>0</textPadding>
            </controlProperties>
          </control>
          <control controlID="0DF73526-B84F-410F-8878-123DFBCEC7A3" controlTypeID="Shape" isShow="True" caption="%E5%BD%A2%E7%8A%B6" x="34" y="283" w="14" h="13" measuredW="120" measuredH="100" zOrder="26" locked="False" sizeLocked="False">
            <controlProperties>
              <basic color="4278255360" borderVisible="True" borderColor="4278255360" isAutoSize="False" status="MsEnabled" opacity="1" isCommentCom="False" canMove="True" alias="" rotation="0"/>
              <states/>
              <verticalScrollbarShow>False</verticalScrollbarShow>
              <verticalScrollbarProgress>0</verticalScrollbarProgress>
              <horizontalScrollbarShow>False</horizontalScrollbarShow>
              <horizontalScrollbarProgress>0</horizontalScrollbarProgress>
              <links eventType="AtClick" animate="AmNone" animateAutoDelay="0" animateDuration="500">
                <link targetPageID="" linkType="ltPageLink" isApplyIncludePage="False" title="%E9%93%BE%E6%8E%A5">
                  <area shape="0" alt="" ID="{FAE1E4E7-D575-424A-9924-B0DCA6FFB5B1}" coords="(0,0,14,13)"/>
                </link>
              </links>
              <interactiveData>
                <entry title="">
                  <area shape="0" alt="" ID="{70D5231E-4464-4356-B784-04CB18C15DDB}" coords="(0,0,14,13)"/>
                  <events title=""/>
                </entry>
              </interactiveData>
              <textSet textColor="4278190080" textSize="14" lineSpacingMultiple="1" textAlign="HaCenter" textVAlign="VaMiddle" textWordWrap="True" lineSpacing="18" textStyles="[]" useDefaultTextSize="True">
                <font family="%E5%BE%AE%E8%BD%AF%E9%9B%85%E9%BB%91" displayName="%E5%BE%AE%E8%BD%AF%E9%9B%85%E9%BB%91" postScript="" weightStyle="Regular" weight="400" isBold="False" isItalic="False"/>
              </textSet>
              <selectedIndex>-1</selectedIndex>
              <selectedColor>4282501083</selectedColor>
              <textPadding>0</textPadding>
              <shapeBorderType>SbRectangle</shapeBorderType>
              <triangleType>TdZero</triangleType>
              <dashMode>SdSolid</dashMode>
              <rectangleBorderLeftVisible>True</rectangleBorderLeftVisible>
              <rectangleBorderRightVisible>True</rectangleBorderRightVisible>
              <rectangleBorderTopVisible>True</rectangleBorderTopVisible>
              <rectangleBorderBottomVisible>True</rectangleBorderBottomVisible>
              <radius>0</radius>
              <radiusIsPercent>False</radiusIsPercent>
              <thickness>1</thickness>
            </controlProperties>
          </control>
          <control controlID="5496D9C6-40F9-460B-BBDC-A7E8DF11C89B" controlTypeID="Label" isShow="True" caption="%E5%8D%95%E8%A1%8C%E6%96%87%E5%AD%97" x="59" y="279" w="61" h="19" measuredW="0" measuredH="0" zOrder="27" locked="False" sizeLocked="False">
            <controlProperties>
              <basic color="0" borderVisible="True" borderColor="4284900966" isAutoSize="True" status="MsEnabled" opacity="1" isCommentCom="False" canMove="True" alias="" rotation="0"/>
              <states/>
              <verticalScrollbarShow>False</verticalScrollbarShow>
              <verticalScrollbarProgress>0</verticalScrollbarProgress>
              <horizontalScrollbarShow>False</horizontalScrollbarShow>
              <horizontalScrollbarProgress>0</horizontalScrollbarProgress>
              <links eventType="AtClick" animate="AmNone" animateAutoDelay="0" animateDuration="500">
                <link targetPageID="" linkType="ltPageLink" isApplyIncludePage="False" title="%E9%93%BE%E6%8E%A5">
                  <area shape="0" alt="" ID="{8A9F525E-44EC-4AE9-8AC2-75C1C5D5AB4C}" coords="(0,0,61,19)"/>
                </link>
              </links>
              <interactiveData>
                <entry title="">
                  <area shape="0" alt="" ID="{33A667B7-F4AC-4B93-9422-7A30F0B34DDB}" coords="(0,0,61,19)"/>
                  <events title=""/>
                </entry>
              </interactiveData>
              <textSet textColor="4278190080" textSize="14" lineSpacingMultiple="1" textAlign="HaLeft" textVAlign="VaTop" textWordWrap="True" lineSpacing="18" textStyles="[]" useDefaultTextSize="True">
                <font family="%E5%BE%AE%E8%BD%AF%E9%9B%85%E9%BB%91" displayName="%E5%BE%AE%E8%BD%AF%E9%9B%85%E9%BB%91" postScript="" weightStyle="Regular" weight="400" isBold="False" isItalic="False"/>
                <text>%E8%AE%A1%E5%88%92%E5%AE%8C%E6%88%90</text>
              </textSet>
              <selectedIndex>-1</selectedIndex>
              <selectedColor>4282501083</selectedColor>
              <textPadding>0</textPadding>
            </controlProperties>
          </control>
          <control controlID="9C4862BD-3335-421A-897D-F0F25A5A5522" controlTypeID="Shape" isShow="True" caption="%E5%BD%A2%E7%8A%B6" x="184" y="283" w="14" h="13" measuredW="120" measuredH="100" zOrder="28" locked="False" sizeLocked="False">
            <controlProperties>
              <basic color="4294901760" borderVisible="True" borderColor="4294901760" isAutoSize="False" status="MsEnabled" opacity="1" isCommentCom="False" canMove="True" alias="" rotation="0"/>
              <states/>
              <verticalScrollbarShow>False</verticalScrollbarShow>
              <verticalScrollbarProgress>0</verticalScrollbarProgress>
              <horizontalScrollbarShow>False</horizontalScrollbarShow>
              <horizontalScrollbarProgress>0</horizontalScrollbarProgress>
              <links eventType="AtClick" animate="AmNone" animateAutoDelay="0" animateDuration="500">
                <link targetPageID="" linkType="ltPageLink" isApplyIncludePage="False" title="%E9%93%BE%E6%8E%A5">
                  <area shape="0" alt="" ID="{FAE1E4E7-D575-424A-9924-B0DCA6FFB5B1}" coords="(0,0,14,13)"/>
                </link>
              </links>
              <interactiveData>
                <entry title="">
                  <area shape="0" alt="" ID="{70D5231E-4464-4356-B784-04CB18C15DDB}" coords="(0,0,14,13)"/>
                  <events title=""/>
                </entry>
              </interactiveData>
              <textSet textColor="4278190080" textSize="14" lineSpacingMultiple="1" textAlign="HaCenter" textVAlign="VaMiddle" textWordWrap="True" lineSpacing="18" textStyles="[]" useDefaultTextSize="True">
                <font family="%E5%BE%AE%E8%BD%AF%E9%9B%85%E9%BB%91" displayName="%E5%BE%AE%E8%BD%AF%E9%9B%85%E9%BB%91" postScript="" weightStyle="Regular" weight="400" isBold="False" isItalic="False"/>
              </textSet>
              <selectedIndex>-1</selectedIndex>
              <selectedColor>4282501083</selectedColor>
              <textPadding>0</textPadding>
              <shapeBorderType>SbRectangle</shapeBorderType>
              <triangleType>TdZero</triangleType>
              <dashMode>SdSolid</dashMode>
              <rectangleBorderLeftVisible>True</rectangleBorderLeftVisible>
              <rectangleBorderRightVisible>True</rectangleBorderRightVisible>
              <rectangleBorderTopVisible>True</rectangleBorderTopVisible>
              <rectangleBorderBottomVisible>True</rectangleBorderBottomVisible>
              <radius>0</radius>
              <radiusIsPercent>False</radiusIsPercent>
              <thickness>1</thickness>
            </controlProperties>
          </control>
          <control controlID="F6E444A3-F378-4EDD-8DE9-AF04DA0A32BF" controlTypeID="Label" isShow="True" caption="%E5%8D%95%E8%A1%8C%E6%96%87%E5%AD%97" x="209" y="279" w="47" h="19" measuredW="0" measuredH="0" zOrder="29" locked="False" sizeLocked="False">
            <controlProperties>
              <basic color="0" borderVisible="True" borderColor="4284900966" isAutoSize="True" status="MsEnabled" opacity="1" isCommentCom="False" canMove="True" alias="" rotation="0"/>
              <states/>
              <verticalScrollbarShow>False</verticalScrollbarShow>
              <verticalScrollbarProgress>0</verticalScrollbarProgress>
              <horizontalScrollbarShow>False</horizontalScrollbarShow>
              <horizontalScrollbarProgress>0</horizontalScrollbarProgress>
              <links eventType="AtClick" animate="AmNone" animateAutoDelay="0" animateDuration="500">
                <link targetPageID="" linkType="ltPageLink" isApplyIncludePage="False" title="%E9%93%BE%E6%8E%A5">
                  <area shape="0" alt="" ID="{8A9F525E-44EC-4AE9-8AC2-75C1C5D5AB4C}" coords="(0,0,47,19)"/>
                </link>
              </links>
              <interactiveData>
                <entry title="">
                  <area shape="0" alt="" ID="{33A667B7-F4AC-4B93-9422-7A30F0B34DDB}" coords="(0,0,47,19)"/>
                  <events title=""/>
                </entry>
              </interactiveData>
              <textSet textColor="4278190080" textSize="14" lineSpacingMultiple="1" textAlign="HaLeft" textVAlign="VaTop" textWordWrap="True" lineSpacing="18" textStyles="[]" useDefaultTextSize="True">
                <font family="%E5%BE%AE%E8%BD%AF%E9%9B%85%E9%BB%91" displayName="%E5%BE%AE%E8%BD%AF%E9%9B%85%E9%BB%91" postScript="" weightStyle="Regular" weight="400" isBold="False" isItalic="False"/>
                <text>%E5%B7%B2%E5%AE%8C%E6%88%90</text>
              </textSet>
              <selectedIndex>-1</selectedIndex>
              <selectedColor>4282501083</selectedColor>
              <textPadding>0</textPadding>
            </controlProperties>
          </control>
        </groupChildrenDescriptors>
      </controlProperties>
    </control>
  </controls>
</master>