﻿<master version="4.7" minAllowVersion="4.7" ID="47E5588E-D916-4624-9F04-45067939B97B">
  <controls>
    <control controlID="8FA80A3C-0D5F-4695-A0AB-BE79E6DBFCF8" controlTypeID="Master" isShow="True" caption="%E6%AF%8D%E7%89%88%E6%9C%88" x="8" y="144" w="360" h="298" measuredW="0" measuredH="0" zOrder="4" locked="False" sizeLocked="False" masterID="47E5588E-D916-4624-9F04-45067939B97B">
      <controlProperties>
        <basic color="4294967295" borderVisible="True" borderColor="4284900966" isAutoSize="False" status="MsEnabled" opacity="1" isCommentCom="False" canMove="True" alias="" rotation="0"/>
        <states/>
        <verticalScrollbarShow>False</verticalScrollbarShow>
        <verticalScrollbarProgress>0</verticalScrollbarProgress>
        <horizontalScrollbarShow>False</horizontalScrollbarShow>
        <horizontalScrollbarProgress>0</horizontalScrollbarProgress>
        <links eventType="AtClick" animate="AmNone" animateAutoDelay="0" animateDuration="500">
          <link targetPageID="" linkType="ltPageLink" isApplyIncludePage="False" title="%E9%93%BE%E6%8E%A5">
            <area shape="0" alt="" ID="{F7C1C25E-894F-462D-8A22-F04222ABC178}" coords="(0,0,375,667)"/>
          </link>
        </links>
        <interactiveData>
          <entry title="">
            <area shape="0" alt="" ID="{8D980133-3850-4EF0-A615-B610328C676F}" coords="(0,0,375,667)"/>
            <events title=""/>
          </entry>
        </interactiveData>
        <groupChildrenDescriptors>
          <control controlID="7339C114-96A8-4384-B99E-23CE558CC0E9" controlTypeID="Line" isShow="True" caption="%E7%BA%BF%E6%AE%B5" x="43" y="16" w="1" h="229" measuredW="120" measuredH="120" zOrder="0" locked="False" sizeLocked="False">
            <controlProperties>
              <basic color="4284900966" borderVisible="True" borderColor="4284900966" isAutoSize="False" status="MsEnabled" opacity="1" isCommentCom="False" canMove="True" alias="" rotation="0"/>
              <states/>
              <verticalScrollbarShow>False</verticalScrollbarShow>
              <verticalScrollbarProgress>0</verticalScrollbarProgress>
              <horizontalScrollbarShow>False</horizontalScrollbarShow>
              <horizontalScrollbarProgress>0</horizontalScrollbarProgress>
              <links eventType="AtClick" animate="AmNone" animateAutoDelay="0" animateDuration="500">
                <link targetPageID="" linkType="ltPageLink" isApplyIncludePage="False" title="%E9%93%BE%E6%8E%A5">
                  <area shape="0" alt="" ID="{266EEBF4-5D17-4E33-B666-79735F0FDFF6}" coords="(0,0,1,229)"/>
                </link>
              </links>
              <interactiveData>
                <entry title="">
                  <area shape="0" alt="" ID="{F1B4548A-C408-4646-8BBF-4ACE5065A28C}" coords="(0,0,1,229)"/>
                  <events title=""/>
                </entry>
              </interactiveData>
              <textSet textColor="4278190080" textSize="14" lineSpacingMultiple="1" textAlign="HaCenter" textVAlign="VaTop" textWordWrap="True" lineSpacing="18" textStyles="[]" useDefaultTextSize="True">
                <font family="%E5%BE%AE%E8%BD%AF%E9%9B%85%E9%BB%91" displayName="%E5%BE%AE%E8%BD%AF%E9%9B%85%E9%BB%91" postScript="" weightStyle="Regular" weight="400" isBold="False" isItalic="False"/>
              </textSet>
              <selectedIndex>-1</selectedIndex>
              <selectedColor>4282501083</selectedColor>
              <textPadding>0</textPadding>
              <controlPoint>(0,115)</controlPoint>
              <startPoint>(0,1)</startPoint>
              <endPoint>(0,229)</endPoint>
              <thickness>1</thickness>
              <dashMode>SdSolid</dashMode>
              <textBackgroundColor>4294967295</textBackgroundColor>
              <textBorderColor>4284900966</textBorderColor>
              <showStartArrow>0</showStartArrow>
              <showEndArrow>0</showEndArrow>
              <isCurved>True</isCurved>
              <isTextPosCenter>True</isTextPosCenter>
            </controlProperties>
          </control>
          <control controlID="F8BF2665-31D9-4727-9E84-FBD5014D47DD" controlTypeID="Line" isShow="True" caption="%E7%BA%BF%E6%AE%B5" x="43" y="245" w="250" h="2" measuredW="120" measuredH="120" zOrder="1" locked="False" sizeLocked="False">
            <controlProperties>
              <basic color="4284900966" borderVisible="True" borderColor="4284900966" isAutoSize="False" status="MsEnabled" opacity="1" isCommentCom="False" canMove="True" alias="" rotation="0"/>
              <states/>
              <verticalScrollbarShow>False</verticalScrollbarShow>
              <verticalScrollbarProgress>0</verticalScrollbarProgress>
              <horizontalScrollbarShow>False</horizontalScrollbarShow>
              <horizontalScrollbarProgress>0</horizontalScrollbarProgress>
              <links eventType="AtClick" animate="AmNone" animateAutoDelay="0" animateDuration="500">
                <link targetPageID="" linkType="ltPageLink" isApplyIncludePage="False" title="%E9%93%BE%E6%8E%A5">
                  <area shape="0" alt="" ID="{266EEBF4-5D17-4E33-B666-79735F0FDFF6}" coords="(0,0,250,2)"/>
                </link>
              </links>
              <interactiveData>
                <entry title="">
                  <area shape="0" alt="" ID="{F1B4548A-C408-4646-8BBF-4ACE5065A28C}" coords="(0,0,250,2)"/>
                  <events title=""/>
                </entry>
              </interactiveData>
              <textSet textColor="4278190080" textSize="14" lineSpacingMultiple="1" textAlign="HaCenter" textVAlign="VaTop" textWordWrap="True" lineSpacing="18" textStyles="[]" useDefaultTextSize="True">
                <font family="%E5%BE%AE%E8%BD%AF%E9%9B%85%E9%BB%91" displayName="%E5%BE%AE%E8%BD%AF%E9%9B%85%E9%BB%91" postScript="" weightStyle="Regular" weight="400" isBold="False" isItalic="False"/>
              </textSet>
              <selectedIndex>-1</selectedIndex>
              <selectedColor>4282501083</selectedColor>
              <textPadding>0</textPadding>
              <controlPoint>(125,1)</controlPoint>
              <startPoint>(250,1)</startPoint>
              <endPoint>(0,1)</endPoint>
              <thickness>1</thickness>
              <dashMode>SdSolid</dashMode>
              <textBackgroundColor>4294967295</textBackgroundColor>
              <textBorderColor>4284900966</textBorderColor>
              <showStartArrow>0</showStartArrow>
              <showEndArrow>0</showEndArrow>
              <isCurved>True</isCurved>
              <isTextPosCenter>True</isTextPosCenter>
            </controlProperties>
          </control>
          <control controlID="B9CE9205-6C88-4AB0-9C3C-EF098666176C" controlTypeID="Shape" isShow="True" caption="%E5%BD%A2%E7%8A%B6" x="43" y="38" w="190" h="16" measuredW="120" measuredH="100" zOrder="2" locked="False" sizeLocked="False">
            <controlProperties>
              <basic color="4278255360" borderVisible="True" borderColor="4278255360" isAutoSize="False" status="MsEnabled" opacity="1" isCommentCom="False" canMove="True" alias="" rotation="0"/>
              <states/>
              <verticalScrollbarShow>False</verticalScrollbarShow>
              <verticalScrollbarProgress>0</verticalScrollbarProgress>
              <horizontalScrollbarShow>False</horizontalScrollbarShow>
              <horizontalScrollbarProgress>0</horizontalScrollbarProgress>
              <links eventType="AtClick" animate="AmNone" animateAutoDelay="0" animateDuration="500">
                <link targetPageID="" linkType="ltPageLink" isApplyIncludePage="False" title="%E9%93%BE%E6%8E%A5">
                  <area shape="0" alt="" ID="{FAE1E4E7-D575-424A-9924-B0DCA6FFB5B1}" coords="(0,0,190,16)"/>
                </link>
              </links>
              <interactiveData>
                <entry title="">
                  <area shape="0" alt="" ID="{70D5231E-4464-4356-B784-04CB18C15DDB}" coords="(0,0,190,16)"/>
                  <events title=""/>
                </entry>
              </interactiveData>
              <textSet textColor="4278190080" textSize="14" lineSpacingMultiple="1" textAlign="HaCenter" textVAlign="VaMiddle" textWordWrap="True" lineSpacing="18" textStyles="[]" useDefaultTextSize="True">
                <font family="%E5%BE%AE%E8%BD%AF%E9%9B%85%E9%BB%91" displayName="%E5%BE%AE%E8%BD%AF%E9%9B%85%E9%BB%91" postScript="" weightStyle="Regular" weight="400" isBold="False" isItalic="False"/>
              </textSet>
              <selectedIndex>-1</selectedIndex>
              <selectedColor>4282501083</selectedColor>
              <textPadding>0</textPadding>
              <shapeBorderType>SbRectangle</shapeBorderType>
              <triangleType>TdZero</triangleType>
              <dashMode>SdSolid</dashMode>
              <rectangleBorderLeftVisible>True</rectangleBorderLeftVisible>
              <rectangleBorderRightVisible>True</rectangleBorderRightVisible>
              <rectangleBorderTopVisible>True</rectangleBorderTopVisible>
              <rectangleBorderBottomVisible>True</rectangleBorderBottomVisible>
              <radius>0</radius>
              <radiusIsPercent>False</radiusIsPercent>
              <thickness>1</thickness>
            </controlProperties>
          </control>
          <control controlID="87205DF4-E697-43A0-95A8-111978DFB1AA" controlTypeID="Shape" isShow="True" caption="%E5%BD%A2%E7%8A%B6" x="43" y="54" w="144" h="16" measuredW="120" measuredH="100" zOrder="3" locked="False" sizeLocked="False">
            <controlProperties>
              <basic color="4294901760" borderVisible="True" borderColor="4294901760" isAutoSize="False" status="MsEnabled" opacity="1" isCommentCom="False" canMove="True" alias="" rotation="0"/>
              <states/>
              <verticalScrollbarShow>False</verticalScrollbarShow>
              <verticalScrollbarProgress>0</verticalScrollbarProgress>
              <horizontalScrollbarShow>False</horizontalScrollbarShow>
              <horizontalScrollbarProgress>0</horizontalScrollbarProgress>
              <links eventType="AtClick" animate="AmNone" animateAutoDelay="0" animateDuration="500">
                <link targetPageID="" linkType="ltPageLink" isApplyIncludePage="False" title="%E9%93%BE%E6%8E%A5">
                  <area shape="0" alt="" ID="{FAE1E4E7-D575-424A-9924-B0DCA6FFB5B1}" coords="(0,0,144,16)"/>
                </link>
              </links>
              <interactiveData>
                <entry title="">
                  <area shape="0" alt="" ID="{70D5231E-4464-4356-B784-04CB18C15DDB}" coords="(0,0,144,16)"/>
                  <events title=""/>
                </entry>
              </interactiveData>
              <textSet textColor="4278190080" textSize="14" lineSpacingMultiple="1" textAlign="HaCenter" textVAlign="VaMiddle" textWordWrap="True" lineSpacing="18" textStyles="[]" useDefaultTextSize="True">
                <font family="%E5%BE%AE%E8%BD%AF%E9%9B%85%E9%BB%91" displayName="%E5%BE%AE%E8%BD%AF%E9%9B%85%E9%BB%91" postScript="" weightStyle="Regular" weight="400" isBold="False" isItalic="False"/>
              </textSet>
              <selectedIndex>-1</selectedIndex>
              <selectedColor>4282501083</selectedColor>
              <textPadding>0</textPadding>
              <shapeBorderType>SbRectangle</shapeBorderType>
              <triangleType>TdZero</triangleType>
              <dashMode>SdSolid</dashMode>
              <rectangleBorderLeftVisible>True</rectangleBorderLeftVisible>
              <rectangleBorderRightVisible>True</rectangleBorderRightVisible>
              <rectangleBorderTopVisible>True</rectangleBorderTopVisible>
              <rectangleBorderBottomVisible>True</rectangleBorderBottomVisible>
              <radius>0</radius>
              <radiusIsPercent>False</radiusIsPercent>
              <thickness>1</thickness>
            </controlProperties>
          </control>
          <control controlID="702B4791-DFA4-4415-8A91-354EA2A2948C" controlTypeID="Shape" isShow="True" caption="%E5%BD%A2%E7%8A%B6" x="43" y="80" w="118" h="16" measuredW="120" measuredH="100" zOrder="4" locked="False" sizeLocked="False">
            <controlProperties>
              <basic color="4278255360" borderVisible="True" borderColor="4278255360" isAutoSize="False" status="MsEnabled" opacity="1" isCommentCom="False" canMove="True" alias="" rotation="0"/>
              <states/>
              <verticalScrollbarShow>False</verticalScrollbarShow>
              <verticalScrollbarProgress>0</verticalScrollbarProgress>
              <horizontalScrollbarShow>False</horizontalScrollbarShow>
              <horizontalScrollbarProgress>0</horizontalScrollbarProgress>
              <links eventType="AtClick" animate="AmNone" animateAutoDelay="0" animateDuration="500">
                <link targetPageID="" linkType="ltPageLink" isApplyIncludePage="False" title="%E9%93%BE%E6%8E%A5">
                  <area shape="0" alt="" ID="{FAE1E4E7-D575-424A-9924-B0DCA6FFB5B1}" coords="(0,0,118,16)"/>
                </link>
              </links>
              <interactiveData>
                <entry title="">
                  <area shape="0" alt="" ID="{70D5231E-4464-4356-B784-04CB18C15DDB}" coords="(0,0,118,16)"/>
                  <events title=""/>
                </entry>
              </interactiveData>
              <textSet textColor="4278190080" textSize="14" lineSpacingMultiple="1" textAlign="HaCenter" textVAlign="VaMiddle" textWordWrap="True" lineSpacing="18" textStyles="[]" useDefaultTextSize="True">
                <font family="%E5%BE%AE%E8%BD%AF%E9%9B%85%E9%BB%91" displayName="%E5%BE%AE%E8%BD%AF%E9%9B%85%E9%BB%91" postScript="" weightStyle="Regular" weight="400" isBold="False" isItalic="False"/>
              </textSet>
              <selectedIndex>-1</selectedIndex>
              <selectedColor>4282501083</selectedColor>
              <textPadding>0</textPadding>
              <shapeBorderType>SbRectangle</shapeBorderType>
              <triangleType>TdZero</triangleType>
              <dashMode>SdSolid</dashMode>
              <rectangleBorderLeftVisible>True</rectangleBorderLeftVisible>
              <rectangleBorderRightVisible>True</rectangleBorderRightVisible>
              <rectangleBorderTopVisible>True</rectangleBorderTopVisible>
              <rectangleBorderBottomVisible>True</rectangleBorderBottomVisible>
              <radius>0</radius>
              <radiusIsPercent>False</radiusIsPercent>
              <thickness>1</thickness>
            </controlProperties>
          </control>
          <control controlID="444A7DBA-F2F4-4B02-A8D0-7E89FFAEB1E4" controlTypeID="Shape" isShow="True" caption="%E5%BD%A2%E7%8A%B6" x="43" y="96" w="172" h="16" measuredW="120" measuredH="100" zOrder="5" locked="False" sizeLocked="False">
            <controlProperties>
              <basic color="4294901760" borderVisible="True" borderColor="4294901760" isAutoSize="False" status="MsEnabled" opacity="1" isCommentCom="False" canMove="True" alias="" rotation="0"/>
              <states/>
              <verticalScrollbarShow>False</verticalScrollbarShow>
              <verticalScrollbarProgress>0</verticalScrollbarProgress>
              <horizontalScrollbarShow>False</horizontalScrollbarShow>
              <horizontalScrollbarProgress>0</horizontalScrollbarProgress>
              <links eventType="AtClick" animate="AmNone" animateAutoDelay="0" animateDuration="500">
                <link targetPageID="" linkType="ltPageLink" isApplyIncludePage="False" title="%E9%93%BE%E6%8E%A5">
                  <area shape="0" alt="" ID="{FAE1E4E7-D575-424A-9924-B0DCA6FFB5B1}" coords="(0,0,172,16)"/>
                </link>
              </links>
              <interactiveData>
                <entry title="">
                  <area shape="0" alt="" ID="{70D5231E-4464-4356-B784-04CB18C15DDB}" coords="(0,0,172,16)"/>
                  <events title=""/>
                </entry>
              </interactiveData>
              <textSet textColor="4278190080" textSize="14" lineSpacingMultiple="1" textAlign="HaCenter" textVAlign="VaMiddle" textWordWrap="True" lineSpacing="18" textStyles="[]" useDefaultTextSize="True">
                <font family="%E5%BE%AE%E8%BD%AF%E9%9B%85%E9%BB%91" displayName="%E5%BE%AE%E8%BD%AF%E9%9B%85%E9%BB%91" postScript="" weightStyle="Regular" weight="400" isBold="False" isItalic="False"/>
              </textSet>
              <selectedIndex>-1</selectedIndex>
              <selectedColor>4282501083</selectedColor>
              <textPadding>0</textPadding>
              <shapeBorderType>SbRectangle</shapeBorderType>
              <triangleType>TdZero</triangleType>
              <dashMode>SdSolid</dashMode>
              <rectangleBorderLeftVisible>True</rectangleBorderLeftVisible>
              <rectangleBorderRightVisible>True</rectangleBorderRightVisible>
              <rectangleBorderTopVisible>True</rectangleBorderTopVisible>
              <rectangleBorderBottomVisible>True</rectangleBorderBottomVisible>
              <radius>0</radius>
              <radiusIsPercent>False</radiusIsPercent>
              <thickness>1</thickness>
            </controlProperties>
          </control>
          <control controlID="3B1DB422-A289-48A1-99B0-67AABD80C5BA" controlTypeID="Shape" isShow="True" caption="%E5%BD%A2%E7%8A%B6" x="43" y="122" w="80" h="16" measuredW="120" measuredH="100" zOrder="6" locked="False" sizeLocked="False">
            <controlProperties>
              <basic color="4278255360" borderVisible="True" borderColor="4278255360" isAutoSize="False" status="MsEnabled" opacity="1" isCommentCom="False" canMove="True" alias="" rotation="0"/>
              <states/>
              <verticalScrollbarShow>False</verticalScrollbarShow>
              <verticalScrollbarProgress>0</verticalScrollbarProgress>
              <horizontalScrollbarShow>False</horizontalScrollbarShow>
              <horizontalScrollbarProgress>0</horizontalScrollbarProgress>
              <links eventType="AtClick" animate="AmNone" animateAutoDelay="0" animateDuration="500">
                <link targetPageID="" linkType="ltPageLink" isApplyIncludePage="False" title="%E9%93%BE%E6%8E%A5">
                  <area shape="0" alt="" ID="{FAE1E4E7-D575-424A-9924-B0DCA6FFB5B1}" coords="(0,0,80,16)"/>
                </link>
              </links>
              <interactiveData>
                <entry title="">
                  <area shape="0" alt="" ID="{70D5231E-4464-4356-B784-04CB18C15DDB}" coords="(0,0,80,16)"/>
                  <events title=""/>
                </entry>
              </interactiveData>
              <textSet textColor="4278190080" textSize="14" lineSpacingMultiple="1" textAlign="HaCenter" textVAlign="VaMiddle" textWordWrap="True" lineSpacing="18" textStyles="[]" useDefaultTextSize="True">
                <font family="%E5%BE%AE%E8%BD%AF%E9%9B%85%E9%BB%91" displayName="%E5%BE%AE%E8%BD%AF%E9%9B%85%E9%BB%91" postScript="" weightStyle="Regular" weight="400" isBold="False" isItalic="False"/>
              </textSet>
              <selectedIndex>-1</selectedIndex>
              <selectedColor>4282501083</selectedColor>
              <textPadding>0</textPadding>
              <shapeBorderType>SbRectangle</shapeBorderType>
              <triangleType>TdZero</triangleType>
              <dashMode>SdSolid</dashMode>
              <rectangleBorderLeftVisible>True</rectangleBorderLeftVisible>
              <rectangleBorderRightVisible>True</rectangleBorderRightVisible>
              <rectangleBorderTopVisible>True</rectangleBorderTopVisible>
              <rectangleBorderBottomVisible>True</rectangleBorderBottomVisible>
              <radius>0</radius>
              <radiusIsPercent>False</radiusIsPercent>
              <thickness>1</thickness>
            </controlProperties>
          </control>
          <control controlID="9675F20A-55F2-44E4-87CC-908C964D7224" controlTypeID="Shape" isShow="True" caption="%E5%BD%A2%E7%8A%B6" x="43" y="138" w="144" h="16" measuredW="120" measuredH="100" zOrder="7" locked="False" sizeLocked="False">
            <controlProperties>
              <basic color="4294901760" borderVisible="True" borderColor="4294901760" isAutoSize="False" status="MsEnabled" opacity="1" isCommentCom="False" canMove="True" alias="" rotation="0"/>
              <states/>
              <verticalScrollbarShow>False</verticalScrollbarShow>
              <verticalScrollbarProgress>0</verticalScrollbarProgress>
              <horizontalScrollbarShow>False</horizontalScrollbarShow>
              <horizontalScrollbarProgress>0</horizontalScrollbarProgress>
              <links eventType="AtClick" animate="AmNone" animateAutoDelay="0" animateDuration="500">
                <link targetPageID="" linkType="ltPageLink" isApplyIncludePage="False" title="%E9%93%BE%E6%8E%A5">
                  <area shape="0" alt="" ID="{FAE1E4E7-D575-424A-9924-B0DCA6FFB5B1}" coords="(0,0,144,16)"/>
                </link>
              </links>
              <interactiveData>
                <entry title="">
                  <area shape="0" alt="" ID="{70D5231E-4464-4356-B784-04CB18C15DDB}" coords="(0,0,144,16)"/>
                  <events title=""/>
                </entry>
              </interactiveData>
              <textSet textColor="4278190080" textSize="14" lineSpacingMultiple="1" textAlign="HaCenter" textVAlign="VaMiddle" textWordWrap="True" lineSpacing="18" textStyles="[]" useDefaultTextSize="True">
                <font family="%E5%BE%AE%E8%BD%AF%E9%9B%85%E9%BB%91" displayName="%E5%BE%AE%E8%BD%AF%E9%9B%85%E9%BB%91" postScript="" weightStyle="Regular" weight="400" isBold="False" isItalic="False"/>
              </textSet>
              <selectedIndex>-1</selectedIndex>
              <selectedColor>4282501083</selectedColor>
              <textPadding>0</textPadding>
              <shapeBorderType>SbRectangle</shapeBorderType>
              <triangleType>TdZero</triangleType>
              <dashMode>SdSolid</dashMode>
              <rectangleBorderLeftVisible>True</rectangleBorderLeftVisible>
              <rectangleBorderRightVisible>True</rectangleBorderRightVisible>
              <rectangleBorderTopVisible>True</rectangleBorderTopVisible>
              <rectangleBorderBottomVisible>True</rectangleBorderBottomVisible>
              <radius>0</radius>
              <radiusIsPercent>False</radiusIsPercent>
              <thickness>1</thickness>
            </controlProperties>
          </control>
          <control controlID="B80F2A11-20B7-4EB5-BC7A-17289115902C" controlTypeID="Shape" isShow="True" caption="%E5%BD%A2%E7%8A%B6" x="43" y="164" w="162" h="16" measuredW="120" measuredH="100" zOrder="8" locked="False" sizeLocked="False">
            <controlProperties>
              <basic color="4278255360" borderVisible="True" borderColor="4278255360" isAutoSize="False" status="MsEnabled" opacity="1" isCommentCom="False" canMove="True" alias="" rotation="0"/>
              <states/>
              <verticalScrollbarShow>False</verticalScrollbarShow>
              <verticalScrollbarProgress>0</verticalScrollbarProgress>
              <horizontalScrollbarShow>False</horizontalScrollbarShow>
              <horizontalScrollbarProgress>0</horizontalScrollbarProgress>
              <links eventType="AtClick" animate="AmNone" animateAutoDelay="0" animateDuration="500">
                <link targetPageID="" linkType="ltPageLink" isApplyIncludePage="False" title="%E9%93%BE%E6%8E%A5">
                  <area shape="0" alt="" ID="{FAE1E4E7-D575-424A-9924-B0DCA6FFB5B1}" coords="(0,0,162,16)"/>
                </link>
              </links>
              <interactiveData>
                <entry title="">
                  <area shape="0" alt="" ID="{70D5231E-4464-4356-B784-04CB18C15DDB}" coords="(0,0,162,16)"/>
                  <events title=""/>
                </entry>
              </interactiveData>
              <textSet textColor="4278190080" textSize="14" lineSpacingMultiple="1" textAlign="HaCenter" textVAlign="VaMiddle" textWordWrap="True" lineSpacing="18" textStyles="[]" useDefaultTextSize="True">
                <font family="%E5%BE%AE%E8%BD%AF%E9%9B%85%E9%BB%91" displayName="%E5%BE%AE%E8%BD%AF%E9%9B%85%E9%BB%91" postScript="" weightStyle="Regular" weight="400" isBold="False" isItalic="False"/>
              </textSet>
              <selectedIndex>-1</selectedIndex>
              <selectedColor>4282501083</selectedColor>
              <textPadding>0</textPadding>
              <shapeBorderType>SbRectangle</shapeBorderType>
              <triangleType>TdZero</triangleType>
              <dashMode>SdSolid</dashMode>
              <rectangleBorderLeftVisible>True</rectangleBorderLeftVisible>
              <rectangleBorderRightVisible>True</rectangleBorderRightVisible>
              <rectangleBorderTopVisible>True</rectangleBorderTopVisible>
              <rectangleBorderBottomVisible>True</rectangleBorderBottomVisible>
              <radius>0</radius>
              <radiusIsPercent>False</radiusIsPercent>
              <thickness>1</thickness>
            </controlProperties>
          </control>
          <control controlID="C3E5559E-D141-4F5F-87CA-7E60A7EF250B" controlTypeID="Shape" isShow="True" caption="%E5%BD%A2%E7%8A%B6" x="43" y="180" w="199" h="16" measuredW="120" measuredH="100" zOrder="9" locked="False" sizeLocked="False">
            <controlProperties>
              <basic color="4294901760" borderVisible="True" borderColor="4294901760" isAutoSize="False" status="MsEnabled" opacity="1" isCommentCom="False" canMove="True" alias="" rotation="0"/>
              <states/>
              <verticalScrollbarShow>False</verticalScrollbarShow>
              <verticalScrollbarProgress>0</verticalScrollbarProgress>
              <horizontalScrollbarShow>False</horizontalScrollbarShow>
              <horizontalScrollbarProgress>0</horizontalScrollbarProgress>
              <links eventType="AtClick" animate="AmNone" animateAutoDelay="0" animateDuration="500">
                <link targetPageID="" linkType="ltPageLink" isApplyIncludePage="False" title="%E9%93%BE%E6%8E%A5">
                  <area shape="0" alt="" ID="{FAE1E4E7-D575-424A-9924-B0DCA6FFB5B1}" coords="(0,0,199,16)"/>
                </link>
              </links>
              <interactiveData>
                <entry title="">
                  <area shape="0" alt="" ID="{70D5231E-4464-4356-B784-04CB18C15DDB}" coords="(0,0,199,16)"/>
                  <events title=""/>
                </entry>
              </interactiveData>
              <textSet textColor="4278190080" textSize="14" lineSpacingMultiple="1" textAlign="HaCenter" textVAlign="VaMiddle" textWordWrap="True" lineSpacing="18" textStyles="[]" useDefaultTextSize="True">
                <font family="%E5%BE%AE%E8%BD%AF%E9%9B%85%E9%BB%91" displayName="%E5%BE%AE%E8%BD%AF%E9%9B%85%E9%BB%91" postScript="" weightStyle="Regular" weight="400" isBold="False" isItalic="False"/>
              </textSet>
              <selectedIndex>-1</selectedIndex>
              <selectedColor>4282501083</selectedColor>
              <textPadding>0</textPadding>
              <shapeBorderType>SbRectangle</shapeBorderType>
              <triangleType>TdZero</triangleType>
              <dashMode>SdSolid</dashMode>
              <rectangleBorderLeftVisible>True</rectangleBorderLeftVisible>
              <rectangleBorderRightVisible>True</rectangleBorderRightVisible>
              <rectangleBorderTopVisible>True</rectangleBorderTopVisible>
              <rectangleBorderBottomVisible>True</rectangleBorderBottomVisible>
              <radius>0</radius>
              <radiusIsPercent>False</radiusIsPercent>
              <thickness>1</thickness>
            </controlProperties>
          </control>
          <control controlID="F338274D-B9B1-422B-A9DD-B1E662567AC0" controlTypeID="Label" isShow="True" caption="%E5%8D%95%E8%A1%8C%E6%96%87%E5%AD%97" x="0" y="43" w="42" h="16" measuredW="0" measuredH="0" zOrder="10" locked="False" sizeLocked="False">
            <controlProperties>
              <basic color="0" borderVisible="True" borderColor="4284900966" isAutoSize="True" status="MsEnabled" opacity="1" isCommentCom="False" canMove="True" alias="" rotation="0"/>
              <states/>
              <verticalScrollbarShow>False</verticalScrollbarShow>
              <verticalScrollbarProgress>0</verticalScrollbarProgress>
              <horizontalScrollbarShow>False</horizontalScrollbarShow>
              <horizontalScrollbarProgress>0</horizontalScrollbarProgress>
              <links eventType="AtClick" animate="AmNone" animateAutoDelay="0" animateDuration="500">
                <link targetPageID="" linkType="ltPageLink" isApplyIncludePage="False" title="%E9%93%BE%E6%8E%A5">
                  <area shape="0" alt="" ID="{C1A57B71-1328-41FE-90A8-E26A73487A36}" coords="(0,0,42,16)"/>
                </link>
              </links>
              <interactiveData>
                <entry title="">
                  <area shape="0" alt="" ID="{51BA619B-C5CD-4FE4-81A0-689FEFB76473}" coords="(0,0,42,16)"/>
                  <events title=""/>
                </entry>
              </interactiveData>
              <textSet textColor="4278190080" textSize="12" lineSpacingMultiple="1" textAlign="HaLeft" textVAlign="VaTop" textWordWrap="True" lineSpacing="16" textStyles="[]" useDefaultTextSize="False">
                <font family="%E5%BE%AE%E8%BD%AF%E9%9B%85%E9%BB%91" displayName="%E5%BE%AE%E8%BD%AF%E9%9B%85%E9%BB%91" postScript="" weightStyle="Regular" weight="400" isBold="False" isItalic="False"/>
                <text>2017.7</text>
              </textSet>
              <selectedIndex>-1</selectedIndex>
              <selectedColor>4282501083</selectedColor>
              <textPadding>0</textPadding>
            </controlProperties>
          </control>
          <control controlID="DCB9C754-7E10-48F4-8EBF-830149E22EE1" controlTypeID="Label" isShow="True" caption="%E5%8D%95%E8%A1%8C%E6%96%87%E5%AD%97" x="1" y="85" w="42" h="16" measuredW="0" measuredH="0" zOrder="11" locked="False" sizeLocked="False">
            <controlProperties>
              <basic color="0" borderVisible="True" borderColor="4284900966" isAutoSize="True" status="MsEnabled" opacity="1" isCommentCom="False" canMove="True" alias="" rotation="0"/>
              <states/>
              <verticalScrollbarShow>False</verticalScrollbarShow>
              <verticalScrollbarProgress>0</verticalScrollbarProgress>
              <horizontalScrollbarShow>False</horizontalScrollbarShow>
              <horizontalScrollbarProgress>0</horizontalScrollbarProgress>
              <links eventType="AtClick" animate="AmNone" animateAutoDelay="0" animateDuration="500">
                <link targetPageID="" linkType="ltPageLink" isApplyIncludePage="False" title="%E9%93%BE%E6%8E%A5">
                  <area shape="0" alt="" ID="{C1A57B71-1328-41FE-90A8-E26A73487A36}" coords="(0,0,42,16)"/>
                </link>
              </links>
              <interactiveData>
                <entry title="">
                  <area shape="0" alt="" ID="{51BA619B-C5CD-4FE4-81A0-689FEFB76473}" coords="(0,0,42,16)"/>
                  <events title=""/>
                </entry>
              </interactiveData>
              <textSet textColor="4278190080" textSize="12" lineSpacingMultiple="1" textAlign="HaLeft" textVAlign="VaTop" textWordWrap="True" lineSpacing="16" textStyles="[]" useDefaultTextSize="False">
                <font family="%E5%BE%AE%E8%BD%AF%E9%9B%85%E9%BB%91" displayName="%E5%BE%AE%E8%BD%AF%E9%9B%85%E9%BB%91" postScript="" weightStyle="Regular" weight="400" isBold="False" isItalic="False"/>
                <text>2017.6</text>
              </textSet>
              <selectedIndex>-1</selectedIndex>
              <selectedColor>4282501083</selectedColor>
              <textPadding>0</textPadding>
            </controlProperties>
          </control>
          <control controlID="EF3CE466-DB40-415D-93D8-A527FC7239DE" controlTypeID="Label" isShow="True" caption="%E5%8D%95%E8%A1%8C%E6%96%87%E5%AD%97" x="1" y="127" w="42" h="16" measuredW="0" measuredH="0" zOrder="12" locked="False" sizeLocked="False">
            <controlProperties>
              <basic color="0" borderVisible="True" borderColor="4284900966" isAutoSize="True" status="MsEnabled" opacity="1" isCommentCom="False" canMove="True" alias="" rotation="0"/>
              <states/>
              <verticalScrollbarShow>False</verticalScrollbarShow>
              <verticalScrollbarProgress>0</verticalScrollbarProgress>
              <horizontalScrollbarShow>False</horizontalScrollbarShow>
              <horizontalScrollbarProgress>0</horizontalScrollbarProgress>
              <links eventType="AtClick" animate="AmNone" animateAutoDelay="0" animateDuration="500">
                <link targetPageID="" linkType="ltPageLink" isApplyIncludePage="False" title="%E9%93%BE%E6%8E%A5">
                  <area shape="0" alt="" ID="{C1A57B71-1328-41FE-90A8-E26A73487A36}" coords="(0,0,42,16)"/>
                </link>
              </links>
              <interactiveData>
                <entry title="">
                  <area shape="0" alt="" ID="{51BA619B-C5CD-4FE4-81A0-689FEFB76473}" coords="(0,0,42,16)"/>
                  <events title=""/>
                </entry>
              </interactiveData>
              <textSet textColor="4278190080" textSize="12" lineSpacingMultiple="1" textAlign="HaLeft" textVAlign="VaTop" textWordWrap="True" lineSpacing="16" textStyles="[]" useDefaultTextSize="False">
                <font family="%E5%BE%AE%E8%BD%AF%E9%9B%85%E9%BB%91" displayName="%E5%BE%AE%E8%BD%AF%E9%9B%85%E9%BB%91" postScript="" weightStyle="Regular" weight="400" isBold="False" isItalic="False"/>
                <text>2017.5</text>
              </textSet>
              <selectedIndex>-1</selectedIndex>
              <selectedColor>4282501083</selectedColor>
              <textPadding>0</textPadding>
            </controlProperties>
          </control>
          <control controlID="7C3C2084-9AC3-469C-B4ED-0F8B8FBF27A7" controlTypeID="Label" isShow="True" caption="%E5%8D%95%E8%A1%8C%E6%96%87%E5%AD%97" x="1" y="169" w="42" h="16" measuredW="0" measuredH="0" zOrder="13" locked="False" sizeLocked="False">
            <controlProperties>
              <basic color="0" borderVisible="True" borderColor="4284900966" isAutoSize="True" status="MsEnabled" opacity="1" isCommentCom="False" canMove="True" alias="" rotation="0"/>
              <states/>
              <verticalScrollbarShow>False</verticalScrollbarShow>
              <verticalScrollbarProgress>0</verticalScrollbarProgress>
              <horizontalScrollbarShow>False</horizontalScrollbarShow>
              <horizontalScrollbarProgress>0</horizontalScrollbarProgress>
              <links eventType="AtClick" animate="AmNone" animateAutoDelay="0" animateDuration="500">
                <link targetPageID="" linkType="ltPageLink" isApplyIncludePage="False" title="%E9%93%BE%E6%8E%A5">
                  <area shape="0" alt="" ID="{C1A57B71-1328-41FE-90A8-E26A73487A36}" coords="(0,0,42,16)"/>
                </link>
              </links>
              <interactiveData>
                <entry title="">
                  <area shape="0" alt="" ID="{51BA619B-C5CD-4FE4-81A0-689FEFB76473}" coords="(0,0,42,16)"/>
                  <events title=""/>
                </entry>
              </interactiveData>
              <textSet textColor="4278190080" textSize="12" lineSpacingMultiple="1" textAlign="HaLeft" textVAlign="VaTop" textWordWrap="True" lineSpacing="16" textStyles="[]" useDefaultTextSize="False">
                <font family="%E5%BE%AE%E8%BD%AF%E9%9B%85%E9%BB%91" displayName="%E5%BE%AE%E8%BD%AF%E9%9B%85%E9%BB%91" postScript="" weightStyle="Regular" weight="400" isBold="False" isItalic="False"/>
                <text>2017.4</text>
              </textSet>
              <selectedIndex>-1</selectedIndex>
              <selectedColor>4282501083</selectedColor>
              <textPadding>0</textPadding>
            </controlProperties>
          </control>
          <control controlID="A714DB5F-04C7-4812-B98D-934CE2DF51B4" controlTypeID="Shape" isShow="True" caption="%E5%BD%A2%E7%8A%B6" x="43" y="206" w="162" h="16" measuredW="120" measuredH="100" zOrder="14" locked="False" sizeLocked="False">
            <controlProperties>
              <basic color="4278255360" borderVisible="True" borderColor="4278255360" isAutoSize="False" status="MsEnabled" opacity="1" isCommentCom="False" canMove="True" alias="" rotation="0"/>
              <states/>
              <verticalScrollbarShow>False</verticalScrollbarShow>
              <verticalScrollbarProgress>0</verticalScrollbarProgress>
              <horizontalScrollbarShow>False</horizontalScrollbarShow>
              <horizontalScrollbarProgress>0</horizontalScrollbarProgress>
              <links eventType="AtClick" animate="AmNone" animateAutoDelay="0" animateDuration="500">
                <link targetPageID="" linkType="ltPageLink" isApplyIncludePage="False" title="%E9%93%BE%E6%8E%A5">
                  <area shape="0" alt="" ID="{FAE1E4E7-D575-424A-9924-B0DCA6FFB5B1}" coords="(0,0,162,16)"/>
                </link>
              </links>
              <interactiveData>
                <entry title="">
                  <area shape="0" alt="" ID="{70D5231E-4464-4356-B784-04CB18C15DDB}" coords="(0,0,162,16)"/>
                  <events title=""/>
                </entry>
              </interactiveData>
              <textSet textColor="4278190080" textSize="14" lineSpacingMultiple="1" textAlign="HaCenter" textVAlign="VaMiddle" textWordWrap="True" lineSpacing="18" textStyles="[]" useDefaultTextSize="True">
                <font family="%E5%BE%AE%E8%BD%AF%E9%9B%85%E9%BB%91" displayName="%E5%BE%AE%E8%BD%AF%E9%9B%85%E9%BB%91" postScript="" weightStyle="Regular" weight="400" isBold="False" isItalic="False"/>
              </textSet>
              <selectedIndex>-1</selectedIndex>
              <selectedColor>4282501083</selectedColor>
              <textPadding>0</textPadding>
              <shapeBorderType>SbRectangle</shapeBorderType>
              <triangleType>TdZero</triangleType>
              <dashMode>SdSolid</dashMode>
              <rectangleBorderLeftVisible>True</rectangleBorderLeftVisible>
              <rectangleBorderRightVisible>True</rectangleBorderRightVisible>
              <rectangleBorderTopVisible>True</rectangleBorderTopVisible>
              <rectangleBorderBottomVisible>True</rectangleBorderBottomVisible>
              <radius>0</radius>
              <radiusIsPercent>False</radiusIsPercent>
              <thickness>1</thickness>
            </controlProperties>
          </control>
          <control controlID="36D10A88-3FB6-4F41-A215-3D2AFF7BF31D" controlTypeID="Shape" isShow="True" caption="%E5%BD%A2%E7%8A%B6" x="43" y="222" w="199" h="16" measuredW="120" measuredH="100" zOrder="15" locked="False" sizeLocked="False">
            <controlProperties>
              <basic color="4294901760" borderVisible="True" borderColor="4294901760" isAutoSize="False" status="MsEnabled" opacity="1" isCommentCom="False" canMove="True" alias="" rotation="0"/>
              <states/>
              <verticalScrollbarShow>False</verticalScrollbarShow>
              <verticalScrollbarProgress>0</verticalScrollbarProgress>
              <horizontalScrollbarShow>False</horizontalScrollbarShow>
              <horizontalScrollbarProgress>0</horizontalScrollbarProgress>
              <links eventType="AtClick" animate="AmNone" animateAutoDelay="0" animateDuration="500">
                <link targetPageID="" linkType="ltPageLink" isApplyIncludePage="False" title="%E9%93%BE%E6%8E%A5">
                  <area shape="0" alt="" ID="{FAE1E4E7-D575-424A-9924-B0DCA6FFB5B1}" coords="(0,0,199,16)"/>
                </link>
              </links>
              <interactiveData>
                <entry title="">
                  <area shape="0" alt="" ID="{70D5231E-4464-4356-B784-04CB18C15DDB}" coords="(0,0,199,16)"/>
                  <events title=""/>
                </entry>
              </interactiveData>
              <textSet textColor="4278190080" textSize="14" lineSpacingMultiple="1" textAlign="HaCenter" textVAlign="VaMiddle" textWordWrap="True" lineSpacing="18" textStyles="[]" useDefaultTextSize="True">
                <font family="%E5%BE%AE%E8%BD%AF%E9%9B%85%E9%BB%91" displayName="%E5%BE%AE%E8%BD%AF%E9%9B%85%E9%BB%91" postScript="" weightStyle="Regular" weight="400" isBold="False" isItalic="False"/>
              </textSet>
              <selectedIndex>-1</selectedIndex>
              <selectedColor>4282501083</selectedColor>
              <textPadding>0</textPadding>
              <shapeBorderType>SbRectangle</shapeBorderType>
              <triangleType>TdZero</triangleType>
              <dashMode>SdSolid</dashMode>
              <rectangleBorderLeftVisible>True</rectangleBorderLeftVisible>
              <rectangleBorderRightVisible>True</rectangleBorderRightVisible>
              <rectangleBorderTopVisible>True</rectangleBorderTopVisible>
              <rectangleBorderBottomVisible>True</rectangleBorderBottomVisible>
              <radius>0</radius>
              <radiusIsPercent>False</radiusIsPercent>
              <thickness>1</thickness>
            </controlProperties>
          </control>
          <control controlID="A84E0867-4946-41B8-96A2-09323FCFF41F" controlTypeID="Label" isShow="True" caption="%E5%8D%95%E8%A1%8C%E6%96%87%E5%AD%97" x="2" y="212" w="42" h="16" measuredW="0" measuredH="0" zOrder="16" locked="False" sizeLocked="False">
            <controlProperties>
              <basic color="0" borderVisible="True" borderColor="4284900966" isAutoSize="True" status="MsEnabled" opacity="1" isCommentCom="False" canMove="True" alias="" rotation="0"/>
              <states/>
              <verticalScrollbarShow>False</verticalScrollbarShow>
              <verticalScrollbarProgress>0</verticalScrollbarProgress>
              <horizontalScrollbarShow>False</horizontalScrollbarShow>
              <horizontalScrollbarProgress>0</horizontalScrollbarProgress>
              <links eventType="AtClick" animate="AmNone" animateAutoDelay="0" animateDuration="500">
                <link targetPageID="" linkType="ltPageLink" isApplyIncludePage="False" title="%E9%93%BE%E6%8E%A5">
                  <area shape="0" alt="" ID="{C1A57B71-1328-41FE-90A8-E26A73487A36}" coords="(0,0,42,16)"/>
                </link>
              </links>
              <interactiveData>
                <entry title="">
                  <area shape="0" alt="" ID="{51BA619B-C5CD-4FE4-81A0-689FEFB76473}" coords="(0,0,42,16)"/>
                  <events title=""/>
                </entry>
              </interactiveData>
              <textSet textColor="4278190080" textSize="12" lineSpacingMultiple="1" textAlign="HaLeft" textVAlign="VaTop" textWordWrap="True" lineSpacing="16" textStyles="[]" useDefaultTextSize="False">
                <font family="%E5%BE%AE%E8%BD%AF%E9%9B%85%E9%BB%91" displayName="%E5%BE%AE%E8%BD%AF%E9%9B%85%E9%BB%91" postScript="" weightStyle="Regular" weight="400" isBold="False" isItalic="False"/>
                <text>2017.3</text>
              </textSet>
              <selectedIndex>-1</selectedIndex>
              <selectedColor>4282501083</selectedColor>
              <textPadding>0</textPadding>
            </controlProperties>
          </control>
          <control controlID="610A0899-28AD-4A90-82A9-A8FBAC13CA86" controlTypeID="Label" isShow="True" caption="%E5%8D%95%E8%A1%8C%E6%96%87%E5%AD%97" x="43" y="248" w="11" h="16" measuredW="0" measuredH="0" zOrder="17" locked="False" sizeLocked="False">
            <controlProperties>
              <basic color="0" borderVisible="True" borderColor="4284900966" isAutoSize="True" status="MsEnabled" opacity="1" isCommentCom="False" canMove="True" alias="" rotation="0"/>
              <states/>
              <verticalScrollbarShow>False</verticalScrollbarShow>
              <verticalScrollbarProgress>0</verticalScrollbarProgress>
              <horizontalScrollbarShow>False</horizontalScrollbarShow>
              <horizontalScrollbarProgress>0</horizontalScrollbarProgress>
              <links eventType="AtClick" animate="AmNone" animateAutoDelay="0" animateDuration="500">
                <link targetPageID="" linkType="ltPageLink" isApplyIncludePage="False" title="%E9%93%BE%E6%8E%A5">
                  <area shape="0" alt="" ID="{C1A57B71-1328-41FE-90A8-E26A73487A36}" coords="(0,0,11,16)"/>
                </link>
              </links>
              <interactiveData>
                <entry title="">
                  <area shape="0" alt="" ID="{51BA619B-C5CD-4FE4-81A0-689FEFB76473}" coords="(0,0,11,16)"/>
                  <events title=""/>
                </entry>
              </interactiveData>
              <textSet textColor="4278190080" textSize="12" lineSpacingMultiple="1" textAlign="HaLeft" textVAlign="VaTop" textWordWrap="True" lineSpacing="16" textStyles="[]" useDefaultTextSize="False">
                <font family="%E5%BE%AE%E8%BD%AF%E9%9B%85%E9%BB%91" displayName="%E5%BE%AE%E8%BD%AF%E9%9B%85%E9%BB%91" postScript="" weightStyle="Regular" weight="400" isBold="False" isItalic="False"/>
                <text>0</text>
              </textSet>
              <selectedIndex>-1</selectedIndex>
              <selectedColor>4282501083</selectedColor>
              <textPadding>0</textPadding>
            </controlProperties>
          </control>
          <control controlID="2214D83D-EB7D-4CE2-902C-A828F77F1EAE" controlTypeID="Label" isShow="True" caption="%E5%8D%95%E8%A1%8C%E6%96%87%E5%AD%97" x="76" y="248" w="18" h="16" measuredW="0" measuredH="0" zOrder="18" locked="False" sizeLocked="False">
            <controlProperties>
              <basic color="0" borderVisible="True" borderColor="4284900966" isAutoSize="True" status="MsEnabled" opacity="1" isCommentCom="False" canMove="True" alias="" rotation="0"/>
              <states/>
              <verticalScrollbarShow>False</verticalScrollbarShow>
              <verticalScrollbarProgress>0</verticalScrollbarProgress>
              <horizontalScrollbarShow>False</horizontalScrollbarShow>
              <horizontalScrollbarProgress>0</horizontalScrollbarProgress>
              <links eventType="AtClick" animate="AmNone" animateAutoDelay="0" animateDuration="500">
                <link targetPageID="" linkType="ltPageLink" isApplyIncludePage="False" title="%E9%93%BE%E6%8E%A5">
                  <area shape="0" alt="" ID="{C1A57B71-1328-41FE-90A8-E26A73487A36}" coords="(0,0,18,16)"/>
                </link>
              </links>
              <interactiveData>
                <entry title="">
                  <area shape="0" alt="" ID="{51BA619B-C5CD-4FE4-81A0-689FEFB76473}" coords="(0,0,18,16)"/>
                  <events title=""/>
                </entry>
              </interactiveData>
              <textSet textColor="4278190080" textSize="12" lineSpacingMultiple="1" textAlign="HaLeft" textVAlign="VaTop" textWordWrap="True" lineSpacing="16" textStyles="[]" useDefaultTextSize="False">
                <font family="%E5%BE%AE%E8%BD%AF%E9%9B%85%E9%BB%91" displayName="%E5%BE%AE%E8%BD%AF%E9%9B%85%E9%BB%91" postScript="" weightStyle="Regular" weight="400" isBold="False" isItalic="False"/>
                <text>50</text>
              </textSet>
              <selectedIndex>-1</selectedIndex>
              <selectedColor>4282501083</selectedColor>
              <textPadding>0</textPadding>
            </controlProperties>
          </control>
          <control controlID="E97A6C9B-DB70-497A-B406-08C129D0A9AF" controlTypeID="Label" isShow="True" caption="%E5%8D%95%E8%A1%8C%E6%96%87%E5%AD%97" x="115" y="248" w="25" h="16" measuredW="0" measuredH="0" zOrder="19" locked="False" sizeLocked="False">
            <controlProperties>
              <basic color="0" borderVisible="True" borderColor="4284900966" isAutoSize="True" status="MsEnabled" opacity="1" isCommentCom="False" canMove="True" alias="" rotation="0"/>
              <states/>
              <verticalScrollbarShow>False</verticalScrollbarShow>
              <verticalScrollbarProgress>0</verticalScrollbarProgress>
              <horizontalScrollbarShow>False</horizontalScrollbarShow>
              <horizontalScrollbarProgress>0</horizontalScrollbarProgress>
              <links eventType="AtClick" animate="AmNone" animateAutoDelay="0" animateDuration="500">
                <link targetPageID="" linkType="ltPageLink" isApplyIncludePage="False" title="%E9%93%BE%E6%8E%A5">
                  <area shape="0" alt="" ID="{C1A57B71-1328-41FE-90A8-E26A73487A36}" coords="(0,0,25,16)"/>
                </link>
              </links>
              <interactiveData>
                <entry title="">
                  <area shape="0" alt="" ID="{51BA619B-C5CD-4FE4-81A0-689FEFB76473}" coords="(0,0,25,16)"/>
                  <events title=""/>
                </entry>
              </interactiveData>
              <textSet textColor="4278190080" textSize="12" lineSpacingMultiple="1" textAlign="HaLeft" textVAlign="VaTop" textWordWrap="True" lineSpacing="16" textStyles="[]" useDefaultTextSize="False">
                <font family="%E5%BE%AE%E8%BD%AF%E9%9B%85%E9%BB%91" displayName="%E5%BE%AE%E8%BD%AF%E9%9B%85%E9%BB%91" postScript="" weightStyle="Regular" weight="400" isBold="False" isItalic="False"/>
                <text>100</text>
              </textSet>
              <selectedIndex>-1</selectedIndex>
              <selectedColor>4282501083</selectedColor>
              <textPadding>0</textPadding>
            </controlProperties>
          </control>
          <control controlID="F7CF26E4-F1D7-487B-AD30-A6FF2BB2CB07" controlTypeID="Label" isShow="True" caption="%E5%8D%95%E8%A1%8C%E6%96%87%E5%AD%97" x="161" y="248" w="25" h="16" measuredW="0" measuredH="0" zOrder="20" locked="False" sizeLocked="False">
            <controlProperties>
              <basic color="0" borderVisible="True" borderColor="4284900966" isAutoSize="True" status="MsEnabled" opacity="1" isCommentCom="False" canMove="True" alias="" rotation="0"/>
              <states/>
              <verticalScrollbarShow>False</verticalScrollbarShow>
              <verticalScrollbarProgress>0</verticalScrollbarProgress>
              <horizontalScrollbarShow>False</horizontalScrollbarShow>
              <horizontalScrollbarProgress>0</horizontalScrollbarProgress>
              <links eventType="AtClick" animate="AmNone" animateAutoDelay="0" animateDuration="500">
                <link targetPageID="" linkType="ltPageLink" isApplyIncludePage="False" title="%E9%93%BE%E6%8E%A5">
                  <area shape="0" alt="" ID="{C1A57B71-1328-41FE-90A8-E26A73487A36}" coords="(0,0,25,16)"/>
                </link>
              </links>
              <interactiveData>
                <entry title="">
                  <area shape="0" alt="" ID="{51BA619B-C5CD-4FE4-81A0-689FEFB76473}" coords="(0,0,25,16)"/>
                  <events title=""/>
                </entry>
              </interactiveData>
              <textSet textColor="4278190080" textSize="12" lineSpacingMultiple="1" textAlign="HaLeft" textVAlign="VaTop" textWordWrap="True" lineSpacing="16" textStyles="[]" useDefaultTextSize="False">
                <font family="%E5%BE%AE%E8%BD%AF%E9%9B%85%E9%BB%91" displayName="%E5%BE%AE%E8%BD%AF%E9%9B%85%E9%BB%91" postScript="" weightStyle="Regular" weight="400" isBold="False" isItalic="False"/>
                <text>150</text>
              </textSet>
              <selectedIndex>-1</selectedIndex>
              <selectedColor>4282501083</selectedColor>
              <textPadding>0</textPadding>
            </controlProperties>
          </control>
          <control controlID="4D787AB2-374B-4ED9-AD6F-5ADFF590E934" controlTypeID="Label" isShow="True" caption="%E5%8D%95%E8%A1%8C%E6%96%87%E5%AD%97" x="205" y="248" w="25" h="16" measuredW="0" measuredH="0" zOrder="21" locked="False" sizeLocked="False">
            <controlProperties>
              <basic color="0" borderVisible="True" borderColor="4284900966" isAutoSize="True" status="MsEnabled" opacity="1" isCommentCom="False" canMove="True" alias="" rotation="0"/>
              <states/>
              <verticalScrollbarShow>False</verticalScrollbarShow>
              <verticalScrollbarProgress>0</verticalScrollbarProgress>
              <horizontalScrollbarShow>False</horizontalScrollbarShow>
              <horizontalScrollbarProgress>0</horizontalScrollbarProgress>
              <links eventType="AtClick" animate="AmNone" animateAutoDelay="0" animateDuration="500">
                <link targetPageID="" linkType="ltPageLink" isApplyIncludePage="False" title="%E9%93%BE%E6%8E%A5">
                  <area shape="0" alt="" ID="{C1A57B71-1328-41FE-90A8-E26A73487A36}" coords="(0,0,25,16)"/>
                </link>
              </links>
              <interactiveData>
                <entry title="">
                  <area shape="0" alt="" ID="{51BA619B-C5CD-4FE4-81A0-689FEFB76473}" coords="(0,0,25,16)"/>
                  <events title=""/>
                </entry>
              </interactiveData>
              <textSet textColor="4278190080" textSize="12" lineSpacingMultiple="1" textAlign="HaLeft" textVAlign="VaTop" textWordWrap="True" lineSpacing="16" textStyles="[]" useDefaultTextSize="False">
                <font family="%E5%BE%AE%E8%BD%AF%E9%9B%85%E9%BB%91" displayName="%E5%BE%AE%E8%BD%AF%E9%9B%85%E9%BB%91" postScript="" weightStyle="Regular" weight="400" isBold="False" isItalic="False"/>
                <text>200</text>
              </textSet>
              <selectedIndex>-1</selectedIndex>
              <selectedColor>4282501083</selectedColor>
              <textPadding>0</textPadding>
            </controlProperties>
          </control>
          <control controlID="8D874A14-957E-425E-B010-D5C3A885C3BE" controlTypeID="Label" isShow="True" caption="%E5%8D%95%E8%A1%8C%E6%96%87%E5%AD%97" x="248" y="248" w="25" h="16" measuredW="0" measuredH="0" zOrder="22" locked="False" sizeLocked="False">
            <controlProperties>
              <basic color="0" borderVisible="True" borderColor="4284900966" isAutoSize="True" status="MsEnabled" opacity="1" isCommentCom="False" canMove="True" alias="" rotation="0"/>
              <states/>
              <verticalScrollbarShow>False</verticalScrollbarShow>
              <verticalScrollbarProgress>0</verticalScrollbarProgress>
              <horizontalScrollbarShow>False</horizontalScrollbarShow>
              <horizontalScrollbarProgress>0</horizontalScrollbarProgress>
              <links eventType="AtClick" animate="AmNone" animateAutoDelay="0" animateDuration="500">
                <link targetPageID="" linkType="ltPageLink" isApplyIncludePage="False" title="%E9%93%BE%E6%8E%A5">
                  <area shape="0" alt="" ID="{C1A57B71-1328-41FE-90A8-E26A73487A36}" coords="(0,0,25,16)"/>
                </link>
              </links>
              <interactiveData>
                <entry title="">
                  <area shape="0" alt="" ID="{51BA619B-C5CD-4FE4-81A0-689FEFB76473}" coords="(0,0,25,16)"/>
                  <events title=""/>
                </entry>
              </interactiveData>
              <textSet textColor="4278190080" textSize="12" lineSpacingMultiple="1" textAlign="HaLeft" textVAlign="VaTop" textWordWrap="True" lineSpacing="16" textStyles="[]" useDefaultTextSize="False">
                <font family="%E5%BE%AE%E8%BD%AF%E9%9B%85%E9%BB%91" displayName="%E5%BE%AE%E8%BD%AF%E9%9B%85%E9%BB%91" postScript="" weightStyle="Regular" weight="400" isBold="False" isItalic="False"/>
                <text>250</text>
              </textSet>
              <selectedIndex>-1</selectedIndex>
              <selectedColor>4282501083</selectedColor>
              <textPadding>0</textPadding>
            </controlProperties>
          </control>
          <control controlID="27DA1E83-A416-4A14-AD1E-4AE30C55AEEE" controlTypeID="Label" isShow="True" caption="%E5%8D%95%E8%A1%8C%E6%96%87%E5%AD%97" x="291" y="248" w="25" h="16" measuredW="0" measuredH="0" zOrder="23" locked="False" sizeLocked="False">
            <controlProperties>
              <basic color="0" borderVisible="True" borderColor="4284900966" isAutoSize="True" status="MsEnabled" opacity="1" isCommentCom="False" canMove="True" alias="" rotation="0"/>
              <states/>
              <verticalScrollbarShow>False</verticalScrollbarShow>
              <verticalScrollbarProgress>0</verticalScrollbarProgress>
              <horizontalScrollbarShow>False</horizontalScrollbarShow>
              <horizontalScrollbarProgress>0</horizontalScrollbarProgress>
              <links eventType="AtClick" animate="AmNone" animateAutoDelay="0" animateDuration="500">
                <link targetPageID="" linkType="ltPageLink" isApplyIncludePage="False" title="%E9%93%BE%E6%8E%A5">
                  <area shape="0" alt="" ID="{C1A57B71-1328-41FE-90A8-E26A73487A36}" coords="(0,0,25,16)"/>
                </link>
              </links>
              <interactiveData>
                <entry title="">
                  <area shape="0" alt="" ID="{51BA619B-C5CD-4FE4-81A0-689FEFB76473}" coords="(0,0,25,16)"/>
                  <events title=""/>
                </entry>
              </interactiveData>
              <textSet textColor="4278190080" textSize="12" lineSpacingMultiple="1" textAlign="HaLeft" textVAlign="VaTop" textWordWrap="True" lineSpacing="16" textStyles="[]" useDefaultTextSize="False">
                <font family="%E5%BE%AE%E8%BD%AF%E9%9B%85%E9%BB%91" displayName="%E5%BE%AE%E8%BD%AF%E9%9B%85%E9%BB%91" postScript="" weightStyle="Regular" weight="400" isBold="False" isItalic="False"/>
                <text>300</text>
              </textSet>
              <selectedIndex>-1</selectedIndex>
              <selectedColor>4282501083</selectedColor>
              <textPadding>0</textPadding>
            </controlProperties>
          </control>
          <control controlID="15224010-E553-4B16-B378-6EACF1AD3E2F" controlTypeID="Label" isShow="True" caption="%E5%8D%95%E8%A1%8C%E6%96%87%E5%AD%97" x="29" y="0" w="15" h="16" measuredW="0" measuredH="0" zOrder="24" locked="False" sizeLocked="False">
            <controlProperties>
              <basic color="0" borderVisible="True" borderColor="4284900966" isAutoSize="True" status="MsEnabled" opacity="1" isCommentCom="False" canMove="True" alias="" rotation="0"/>
              <states/>
              <verticalScrollbarShow>False</verticalScrollbarShow>
              <verticalScrollbarProgress>0</verticalScrollbarProgress>
              <horizontalScrollbarShow>False</horizontalScrollbarShow>
              <horizontalScrollbarProgress>0</horizontalScrollbarProgress>
              <links eventType="AtClick" animate="AmNone" animateAutoDelay="0" animateDuration="500">
                <link targetPageID="" linkType="ltPageLink" isApplyIncludePage="False" title="%E9%93%BE%E6%8E%A5">
                  <area shape="0" alt="" ID="{C1A57B71-1328-41FE-90A8-E26A73487A36}" coords="(0,0,15,16)"/>
                </link>
              </links>
              <interactiveData>
                <entry title="">
                  <area shape="0" alt="" ID="{51BA619B-C5CD-4FE4-81A0-689FEFB76473}" coords="(0,0,15,16)"/>
                  <events title=""/>
                </entry>
              </interactiveData>
              <textSet textColor="4278190080" textSize="12" lineSpacingMultiple="1" textAlign="HaLeft" textVAlign="VaTop" textWordWrap="True" lineSpacing="16" textStyles="[]" useDefaultTextSize="False">
                <font family="%E5%BE%AE%E8%BD%AF%E9%9B%85%E9%BB%91" displayName="%E5%BE%AE%E8%BD%AF%E9%9B%85%E9%BB%91" postScript="" weightStyle="Regular" weight="400" isBold="False" isItalic="False"/>
                <text>%E6%9C%88</text>
              </textSet>
              <selectedIndex>-1</selectedIndex>
              <selectedColor>4282501083</selectedColor>
              <textPadding>0</textPadding>
            </controlProperties>
          </control>
          <control controlID="A0A4C88D-7663-4008-951E-AA3A4B36B391" controlTypeID="Label" isShow="True" caption="%E5%8D%95%E8%A1%8C%E6%96%87%E5%AD%97" x="320" y="232" w="40" h="16" measuredW="0" measuredH="0" zOrder="25" locked="False" sizeLocked="False">
            <controlProperties>
              <basic color="0" borderVisible="True" borderColor="4284900966" isAutoSize="True" status="MsEnabled" opacity="1" isCommentCom="False" canMove="True" alias="" rotation="0"/>
              <states/>
              <verticalScrollbarShow>False</verticalScrollbarShow>
              <verticalScrollbarProgress>0</verticalScrollbarProgress>
              <horizontalScrollbarShow>False</horizontalScrollbarShow>
              <horizontalScrollbarProgress>0</horizontalScrollbarProgress>
              <links eventType="AtClick" animate="AmNone" animateAutoDelay="0" animateDuration="500">
                <link targetPageID="" linkType="ltPageLink" isApplyIncludePage="False" title="%E9%93%BE%E6%8E%A5">
                  <area shape="0" alt="" ID="{C1A57B71-1328-41FE-90A8-E26A73487A36}" coords="(0,0,40,16)"/>
                </link>
              </links>
              <interactiveData>
                <entry title="">
                  <area shape="0" alt="" ID="{51BA619B-C5CD-4FE4-81A0-689FEFB76473}" coords="(0,0,40,16)"/>
                  <events title=""/>
                </entry>
              </interactiveData>
              <textSet textColor="4278190080" textSize="12" lineSpacingMultiple="1" textAlign="HaLeft" textVAlign="VaTop" textWordWrap="True" lineSpacing="16" textStyles="[]" useDefaultTextSize="False">
                <font family="%E5%BE%AE%E8%BD%AF%E9%9B%85%E9%BB%91" displayName="%E5%BE%AE%E8%BD%AF%E9%9B%85%E9%BB%91" postScript="" weightStyle="Regular" weight="400" isBold="False" isItalic="False"/>
                <text>%E9%A1%B9%E7%9B%AE%E6%95%B0</text>
              </textSet>
              <selectedIndex>-1</selectedIndex>
              <selectedColor>4282501083</selectedColor>
              <textPadding>0</textPadding>
            </controlProperties>
          </control>
          <control controlID="9AD6F3B9-A08F-4994-BCD1-78288D9BD5B2" controlTypeID="Shape" isShow="True" caption="%E5%BD%A2%E7%8A%B6" x="54" y="283" w="14" h="13" measuredW="120" measuredH="100" zOrder="26" locked="False" sizeLocked="False">
            <controlProperties>
              <basic color="4278255360" borderVisible="True" borderColor="4278255360" isAutoSize="False" status="MsEnabled" opacity="1" isCommentCom="False" canMove="True" alias="" rotation="0"/>
              <states/>
              <verticalScrollbarShow>False</verticalScrollbarShow>
              <verticalScrollbarProgress>0</verticalScrollbarProgress>
              <horizontalScrollbarShow>False</horizontalScrollbarShow>
              <horizontalScrollbarProgress>0</horizontalScrollbarProgress>
              <links eventType="AtClick" animate="AmNone" animateAutoDelay="0" animateDuration="500">
                <link targetPageID="" linkType="ltPageLink" isApplyIncludePage="False" title="%E9%93%BE%E6%8E%A5">
                  <area shape="0" alt="" ID="{FAE1E4E7-D575-424A-9924-B0DCA6FFB5B1}" coords="(0,0,14,13)"/>
                </link>
              </links>
              <interactiveData>
                <entry title="">
                  <area shape="0" alt="" ID="{70D5231E-4464-4356-B784-04CB18C15DDB}" coords="(0,0,14,13)"/>
                  <events title=""/>
                </entry>
              </interactiveData>
              <textSet textColor="4278190080" textSize="14" lineSpacingMultiple="1" textAlign="HaCenter" textVAlign="VaMiddle" textWordWrap="True" lineSpacing="18" textStyles="[]" useDefaultTextSize="True">
                <font family="%E5%BE%AE%E8%BD%AF%E9%9B%85%E9%BB%91" displayName="%E5%BE%AE%E8%BD%AF%E9%9B%85%E9%BB%91" postScript="" weightStyle="Regular" weight="400" isBold="False" isItalic="False"/>
              </textSet>
              <selectedIndex>-1</selectedIndex>
              <selectedColor>4282501083</selectedColor>
              <textPadding>0</textPadding>
              <shapeBorderType>SbRectangle</shapeBorderType>
              <triangleType>TdZero</triangleType>
              <dashMode>SdSolid</dashMode>
              <rectangleBorderLeftVisible>True</rectangleBorderLeftVisible>
              <rectangleBorderRightVisible>True</rectangleBorderRightVisible>
              <rectangleBorderTopVisible>True</rectangleBorderTopVisible>
              <rectangleBorderBottomVisible>True</rectangleBorderBottomVisible>
              <radius>0</radius>
              <radiusIsPercent>False</radiusIsPercent>
              <thickness>1</thickness>
            </controlProperties>
          </control>
          <control controlID="8E4D3A06-740B-42F2-A4E6-522B18CC3900" controlTypeID="Label" isShow="True" caption="%E5%8D%95%E8%A1%8C%E6%96%87%E5%AD%97" x="79" y="279" w="61" h="19" measuredW="0" measuredH="0" zOrder="27" locked="False" sizeLocked="False">
            <controlProperties>
              <basic color="0" borderVisible="True" borderColor="4284900966" isAutoSize="True" status="MsEnabled" opacity="1" isCommentCom="False" canMove="True" alias="" rotation="0"/>
              <states/>
              <verticalScrollbarShow>False</verticalScrollbarShow>
              <verticalScrollbarProgress>0</verticalScrollbarProgress>
              <horizontalScrollbarShow>False</horizontalScrollbarShow>
              <horizontalScrollbarProgress>0</horizontalScrollbarProgress>
              <links eventType="AtClick" animate="AmNone" animateAutoDelay="0" animateDuration="500">
                <link targetPageID="" linkType="ltPageLink" isApplyIncludePage="False" title="%E9%93%BE%E6%8E%A5">
                  <area shape="0" alt="" ID="{8A9F525E-44EC-4AE9-8AC2-75C1C5D5AB4C}" coords="(0,0,61,19)"/>
                </link>
              </links>
              <interactiveData>
                <entry title="">
                  <area shape="0" alt="" ID="{33A667B7-F4AC-4B93-9422-7A30F0B34DDB}" coords="(0,0,61,19)"/>
                  <events title=""/>
                </entry>
              </interactiveData>
              <textSet textColor="4278190080" textSize="14" lineSpacingMultiple="1" textAlign="HaLeft" textVAlign="VaTop" textWordWrap="True" lineSpacing="18" textStyles="[]" useDefaultTextSize="True">
                <font family="%E5%BE%AE%E8%BD%AF%E9%9B%85%E9%BB%91" displayName="%E5%BE%AE%E8%BD%AF%E9%9B%85%E9%BB%91" postScript="" weightStyle="Regular" weight="400" isBold="False" isItalic="False"/>
                <text>%E8%AE%A1%E5%88%92%E5%AE%8C%E6%88%90</text>
              </textSet>
              <selectedIndex>-1</selectedIndex>
              <selectedColor>4282501083</selectedColor>
              <textPadding>0</textPadding>
            </controlProperties>
          </control>
          <control controlID="38CAC5D6-552B-4DF6-B096-9749A4477EEA" controlTypeID="Shape" isShow="True" caption="%E5%BD%A2%E7%8A%B6" x="204" y="283" w="14" h="13" measuredW="120" measuredH="100" zOrder="28" locked="False" sizeLocked="False">
            <controlProperties>
              <basic color="4294901760" borderVisible="True" borderColor="4294901760" isAutoSize="False" status="MsEnabled" opacity="1" isCommentCom="False" canMove="True" alias="" rotation="0"/>
              <states/>
              <verticalScrollbarShow>False</verticalScrollbarShow>
              <verticalScrollbarProgress>0</verticalScrollbarProgress>
              <horizontalScrollbarShow>False</horizontalScrollbarShow>
              <horizontalScrollbarProgress>0</horizontalScrollbarProgress>
              <links eventType="AtClick" animate="AmNone" animateAutoDelay="0" animateDuration="500">
                <link targetPageID="" linkType="ltPageLink" isApplyIncludePage="False" title="%E9%93%BE%E6%8E%A5">
                  <area shape="0" alt="" ID="{FAE1E4E7-D575-424A-9924-B0DCA6FFB5B1}" coords="(0,0,14,13)"/>
                </link>
              </links>
              <interactiveData>
                <entry title="">
                  <area shape="0" alt="" ID="{70D5231E-4464-4356-B784-04CB18C15DDB}" coords="(0,0,14,13)"/>
                  <events title=""/>
                </entry>
              </interactiveData>
              <textSet textColor="4278190080" textSize="14" lineSpacingMultiple="1" textAlign="HaCenter" textVAlign="VaMiddle" textWordWrap="True" lineSpacing="18" textStyles="[]" useDefaultTextSize="True">
                <font family="%E5%BE%AE%E8%BD%AF%E9%9B%85%E9%BB%91" displayName="%E5%BE%AE%E8%BD%AF%E9%9B%85%E9%BB%91" postScript="" weightStyle="Regular" weight="400" isBold="False" isItalic="False"/>
              </textSet>
              <selectedIndex>-1</selectedIndex>
              <selectedColor>4282501083</selectedColor>
              <textPadding>0</textPadding>
              <shapeBorderType>SbRectangle</shapeBorderType>
              <triangleType>TdZero</triangleType>
              <dashMode>SdSolid</dashMode>
              <rectangleBorderLeftVisible>True</rectangleBorderLeftVisible>
              <rectangleBorderRightVisible>True</rectangleBorderRightVisible>
              <rectangleBorderTopVisible>True</rectangleBorderTopVisible>
              <rectangleBorderBottomVisible>True</rectangleBorderBottomVisible>
              <radius>0</radius>
              <radiusIsPercent>False</radiusIsPercent>
              <thickness>1</thickness>
            </controlProperties>
          </control>
          <control controlID="61753F6C-E14A-4FAC-826C-89F172313665" controlTypeID="Label" isShow="True" caption="%E5%8D%95%E8%A1%8C%E6%96%87%E5%AD%97" x="229" y="279" w="47" h="19" measuredW="0" measuredH="0" zOrder="29" locked="False" sizeLocked="False">
            <controlProperties>
              <basic color="0" borderVisible="True" borderColor="4284900966" isAutoSize="True" status="MsEnabled" opacity="1" isCommentCom="False" canMove="True" alias="" rotation="0"/>
              <states/>
              <verticalScrollbarShow>False</verticalScrollbarShow>
              <verticalScrollbarProgress>0</verticalScrollbarProgress>
              <horizontalScrollbarShow>False</horizontalScrollbarShow>
              <horizontalScrollbarProgress>0</horizontalScrollbarProgress>
              <links eventType="AtClick" animate="AmNone" animateAutoDelay="0" animateDuration="500">
                <link targetPageID="" linkType="ltPageLink" isApplyIncludePage="False" title="%E9%93%BE%E6%8E%A5">
                  <area shape="0" alt="" ID="{8A9F525E-44EC-4AE9-8AC2-75C1C5D5AB4C}" coords="(0,0,47,19)"/>
                </link>
              </links>
              <interactiveData>
                <entry title="">
                  <area shape="0" alt="" ID="{33A667B7-F4AC-4B93-9422-7A30F0B34DDB}" coords="(0,0,47,19)"/>
                  <events title=""/>
                </entry>
              </interactiveData>
              <textSet textColor="4278190080" textSize="14" lineSpacingMultiple="1" textAlign="HaLeft" textVAlign="VaTop" textWordWrap="True" lineSpacing="18" textStyles="[]" useDefaultTextSize="True">
                <font family="%E5%BE%AE%E8%BD%AF%E9%9B%85%E9%BB%91" displayName="%E5%BE%AE%E8%BD%AF%E9%9B%85%E9%BB%91" postScript="" weightStyle="Regular" weight="400" isBold="False" isItalic="False"/>
                <text>%E5%B7%B2%E5%AE%8C%E6%88%90</text>
              </textSet>
              <selectedIndex>-1</selectedIndex>
              <selectedColor>4282501083</selectedColor>
              <textPadding>0</textPadding>
            </controlProperties>
          </control>
        </groupChildrenDescriptors>
      </controlProperties>
    </control>
  </controls>
</master>