﻿<master version="4.7" minAllowVersion="4.7" ID="5659EA42-C096-48EE-A744-153ED2C9E4B1">
  <controls>
    <control controlID="FDDA11A6-1C70-4ED8-80C8-7CCA93FBA406" controlTypeID="Master" isShow="False" caption="%E6%AF%8D%E7%89%88%E9%98%B6%E6%AE%B5%E6%97%A5" x="39" y="425" w="352" h="278" measuredW="0" measuredH="0" zOrder="4" locked="False" sizeLocked="False" masterID="5659EA42-C096-48EE-A744-153ED2C9E4B1">
      <controlProperties>
        <basic color="4294967295" borderVisible="True" borderColor="4284900966" isAutoSize="False" status="MsEnabled" opacity="1" isCommentCom="False" canMove="True" alias="" rotation="0"/>
        <states/>
        <verticalScrollbarShow>False</verticalScrollbarShow>
        <verticalScrollbarProgress>0</verticalScrollbarProgress>
        <horizontalScrollbarShow>False</horizontalScrollbarShow>
        <horizontalScrollbarProgress>0</horizontalScrollbarProgress>
        <links eventType="AtClick" animate="AmNone" animateAutoDelay="0" animateDuration="500">
          <link targetPageID="" linkType="ltPageLink" isApplyIncludePage="False" title="%E9%93%BE%E6%8E%A5">
            <area shape="0" alt="" ID="{C314A966-C923-43CE-809F-589E035416FC}" coords="(0,0,352,298)"/>
          </link>
        </links>
        <interactiveData>
          <entry title="">
            <area shape="0" alt="" ID="{1E0334B1-EB36-4E8F-9206-CADFE669D808}" coords="(0,0,352,298)"/>
            <events title=""/>
          </entry>
        </interactiveData>
        <groupChildrenDescriptors>
          <control controlID="4949D603-FEE7-45A2-A2F1-D90A2E068841" controlTypeID="Line" isShow="False" caption="%E7%BA%BF%E6%AE%B5" x="52" y="30" w="1" h="229" measuredW="120" measuredH="120" zOrder="0" locked="False" sizeLocked="False">
            <controlProperties>
              <basic color="4284900966" borderVisible="True" borderColor="4284900966" isAutoSize="False" status="MsEnabled" opacity="1" isCommentCom="False" canMove="True" alias="" rotation="0"/>
              <states/>
              <verticalScrollbarShow>False</verticalScrollbarShow>
              <verticalScrollbarProgress>0</verticalScrollbarProgress>
              <horizontalScrollbarShow>False</horizontalScrollbarShow>
              <horizontalScrollbarProgress>0</horizontalScrollbarProgress>
              <links eventType="AtClick" animate="AmNone" animateAutoDelay="0" animateDuration="500">
                <link targetPageID="" linkType="ltPageLink" isApplyIncludePage="False" title="%E9%93%BE%E6%8E%A5">
                  <area shape="0" alt="" ID="{266EEBF4-5D17-4E33-B666-79735F0FDFF6}" coords="(0,0,1,229)"/>
                </link>
              </links>
              <interactiveData>
                <entry title="">
                  <area shape="0" alt="" ID="{F1B4548A-C408-4646-8BBF-4ACE5065A28C}" coords="(0,0,1,229)"/>
                  <events title=""/>
                </entry>
              </interactiveData>
              <textSet textColor="4278190080" textSize="14" lineSpacingMultiple="1" textAlign="HaCenter" textVAlign="VaTop" textWordWrap="True" lineSpacing="18" textStyles="[]" useDefaultTextSize="True">
                <font family="%E5%BE%AE%E8%BD%AF%E9%9B%85%E9%BB%91" displayName="%E5%BE%AE%E8%BD%AF%E9%9B%85%E9%BB%91" postScript="" weightStyle="Regular" weight="400" isBold="False" isItalic="False"/>
              </textSet>
              <selectedIndex>-1</selectedIndex>
              <selectedColor>4282501083</selectedColor>
              <textPadding>0</textPadding>
              <controlPoint>(0,115)</controlPoint>
              <startPoint>(0,1)</startPoint>
              <endPoint>(0,229)</endPoint>
              <thickness>1</thickness>
              <dashMode>SdSolid</dashMode>
              <textBackgroundColor>4294967295</textBackgroundColor>
              <textBorderColor>4284900966</textBorderColor>
              <showStartArrow>0</showStartArrow>
              <showEndArrow>0</showEndArrow>
              <isCurved>True</isCurved>
              <isTextPosCenter>True</isTextPosCenter>
            </controlProperties>
          </control>
          <control controlID="5BF89B2A-1AB0-4939-B259-EA5D714F71AA" controlTypeID="Line" isShow="False" caption="%E7%BA%BF%E6%AE%B5" x="52" y="259" w="250" h="2" measuredW="120" measuredH="120" zOrder="1" locked="False" sizeLocked="False">
            <controlProperties>
              <basic color="4284900966" borderVisible="True" borderColor="4284900966" isAutoSize="False" status="MsEnabled" opacity="1" isCommentCom="False" canMove="True" alias="" rotation="0"/>
              <states/>
              <verticalScrollbarShow>False</verticalScrollbarShow>
              <verticalScrollbarProgress>0</verticalScrollbarProgress>
              <horizontalScrollbarShow>False</horizontalScrollbarShow>
              <horizontalScrollbarProgress>0</horizontalScrollbarProgress>
              <links eventType="AtClick" animate="AmNone" animateAutoDelay="0" animateDuration="500">
                <link targetPageID="" linkType="ltPageLink" isApplyIncludePage="False" title="%E9%93%BE%E6%8E%A5">
                  <area shape="0" alt="" ID="{266EEBF4-5D17-4E33-B666-79735F0FDFF6}" coords="(0,0,250,2)"/>
                </link>
              </links>
              <interactiveData>
                <entry title="">
                  <area shape="0" alt="" ID="{F1B4548A-C408-4646-8BBF-4ACE5065A28C}" coords="(0,0,250,2)"/>
                  <events title=""/>
                </entry>
              </interactiveData>
              <textSet textColor="4278190080" textSize="14" lineSpacingMultiple="1" textAlign="HaCenter" textVAlign="VaTop" textWordWrap="True" lineSpacing="18" textStyles="[]" useDefaultTextSize="True">
                <font family="%E5%BE%AE%E8%BD%AF%E9%9B%85%E9%BB%91" displayName="%E5%BE%AE%E8%BD%AF%E9%9B%85%E9%BB%91" postScript="" weightStyle="Regular" weight="400" isBold="False" isItalic="False"/>
              </textSet>
              <selectedIndex>-1</selectedIndex>
              <selectedColor>4282501083</selectedColor>
              <textPadding>0</textPadding>
              <controlPoint>(125,1)</controlPoint>
              <startPoint>(250,1)</startPoint>
              <endPoint>(0,1)</endPoint>
              <thickness>1</thickness>
              <dashMode>SdSolid</dashMode>
              <textBackgroundColor>4294967295</textBackgroundColor>
              <textBorderColor>4284900966</textBorderColor>
              <showStartArrow>0</showStartArrow>
              <showEndArrow>0</showEndArrow>
              <isCurved>True</isCurved>
              <isTextPosCenter>True</isTextPosCenter>
            </controlProperties>
          </control>
          <control controlID="D53FE070-204C-4072-B103-8F00889745EF" controlTypeID="Shape" isShow="False" caption="%E5%BD%A2%E7%8A%B6" x="52" y="52" w="190" h="16" measuredW="120" measuredH="100" zOrder="2" locked="False" sizeLocked="False">
            <controlProperties>
              <basic color="4278255360" borderVisible="True" borderColor="4278255360" isAutoSize="False" status="MsEnabled" opacity="1" isCommentCom="False" canMove="True" alias="" rotation="0"/>
              <states/>
              <verticalScrollbarShow>False</verticalScrollbarShow>
              <verticalScrollbarProgress>0</verticalScrollbarProgress>
              <horizontalScrollbarShow>False</horizontalScrollbarShow>
              <horizontalScrollbarProgress>0</horizontalScrollbarProgress>
              <links eventType="AtClick" animate="AmNone" animateAutoDelay="0" animateDuration="500">
                <link targetPageID="" linkType="ltPageLink" isApplyIncludePage="False" title="%E9%93%BE%E6%8E%A5">
                  <area shape="0" alt="" ID="{FAE1E4E7-D575-424A-9924-B0DCA6FFB5B1}" coords="(0,0,190,16)"/>
                </link>
              </links>
              <interactiveData>
                <entry title="">
                  <area shape="0" alt="" ID="{70D5231E-4464-4356-B784-04CB18C15DDB}" coords="(0,0,190,16)"/>
                  <events title=""/>
                </entry>
              </interactiveData>
              <textSet textColor="4278190080" textSize="14" lineSpacingMultiple="1" textAlign="HaCenter" textVAlign="VaMiddle" textWordWrap="True" lineSpacing="18" textStyles="[]" useDefaultTextSize="True">
                <font family="%E5%BE%AE%E8%BD%AF%E9%9B%85%E9%BB%91" displayName="%E5%BE%AE%E8%BD%AF%E9%9B%85%E9%BB%91" postScript="" weightStyle="Regular" weight="400" isBold="False" isItalic="False"/>
              </textSet>
              <selectedIndex>-1</selectedIndex>
              <selectedColor>4282501083</selectedColor>
              <textPadding>0</textPadding>
              <shapeBorderType>SbRectangle</shapeBorderType>
              <triangleType>TdZero</triangleType>
              <dashMode>SdSolid</dashMode>
              <rectangleBorderLeftVisible>True</rectangleBorderLeftVisible>
              <rectangleBorderRightVisible>True</rectangleBorderRightVisible>
              <rectangleBorderTopVisible>True</rectangleBorderTopVisible>
              <rectangleBorderBottomVisible>True</rectangleBorderBottomVisible>
              <radius>0</radius>
              <radiusIsPercent>False</radiusIsPercent>
              <thickness>1</thickness>
            </controlProperties>
          </control>
          <control controlID="8651CC99-054F-4630-B033-590E95C9751B" controlTypeID="Shape" isShow="False" caption="%E5%BD%A2%E7%8A%B6" x="52" y="68" w="144" h="16" measuredW="120" measuredH="100" zOrder="3" locked="False" sizeLocked="False">
            <controlProperties>
              <basic color="4294901760" borderVisible="True" borderColor="4294901760" isAutoSize="False" status="MsEnabled" opacity="1" isCommentCom="False" canMove="True" alias="" rotation="0"/>
              <states/>
              <verticalScrollbarShow>False</verticalScrollbarShow>
              <verticalScrollbarProgress>0</verticalScrollbarProgress>
              <horizontalScrollbarShow>False</horizontalScrollbarShow>
              <horizontalScrollbarProgress>0</horizontalScrollbarProgress>
              <links eventType="AtClick" animate="AmNone" animateAutoDelay="0" animateDuration="500">
                <link targetPageID="" linkType="ltPageLink" isApplyIncludePage="False" title="%E9%93%BE%E6%8E%A5">
                  <area shape="0" alt="" ID="{FAE1E4E7-D575-424A-9924-B0DCA6FFB5B1}" coords="(0,0,144,16)"/>
                </link>
              </links>
              <interactiveData>
                <entry title="">
                  <area shape="0" alt="" ID="{70D5231E-4464-4356-B784-04CB18C15DDB}" coords="(0,0,144,16)"/>
                  <events title=""/>
                </entry>
              </interactiveData>
              <textSet textColor="4278190080" textSize="14" lineSpacingMultiple="1" textAlign="HaCenter" textVAlign="VaMiddle" textWordWrap="True" lineSpacing="18" textStyles="[]" useDefaultTextSize="True">
                <font family="%E5%BE%AE%E8%BD%AF%E9%9B%85%E9%BB%91" displayName="%E5%BE%AE%E8%BD%AF%E9%9B%85%E9%BB%91" postScript="" weightStyle="Regular" weight="400" isBold="False" isItalic="False"/>
              </textSet>
              <selectedIndex>-1</selectedIndex>
              <selectedColor>4282501083</selectedColor>
              <textPadding>0</textPadding>
              <shapeBorderType>SbRectangle</shapeBorderType>
              <triangleType>TdZero</triangleType>
              <dashMode>SdSolid</dashMode>
              <rectangleBorderLeftVisible>True</rectangleBorderLeftVisible>
              <rectangleBorderRightVisible>True</rectangleBorderRightVisible>
              <rectangleBorderTopVisible>True</rectangleBorderTopVisible>
              <rectangleBorderBottomVisible>True</rectangleBorderBottomVisible>
              <radius>0</radius>
              <radiusIsPercent>False</radiusIsPercent>
              <thickness>1</thickness>
            </controlProperties>
          </control>
          <control controlID="DE532D6D-F520-4BED-B35B-B74FA0FC975E" controlTypeID="Shape" isShow="False" caption="%E5%BD%A2%E7%8A%B6" x="52" y="94" w="118" h="16" measuredW="120" measuredH="100" zOrder="4" locked="False" sizeLocked="False">
            <controlProperties>
              <basic color="4278255360" borderVisible="True" borderColor="4278255360" isAutoSize="False" status="MsEnabled" opacity="1" isCommentCom="False" canMove="True" alias="" rotation="0"/>
              <states/>
              <verticalScrollbarShow>False</verticalScrollbarShow>
              <verticalScrollbarProgress>0</verticalScrollbarProgress>
              <horizontalScrollbarShow>False</horizontalScrollbarShow>
              <horizontalScrollbarProgress>0</horizontalScrollbarProgress>
              <links eventType="AtClick" animate="AmNone" animateAutoDelay="0" animateDuration="500">
                <link targetPageID="" linkType="ltPageLink" isApplyIncludePage="False" title="%E9%93%BE%E6%8E%A5">
                  <area shape="0" alt="" ID="{FAE1E4E7-D575-424A-9924-B0DCA6FFB5B1}" coords="(0,0,118,16)"/>
                </link>
              </links>
              <interactiveData>
                <entry title="">
                  <area shape="0" alt="" ID="{70D5231E-4464-4356-B784-04CB18C15DDB}" coords="(0,0,118,16)"/>
                  <events title=""/>
                </entry>
              </interactiveData>
              <textSet textColor="4278190080" textSize="14" lineSpacingMultiple="1" textAlign="HaCenter" textVAlign="VaMiddle" textWordWrap="True" lineSpacing="18" textStyles="[]" useDefaultTextSize="True">
                <font family="%E5%BE%AE%E8%BD%AF%E9%9B%85%E9%BB%91" displayName="%E5%BE%AE%E8%BD%AF%E9%9B%85%E9%BB%91" postScript="" weightStyle="Regular" weight="400" isBold="False" isItalic="False"/>
              </textSet>
              <selectedIndex>-1</selectedIndex>
              <selectedColor>4282501083</selectedColor>
              <textPadding>0</textPadding>
              <shapeBorderType>SbRectangle</shapeBorderType>
              <triangleType>TdZero</triangleType>
              <dashMode>SdSolid</dashMode>
              <rectangleBorderLeftVisible>True</rectangleBorderLeftVisible>
              <rectangleBorderRightVisible>True</rectangleBorderRightVisible>
              <rectangleBorderTopVisible>True</rectangleBorderTopVisible>
              <rectangleBorderBottomVisible>True</rectangleBorderBottomVisible>
              <radius>0</radius>
              <radiusIsPercent>False</radiusIsPercent>
              <thickness>1</thickness>
            </controlProperties>
          </control>
          <control controlID="533176FF-ACE1-48BF-BFB5-EFEB21609797" controlTypeID="Shape" isShow="False" caption="%E5%BD%A2%E7%8A%B6" x="52" y="110" w="172" h="16" measuredW="120" measuredH="100" zOrder="5" locked="False" sizeLocked="False">
            <controlProperties>
              <basic color="4294901760" borderVisible="True" borderColor="4294901760" isAutoSize="False" status="MsEnabled" opacity="1" isCommentCom="False" canMove="True" alias="" rotation="0"/>
              <states/>
              <verticalScrollbarShow>False</verticalScrollbarShow>
              <verticalScrollbarProgress>0</verticalScrollbarProgress>
              <horizontalScrollbarShow>False</horizontalScrollbarShow>
              <horizontalScrollbarProgress>0</horizontalScrollbarProgress>
              <links eventType="AtClick" animate="AmNone" animateAutoDelay="0" animateDuration="500">
                <link targetPageID="" linkType="ltPageLink" isApplyIncludePage="False" title="%E9%93%BE%E6%8E%A5">
                  <area shape="0" alt="" ID="{FAE1E4E7-D575-424A-9924-B0DCA6FFB5B1}" coords="(0,0,172,16)"/>
                </link>
              </links>
              <interactiveData>
                <entry title="">
                  <area shape="0" alt="" ID="{70D5231E-4464-4356-B784-04CB18C15DDB}" coords="(0,0,172,16)"/>
                  <events title=""/>
                </entry>
              </interactiveData>
              <textSet textColor="4278190080" textSize="14" lineSpacingMultiple="1" textAlign="HaCenter" textVAlign="VaMiddle" textWordWrap="True" lineSpacing="18" textStyles="[]" useDefaultTextSize="True">
                <font family="%E5%BE%AE%E8%BD%AF%E9%9B%85%E9%BB%91" displayName="%E5%BE%AE%E8%BD%AF%E9%9B%85%E9%BB%91" postScript="" weightStyle="Regular" weight="400" isBold="False" isItalic="False"/>
              </textSet>
              <selectedIndex>-1</selectedIndex>
              <selectedColor>4282501083</selectedColor>
              <textPadding>0</textPadding>
              <shapeBorderType>SbRectangle</shapeBorderType>
              <triangleType>TdZero</triangleType>
              <dashMode>SdSolid</dashMode>
              <rectangleBorderLeftVisible>True</rectangleBorderLeftVisible>
              <rectangleBorderRightVisible>True</rectangleBorderRightVisible>
              <rectangleBorderTopVisible>True</rectangleBorderTopVisible>
              <rectangleBorderBottomVisible>True</rectangleBorderBottomVisible>
              <radius>0</radius>
              <radiusIsPercent>False</radiusIsPercent>
              <thickness>1</thickness>
            </controlProperties>
          </control>
          <control controlID="40B266E3-2CB4-4FF2-9493-44C9A4573937" controlTypeID="Shape" isShow="False" caption="%E5%BD%A2%E7%8A%B6" x="52" y="136" w="80" h="16" measuredW="120" measuredH="100" zOrder="6" locked="False" sizeLocked="False">
            <controlProperties>
              <basic color="4278255360" borderVisible="True" borderColor="4278255360" isAutoSize="False" status="MsEnabled" opacity="1" isCommentCom="False" canMove="True" alias="" rotation="0"/>
              <states/>
              <verticalScrollbarShow>False</verticalScrollbarShow>
              <verticalScrollbarProgress>0</verticalScrollbarProgress>
              <horizontalScrollbarShow>False</horizontalScrollbarShow>
              <horizontalScrollbarProgress>0</horizontalScrollbarProgress>
              <links eventType="AtClick" animate="AmNone" animateAutoDelay="0" animateDuration="500">
                <link targetPageID="" linkType="ltPageLink" isApplyIncludePage="False" title="%E9%93%BE%E6%8E%A5">
                  <area shape="0" alt="" ID="{FAE1E4E7-D575-424A-9924-B0DCA6FFB5B1}" coords="(0,0,80,16)"/>
                </link>
              </links>
              <interactiveData>
                <entry title="">
                  <area shape="0" alt="" ID="{70D5231E-4464-4356-B784-04CB18C15DDB}" coords="(0,0,80,16)"/>
                  <events title=""/>
                </entry>
              </interactiveData>
              <textSet textColor="4278190080" textSize="14" lineSpacingMultiple="1" textAlign="HaCenter" textVAlign="VaMiddle" textWordWrap="True" lineSpacing="18" textStyles="[]" useDefaultTextSize="True">
                <font family="%E5%BE%AE%E8%BD%AF%E9%9B%85%E9%BB%91" displayName="%E5%BE%AE%E8%BD%AF%E9%9B%85%E9%BB%91" postScript="" weightStyle="Regular" weight="400" isBold="False" isItalic="False"/>
              </textSet>
              <selectedIndex>-1</selectedIndex>
              <selectedColor>4282501083</selectedColor>
              <textPadding>0</textPadding>
              <shapeBorderType>SbRectangle</shapeBorderType>
              <triangleType>TdZero</triangleType>
              <dashMode>SdSolid</dashMode>
              <rectangleBorderLeftVisible>True</rectangleBorderLeftVisible>
              <rectangleBorderRightVisible>True</rectangleBorderRightVisible>
              <rectangleBorderTopVisible>True</rectangleBorderTopVisible>
              <rectangleBorderBottomVisible>True</rectangleBorderBottomVisible>
              <radius>0</radius>
              <radiusIsPercent>False</radiusIsPercent>
              <thickness>1</thickness>
            </controlProperties>
          </control>
          <control controlID="FBE56CA4-7B0D-4523-856B-DD67B2C296F2" controlTypeID="Shape" isShow="False" caption="%E5%BD%A2%E7%8A%B6" x="52" y="152" w="144" h="16" measuredW="120" measuredH="100" zOrder="7" locked="False" sizeLocked="False">
            <controlProperties>
              <basic color="4294901760" borderVisible="True" borderColor="4294901760" isAutoSize="False" status="MsEnabled" opacity="1" isCommentCom="False" canMove="True" alias="" rotation="0"/>
              <states/>
              <verticalScrollbarShow>False</verticalScrollbarShow>
              <verticalScrollbarProgress>0</verticalScrollbarProgress>
              <horizontalScrollbarShow>False</horizontalScrollbarShow>
              <horizontalScrollbarProgress>0</horizontalScrollbarProgress>
              <links eventType="AtClick" animate="AmNone" animateAutoDelay="0" animateDuration="500">
                <link targetPageID="" linkType="ltPageLink" isApplyIncludePage="False" title="%E9%93%BE%E6%8E%A5">
                  <area shape="0" alt="" ID="{FAE1E4E7-D575-424A-9924-B0DCA6FFB5B1}" coords="(0,0,144,16)"/>
                </link>
              </links>
              <interactiveData>
                <entry title="">
                  <area shape="0" alt="" ID="{70D5231E-4464-4356-B784-04CB18C15DDB}" coords="(0,0,144,16)"/>
                  <events title=""/>
                </entry>
              </interactiveData>
              <textSet textColor="4278190080" textSize="14" lineSpacingMultiple="1" textAlign="HaCenter" textVAlign="VaMiddle" textWordWrap="True" lineSpacing="18" textStyles="[]" useDefaultTextSize="True">
                <font family="%E5%BE%AE%E8%BD%AF%E9%9B%85%E9%BB%91" displayName="%E5%BE%AE%E8%BD%AF%E9%9B%85%E9%BB%91" postScript="" weightStyle="Regular" weight="400" isBold="False" isItalic="False"/>
              </textSet>
              <selectedIndex>-1</selectedIndex>
              <selectedColor>4282501083</selectedColor>
              <textPadding>0</textPadding>
              <shapeBorderType>SbRectangle</shapeBorderType>
              <triangleType>TdZero</triangleType>
              <dashMode>SdSolid</dashMode>
              <rectangleBorderLeftVisible>True</rectangleBorderLeftVisible>
              <rectangleBorderRightVisible>True</rectangleBorderRightVisible>
              <rectangleBorderTopVisible>True</rectangleBorderTopVisible>
              <rectangleBorderBottomVisible>True</rectangleBorderBottomVisible>
              <radius>0</radius>
              <radiusIsPercent>False</radiusIsPercent>
              <thickness>1</thickness>
            </controlProperties>
          </control>
          <control controlID="70DCEE4C-652D-47DD-9234-E85B2D422C10" controlTypeID="Shape" isShow="False" caption="%E5%BD%A2%E7%8A%B6" x="52" y="178" w="162" h="16" measuredW="120" measuredH="100" zOrder="8" locked="False" sizeLocked="False">
            <controlProperties>
              <basic color="4278255360" borderVisible="True" borderColor="4278255360" isAutoSize="False" status="MsEnabled" opacity="1" isCommentCom="False" canMove="True" alias="" rotation="0"/>
              <states/>
              <verticalScrollbarShow>False</verticalScrollbarShow>
              <verticalScrollbarProgress>0</verticalScrollbarProgress>
              <horizontalScrollbarShow>False</horizontalScrollbarShow>
              <horizontalScrollbarProgress>0</horizontalScrollbarProgress>
              <links eventType="AtClick" animate="AmNone" animateAutoDelay="0" animateDuration="500">
                <link targetPageID="" linkType="ltPageLink" isApplyIncludePage="False" title="%E9%93%BE%E6%8E%A5">
                  <area shape="0" alt="" ID="{FAE1E4E7-D575-424A-9924-B0DCA6FFB5B1}" coords="(0,0,162,16)"/>
                </link>
              </links>
              <interactiveData>
                <entry title="">
                  <area shape="0" alt="" ID="{70D5231E-4464-4356-B784-04CB18C15DDB}" coords="(0,0,162,16)"/>
                  <events title=""/>
                </entry>
              </interactiveData>
              <textSet textColor="4278190080" textSize="14" lineSpacingMultiple="1" textAlign="HaCenter" textVAlign="VaMiddle" textWordWrap="True" lineSpacing="18" textStyles="[]" useDefaultTextSize="True">
                <font family="%E5%BE%AE%E8%BD%AF%E9%9B%85%E9%BB%91" displayName="%E5%BE%AE%E8%BD%AF%E9%9B%85%E9%BB%91" postScript="" weightStyle="Regular" weight="400" isBold="False" isItalic="False"/>
              </textSet>
              <selectedIndex>-1</selectedIndex>
              <selectedColor>4282501083</selectedColor>
              <textPadding>0</textPadding>
              <shapeBorderType>SbRectangle</shapeBorderType>
              <triangleType>TdZero</triangleType>
              <dashMode>SdSolid</dashMode>
              <rectangleBorderLeftVisible>True</rectangleBorderLeftVisible>
              <rectangleBorderRightVisible>True</rectangleBorderRightVisible>
              <rectangleBorderTopVisible>True</rectangleBorderTopVisible>
              <rectangleBorderBottomVisible>True</rectangleBorderBottomVisible>
              <radius>0</radius>
              <radiusIsPercent>False</radiusIsPercent>
              <thickness>1</thickness>
            </controlProperties>
          </control>
          <control controlID="371CF12A-3CCB-4AA1-9B68-9E16112EE7F6" controlTypeID="Shape" isShow="False" caption="%E5%BD%A2%E7%8A%B6" x="52" y="194" w="199" h="16" measuredW="120" measuredH="100" zOrder="9" locked="False" sizeLocked="False">
            <controlProperties>
              <basic color="4294901760" borderVisible="True" borderColor="4294901760" isAutoSize="False" status="MsEnabled" opacity="1" isCommentCom="False" canMove="True" alias="" rotation="0"/>
              <states/>
              <verticalScrollbarShow>False</verticalScrollbarShow>
              <verticalScrollbarProgress>0</verticalScrollbarProgress>
              <horizontalScrollbarShow>False</horizontalScrollbarShow>
              <horizontalScrollbarProgress>0</horizontalScrollbarProgress>
              <links eventType="AtClick" animate="AmNone" animateAutoDelay="0" animateDuration="500">
                <link targetPageID="" linkType="ltPageLink" isApplyIncludePage="False" title="%E9%93%BE%E6%8E%A5">
                  <area shape="0" alt="" ID="{FAE1E4E7-D575-424A-9924-B0DCA6FFB5B1}" coords="(0,0,199,16)"/>
                </link>
              </links>
              <interactiveData>
                <entry title="">
                  <area shape="0" alt="" ID="{70D5231E-4464-4356-B784-04CB18C15DDB}" coords="(0,0,199,16)"/>
                  <events title=""/>
                </entry>
              </interactiveData>
              <textSet textColor="4278190080" textSize="14" lineSpacingMultiple="1" textAlign="HaCenter" textVAlign="VaMiddle" textWordWrap="True" lineSpacing="18" textStyles="[]" useDefaultTextSize="True">
                <font family="%E5%BE%AE%E8%BD%AF%E9%9B%85%E9%BB%91" displayName="%E5%BE%AE%E8%BD%AF%E9%9B%85%E9%BB%91" postScript="" weightStyle="Regular" weight="400" isBold="False" isItalic="False"/>
              </textSet>
              <selectedIndex>-1</selectedIndex>
              <selectedColor>4282501083</selectedColor>
              <textPadding>0</textPadding>
              <shapeBorderType>SbRectangle</shapeBorderType>
              <triangleType>TdZero</triangleType>
              <dashMode>SdSolid</dashMode>
              <rectangleBorderLeftVisible>True</rectangleBorderLeftVisible>
              <rectangleBorderRightVisible>True</rectangleBorderRightVisible>
              <rectangleBorderTopVisible>True</rectangleBorderTopVisible>
              <rectangleBorderBottomVisible>True</rectangleBorderBottomVisible>
              <radius>0</radius>
              <radiusIsPercent>False</radiusIsPercent>
              <thickness>1</thickness>
            </controlProperties>
          </control>
          <control controlID="39C3A962-0EBA-4E9D-B406-3D75C0947FF7" controlTypeID="Label" isShow="False" caption="%E5%8D%95%E8%A1%8C%E6%96%87%E5%AD%97" x="25" y="58" w="28" h="16" measuredW="0" measuredH="0" zOrder="10" locked="False" sizeLocked="False">
            <controlProperties>
              <basic color="0" borderVisible="True" borderColor="4284900966" isAutoSize="True" status="MsEnabled" opacity="1" isCommentCom="False" canMove="True" alias="" rotation="0"/>
              <states/>
              <verticalScrollbarShow>False</verticalScrollbarShow>
              <verticalScrollbarProgress>0</verticalScrollbarProgress>
              <horizontalScrollbarShow>False</horizontalScrollbarShow>
              <horizontalScrollbarProgress>0</horizontalScrollbarProgress>
              <links eventType="AtClick" animate="AmNone" animateAutoDelay="0" animateDuration="500">
                <link targetPageID="" linkType="ltPageLink" isApplyIncludePage="False" title="%E9%93%BE%E6%8E%A5">
                  <area shape="0" alt="" ID="{C1A57B71-1328-41FE-90A8-E26A73487A36}" coords="(0,0,28,16)"/>
                </link>
              </links>
              <interactiveData>
                <entry title="">
                  <area shape="0" alt="" ID="{51BA619B-C5CD-4FE4-81A0-689FEFB76473}" coords="(0,0,28,16)"/>
                  <events title=""/>
                </entry>
              </interactiveData>
              <textSet textColor="4278190080" textSize="12" lineSpacingMultiple="1" textAlign="HaLeft" textVAlign="VaTop" textWordWrap="True" lineSpacing="16" textStyles="[]" useDefaultTextSize="False">
                <font family="%E5%BE%AE%E8%BD%AF%E9%9B%85%E9%BB%91" displayName="%E5%BE%AE%E8%BD%AF%E9%9B%85%E9%BB%91" postScript="" weightStyle="Regular" weight="400" isBold="False" isItalic="False"/>
                <text>%E5%BC%80%E5%A7%8B</text>
              </textSet>
              <selectedIndex>-1</selectedIndex>
              <selectedColor>4282501083</selectedColor>
              <textPadding>0</textPadding>
            </controlProperties>
          </control>
          <control controlID="7C023B84-E0AB-4723-A1A3-AD8401E68F9D" controlTypeID="Label" isShow="False" caption="%E5%8D%95%E8%A1%8C%E6%96%87%E5%AD%97" x="1" y="100" w="52" h="16" measuredW="0" measuredH="0" zOrder="11" locked="False" sizeLocked="False">
            <controlProperties>
              <basic color="0" borderVisible="True" borderColor="4284900966" isAutoSize="True" status="MsEnabled" opacity="1" isCommentCom="False" canMove="True" alias="" rotation="0"/>
              <states/>
              <verticalScrollbarShow>False</verticalScrollbarShow>
              <verticalScrollbarProgress>0</verticalScrollbarProgress>
              <horizontalScrollbarShow>False</horizontalScrollbarShow>
              <horizontalScrollbarProgress>0</horizontalScrollbarProgress>
              <links eventType="AtClick" animate="AmNone" animateAutoDelay="0" animateDuration="500">
                <link targetPageID="" linkType="ltPageLink" isApplyIncludePage="False" title="%E9%93%BE%E6%8E%A5">
                  <area shape="0" alt="" ID="{C1A57B71-1328-41FE-90A8-E26A73487A36}" coords="(0,0,52,16)"/>
                </link>
              </links>
              <interactiveData>
                <entry title="">
                  <area shape="0" alt="" ID="{51BA619B-C5CD-4FE4-81A0-689FEFB76473}" coords="(0,0,52,16)"/>
                  <events title=""/>
                </entry>
              </interactiveData>
              <textSet textColor="4278190080" textSize="12" lineSpacingMultiple="1" textAlign="HaLeft" textVAlign="VaTop" textWordWrap="True" lineSpacing="16" textStyles="[]" useDefaultTextSize="False">
                <font family="%E5%BE%AE%E8%BD%AF%E9%9B%85%E9%BB%91" displayName="%E5%BE%AE%E8%BD%AF%E9%9B%85%E9%BB%91" postScript="" weightStyle="Regular" weight="400" isBold="False" isItalic="False"/>
                <text>%E5%BC%80%E5%8F%91%E9%98%B6%E6%AE%B5</text>
              </textSet>
              <selectedIndex>-1</selectedIndex>
              <selectedColor>4282501083</selectedColor>
              <textPadding>0</textPadding>
            </controlProperties>
          </control>
          <control controlID="8F1469B8-EBDC-4017-870A-3254F9288A3D" controlTypeID="Label" isShow="False" caption="%E5%8D%95%E8%A1%8C%E6%96%87%E5%AD%97" x="1" y="143" w="52" h="16" measuredW="0" measuredH="0" zOrder="12" locked="False" sizeLocked="False">
            <controlProperties>
              <basic color="0" borderVisible="True" borderColor="4284900966" isAutoSize="True" status="MsEnabled" opacity="1" isCommentCom="False" canMove="True" alias="" rotation="0"/>
              <states/>
              <verticalScrollbarShow>False</verticalScrollbarShow>
              <verticalScrollbarProgress>0</verticalScrollbarProgress>
              <horizontalScrollbarShow>False</horizontalScrollbarShow>
              <horizontalScrollbarProgress>0</horizontalScrollbarProgress>
              <links eventType="AtClick" animate="AmNone" animateAutoDelay="0" animateDuration="500">
                <link targetPageID="" linkType="ltPageLink" isApplyIncludePage="False" title="%E9%93%BE%E6%8E%A5">
                  <area shape="0" alt="" ID="{C1A57B71-1328-41FE-90A8-E26A73487A36}" coords="(0,0,52,16)"/>
                </link>
              </links>
              <interactiveData>
                <entry title="">
                  <area shape="0" alt="" ID="{51BA619B-C5CD-4FE4-81A0-689FEFB76473}" coords="(0,0,52,16)"/>
                  <events title=""/>
                </entry>
              </interactiveData>
              <textSet textColor="4278190080" textSize="12" lineSpacingMultiple="1" textAlign="HaLeft" textVAlign="VaTop" textWordWrap="True" lineSpacing="16" textStyles="[]" useDefaultTextSize="False">
                <font family="%E5%BE%AE%E8%BD%AF%E9%9B%85%E9%BB%91" displayName="%E5%BE%AE%E8%BD%AF%E9%9B%85%E9%BB%91" postScript="" weightStyle="Regular" weight="400" isBold="False" isItalic="False"/>
                <text>%E6%B5%8B%E8%AF%95%E9%98%B6%E6%AE%B5</text>
              </textSet>
              <selectedIndex>-1</selectedIndex>
              <selectedColor>4282501083</selectedColor>
              <textPadding>0</textPadding>
            </controlProperties>
          </control>
          <control controlID="9FB96022-E9B5-4E4C-8B84-5007A1FC8441" controlTypeID="Label" isShow="False" caption="%E5%8D%95%E8%A1%8C%E6%96%87%E5%AD%97" x="0" y="185" w="52" h="16" measuredW="0" measuredH="0" zOrder="13" locked="False" sizeLocked="False">
            <controlProperties>
              <basic color="0" borderVisible="True" borderColor="4284900966" isAutoSize="True" status="MsEnabled" opacity="1" isCommentCom="False" canMove="True" alias="" rotation="0"/>
              <states/>
              <verticalScrollbarShow>False</verticalScrollbarShow>
              <verticalScrollbarProgress>0</verticalScrollbarProgress>
              <horizontalScrollbarShow>False</horizontalScrollbarShow>
              <horizontalScrollbarProgress>0</horizontalScrollbarProgress>
              <links eventType="AtClick" animate="AmNone" animateAutoDelay="0" animateDuration="500">
                <link targetPageID="" linkType="ltPageLink" isApplyIncludePage="False" title="%E9%93%BE%E6%8E%A5">
                  <area shape="0" alt="" ID="{C1A57B71-1328-41FE-90A8-E26A73487A36}" coords="(0,0,52,16)"/>
                </link>
              </links>
              <interactiveData>
                <entry title="">
                  <area shape="0" alt="" ID="{51BA619B-C5CD-4FE4-81A0-689FEFB76473}" coords="(0,0,52,16)"/>
                  <events title=""/>
                </entry>
              </interactiveData>
              <textSet textColor="4278190080" textSize="12" lineSpacingMultiple="1" textAlign="HaLeft" textVAlign="VaTop" textWordWrap="True" lineSpacing="16" textStyles="[]" useDefaultTextSize="False">
                <font family="%E5%BE%AE%E8%BD%AF%E9%9B%85%E9%BB%91" displayName="%E5%BE%AE%E8%BD%AF%E9%9B%85%E9%BB%91" postScript="" weightStyle="Regular" weight="400" isBold="False" isItalic="False"/>
                <text>%E9%9C%80%E6%B1%82%E9%98%B6%E6%AE%B5</text>
              </textSet>
              <selectedIndex>-1</selectedIndex>
              <selectedColor>4282501083</selectedColor>
              <textPadding>0</textPadding>
            </controlProperties>
          </control>
          <control controlID="D4F3A65F-9693-47A6-9AE4-4702984A0A29" controlTypeID="Shape" isShow="False" caption="%E5%BD%A2%E7%8A%B6" x="52" y="220" w="162" h="16" measuredW="120" measuredH="100" zOrder="14" locked="False" sizeLocked="False">
            <controlProperties>
              <basic color="4278255360" borderVisible="True" borderColor="4278255360" isAutoSize="False" status="MsEnabled" opacity="1" isCommentCom="False" canMove="True" alias="" rotation="0"/>
              <states/>
              <verticalScrollbarShow>False</verticalScrollbarShow>
              <verticalScrollbarProgress>0</verticalScrollbarProgress>
              <horizontalScrollbarShow>False</horizontalScrollbarShow>
              <horizontalScrollbarProgress>0</horizontalScrollbarProgress>
              <links eventType="AtClick" animate="AmNone" animateAutoDelay="0" animateDuration="500">
                <link targetPageID="" linkType="ltPageLink" isApplyIncludePage="False" title="%E9%93%BE%E6%8E%A5">
                  <area shape="0" alt="" ID="{FAE1E4E7-D575-424A-9924-B0DCA6FFB5B1}" coords="(0,0,162,16)"/>
                </link>
              </links>
              <interactiveData>
                <entry title="">
                  <area shape="0" alt="" ID="{70D5231E-4464-4356-B784-04CB18C15DDB}" coords="(0,0,162,16)"/>
                  <events title=""/>
                </entry>
              </interactiveData>
              <textSet textColor="4278190080" textSize="14" lineSpacingMultiple="1" textAlign="HaCenter" textVAlign="VaMiddle" textWordWrap="True" lineSpacing="18" textStyles="[]" useDefaultTextSize="True">
                <font family="%E5%BE%AE%E8%BD%AF%E9%9B%85%E9%BB%91" displayName="%E5%BE%AE%E8%BD%AF%E9%9B%85%E9%BB%91" postScript="" weightStyle="Regular" weight="400" isBold="False" isItalic="False"/>
              </textSet>
              <selectedIndex>-1</selectedIndex>
              <selectedColor>4282501083</selectedColor>
              <textPadding>0</textPadding>
              <shapeBorderType>SbRectangle</shapeBorderType>
              <triangleType>TdZero</triangleType>
              <dashMode>SdSolid</dashMode>
              <rectangleBorderLeftVisible>True</rectangleBorderLeftVisible>
              <rectangleBorderRightVisible>True</rectangleBorderRightVisible>
              <rectangleBorderTopVisible>True</rectangleBorderTopVisible>
              <rectangleBorderBottomVisible>True</rectangleBorderBottomVisible>
              <radius>0</radius>
              <radiusIsPercent>False</radiusIsPercent>
              <thickness>1</thickness>
            </controlProperties>
          </control>
          <control controlID="85DD3E23-62D5-4519-A05C-174BE271E052" controlTypeID="Shape" isShow="False" caption="%E5%BD%A2%E7%8A%B6" x="52" y="236" w="199" h="16" measuredW="120" measuredH="100" zOrder="15" locked="False" sizeLocked="False">
            <controlProperties>
              <basic color="4294901760" borderVisible="True" borderColor="4294901760" isAutoSize="False" status="MsEnabled" opacity="1" isCommentCom="False" canMove="True" alias="" rotation="0"/>
              <states/>
              <verticalScrollbarShow>False</verticalScrollbarShow>
              <verticalScrollbarProgress>0</verticalScrollbarProgress>
              <horizontalScrollbarShow>False</horizontalScrollbarShow>
              <horizontalScrollbarProgress>0</horizontalScrollbarProgress>
              <links eventType="AtClick" animate="AmNone" animateAutoDelay="0" animateDuration="500">
                <link targetPageID="" linkType="ltPageLink" isApplyIncludePage="False" title="%E9%93%BE%E6%8E%A5">
                  <area shape="0" alt="" ID="{FAE1E4E7-D575-424A-9924-B0DCA6FFB5B1}" coords="(0,0,199,16)"/>
                </link>
              </links>
              <interactiveData>
                <entry title="">
                  <area shape="0" alt="" ID="{70D5231E-4464-4356-B784-04CB18C15DDB}" coords="(0,0,199,16)"/>
                  <events title=""/>
                </entry>
              </interactiveData>
              <textSet textColor="4278190080" textSize="14" lineSpacingMultiple="1" textAlign="HaCenter" textVAlign="VaMiddle" textWordWrap="True" lineSpacing="18" textStyles="[]" useDefaultTextSize="True">
                <font family="%E5%BE%AE%E8%BD%AF%E9%9B%85%E9%BB%91" displayName="%E5%BE%AE%E8%BD%AF%E9%9B%85%E9%BB%91" postScript="" weightStyle="Regular" weight="400" isBold="False" isItalic="False"/>
              </textSet>
              <selectedIndex>-1</selectedIndex>
              <selectedColor>4282501083</selectedColor>
              <textPadding>0</textPadding>
              <shapeBorderType>SbRectangle</shapeBorderType>
              <triangleType>TdZero</triangleType>
              <dashMode>SdSolid</dashMode>
              <rectangleBorderLeftVisible>True</rectangleBorderLeftVisible>
              <rectangleBorderRightVisible>True</rectangleBorderRightVisible>
              <rectangleBorderTopVisible>True</rectangleBorderTopVisible>
              <rectangleBorderBottomVisible>True</rectangleBorderBottomVisible>
              <radius>0</radius>
              <radiusIsPercent>False</radiusIsPercent>
              <thickness>1</thickness>
            </controlProperties>
          </control>
          <control controlID="15327038-27D7-4D58-8989-C0DAF8DC7831" controlTypeID="Label" isShow="False" caption="%E5%8D%95%E8%A1%8C%E6%96%87%E5%AD%97" x="0" y="227" w="52" h="16" measuredW="0" measuredH="0" zOrder="16" locked="False" sizeLocked="False">
            <controlProperties>
              <basic color="0" borderVisible="True" borderColor="4284900966" isAutoSize="True" status="MsEnabled" opacity="1" isCommentCom="False" canMove="True" alias="" rotation="0"/>
              <states/>
              <verticalScrollbarShow>False</verticalScrollbarShow>
              <verticalScrollbarProgress>0</verticalScrollbarProgress>
              <horizontalScrollbarShow>False</horizontalScrollbarShow>
              <horizontalScrollbarProgress>0</horizontalScrollbarProgress>
              <links eventType="AtClick" animate="AmNone" animateAutoDelay="0" animateDuration="500">
                <link targetPageID="" linkType="ltPageLink" isApplyIncludePage="False" title="%E9%93%BE%E6%8E%A5">
                  <area shape="0" alt="" ID="{C1A57B71-1328-41FE-90A8-E26A73487A36}" coords="(0,0,52,16)"/>
                </link>
              </links>
              <interactiveData>
                <entry title="">
                  <area shape="0" alt="" ID="{51BA619B-C5CD-4FE4-81A0-689FEFB76473}" coords="(0,0,52,16)"/>
                  <events title=""/>
                </entry>
              </interactiveData>
              <textSet textColor="4278190080" textSize="12" lineSpacingMultiple="1" textAlign="HaLeft" textVAlign="VaTop" textWordWrap="True" lineSpacing="16" textStyles="[]" useDefaultTextSize="False">
                <font family="%E5%BE%AE%E8%BD%AF%E9%9B%85%E9%BB%91" displayName="%E5%BE%AE%E8%BD%AF%E9%9B%85%E9%BB%91" postScript="" weightStyle="Regular" weight="400" isBold="False" isItalic="False"/>
                <text>%E4%B8%8A%E7%BA%BF%E9%98%B6%E6%AE%B5</text>
              </textSet>
              <selectedIndex>-1</selectedIndex>
              <selectedColor>4282501083</selectedColor>
              <textPadding>0</textPadding>
            </controlProperties>
          </control>
          <control controlID="7977670B-3028-470A-9EFF-13E09AB25179" controlTypeID="Label" isShow="False" caption="%E5%8D%95%E8%A1%8C%E6%96%87%E5%AD%97" x="52" y="262" w="11" h="16" measuredW="0" measuredH="0" zOrder="17" locked="False" sizeLocked="False">
            <controlProperties>
              <basic color="0" borderVisible="True" borderColor="4284900966" isAutoSize="True" status="MsEnabled" opacity="1" isCommentCom="False" canMove="True" alias="" rotation="0"/>
              <states/>
              <verticalScrollbarShow>False</verticalScrollbarShow>
              <verticalScrollbarProgress>0</verticalScrollbarProgress>
              <horizontalScrollbarShow>False</horizontalScrollbarShow>
              <horizontalScrollbarProgress>0</horizontalScrollbarProgress>
              <links eventType="AtClick" animate="AmNone" animateAutoDelay="0" animateDuration="500">
                <link targetPageID="" linkType="ltPageLink" isApplyIncludePage="False" title="%E9%93%BE%E6%8E%A5">
                  <area shape="0" alt="" ID="{C1A57B71-1328-41FE-90A8-E26A73487A36}" coords="(0,0,11,16)"/>
                </link>
              </links>
              <interactiveData>
                <entry title="">
                  <area shape="0" alt="" ID="{51BA619B-C5CD-4FE4-81A0-689FEFB76473}" coords="(0,0,11,16)"/>
                  <events title=""/>
                </entry>
              </interactiveData>
              <textSet textColor="4278190080" textSize="12" lineSpacingMultiple="1" textAlign="HaLeft" textVAlign="VaTop" textWordWrap="True" lineSpacing="16" textStyles="[]" useDefaultTextSize="False">
                <font family="%E5%BE%AE%E8%BD%AF%E9%9B%85%E9%BB%91" displayName="%E5%BE%AE%E8%BD%AF%E9%9B%85%E9%BB%91" postScript="" weightStyle="Regular" weight="400" isBold="False" isItalic="False"/>
                <text>0</text>
              </textSet>
              <selectedIndex>-1</selectedIndex>
              <selectedColor>4282501083</selectedColor>
              <textPadding>0</textPadding>
            </controlProperties>
          </control>
          <control controlID="A7114E09-AB6C-4F38-B69D-B01B85D75BD8" controlTypeID="Label" isShow="False" caption="%E5%8D%95%E8%A1%8C%E6%96%87%E5%AD%97" x="85" y="262" w="18" h="16" measuredW="0" measuredH="0" zOrder="18" locked="False" sizeLocked="False">
            <controlProperties>
              <basic color="0" borderVisible="True" borderColor="4284900966" isAutoSize="True" status="MsEnabled" opacity="1" isCommentCom="False" canMove="True" alias="" rotation="0"/>
              <states/>
              <verticalScrollbarShow>False</verticalScrollbarShow>
              <verticalScrollbarProgress>0</verticalScrollbarProgress>
              <horizontalScrollbarShow>False</horizontalScrollbarShow>
              <horizontalScrollbarProgress>0</horizontalScrollbarProgress>
              <links eventType="AtClick" animate="AmNone" animateAutoDelay="0" animateDuration="500">
                <link targetPageID="" linkType="ltPageLink" isApplyIncludePage="False" title="%E9%93%BE%E6%8E%A5">
                  <area shape="0" alt="" ID="{C1A57B71-1328-41FE-90A8-E26A73487A36}" coords="(0,0,18,16)"/>
                </link>
              </links>
              <interactiveData>
                <entry title="">
                  <area shape="0" alt="" ID="{51BA619B-C5CD-4FE4-81A0-689FEFB76473}" coords="(0,0,18,16)"/>
                  <events title=""/>
                </entry>
              </interactiveData>
              <textSet textColor="4278190080" textSize="12" lineSpacingMultiple="1" textAlign="HaLeft" textVAlign="VaTop" textWordWrap="True" lineSpacing="16" textStyles="[]" useDefaultTextSize="False">
                <font family="%E5%BE%AE%E8%BD%AF%E9%9B%85%E9%BB%91" displayName="%E5%BE%AE%E8%BD%AF%E9%9B%85%E9%BB%91" postScript="" weightStyle="Regular" weight="400" isBold="False" isItalic="False"/>
                <text>50</text>
              </textSet>
              <selectedIndex>-1</selectedIndex>
              <selectedColor>4282501083</selectedColor>
              <textPadding>0</textPadding>
            </controlProperties>
          </control>
          <control controlID="8309869A-69C0-4FC1-9E4E-4C7CA6F129D7" controlTypeID="Label" isShow="False" caption="%E5%8D%95%E8%A1%8C%E6%96%87%E5%AD%97" x="124" y="262" w="25" h="16" measuredW="0" measuredH="0" zOrder="19" locked="False" sizeLocked="False">
            <controlProperties>
              <basic color="0" borderVisible="True" borderColor="4284900966" isAutoSize="True" status="MsEnabled" opacity="1" isCommentCom="False" canMove="True" alias="" rotation="0"/>
              <states/>
              <verticalScrollbarShow>False</verticalScrollbarShow>
              <verticalScrollbarProgress>0</verticalScrollbarProgress>
              <horizontalScrollbarShow>False</horizontalScrollbarShow>
              <horizontalScrollbarProgress>0</horizontalScrollbarProgress>
              <links eventType="AtClick" animate="AmNone" animateAutoDelay="0" animateDuration="500">
                <link targetPageID="" linkType="ltPageLink" isApplyIncludePage="False" title="%E9%93%BE%E6%8E%A5">
                  <area shape="0" alt="" ID="{C1A57B71-1328-41FE-90A8-E26A73487A36}" coords="(0,0,25,16)"/>
                </link>
              </links>
              <interactiveData>
                <entry title="">
                  <area shape="0" alt="" ID="{51BA619B-C5CD-4FE4-81A0-689FEFB76473}" coords="(0,0,25,16)"/>
                  <events title=""/>
                </entry>
              </interactiveData>
              <textSet textColor="4278190080" textSize="12" lineSpacingMultiple="1" textAlign="HaLeft" textVAlign="VaTop" textWordWrap="True" lineSpacing="16" textStyles="[]" useDefaultTextSize="False">
                <font family="%E5%BE%AE%E8%BD%AF%E9%9B%85%E9%BB%91" displayName="%E5%BE%AE%E8%BD%AF%E9%9B%85%E9%BB%91" postScript="" weightStyle="Regular" weight="400" isBold="False" isItalic="False"/>
                <text>100</text>
              </textSet>
              <selectedIndex>-1</selectedIndex>
              <selectedColor>4282501083</selectedColor>
              <textPadding>0</textPadding>
            </controlProperties>
          </control>
          <control controlID="D499A4A1-BF0B-4E73-AA20-01305A0FE6F2" controlTypeID="Label" isShow="False" caption="%E5%8D%95%E8%A1%8C%E6%96%87%E5%AD%97" x="170" y="262" w="25" h="16" measuredW="0" measuredH="0" zOrder="20" locked="False" sizeLocked="False">
            <controlProperties>
              <basic color="0" borderVisible="True" borderColor="4284900966" isAutoSize="True" status="MsEnabled" opacity="1" isCommentCom="False" canMove="True" alias="" rotation="0"/>
              <states/>
              <verticalScrollbarShow>False</verticalScrollbarShow>
              <verticalScrollbarProgress>0</verticalScrollbarProgress>
              <horizontalScrollbarShow>False</horizontalScrollbarShow>
              <horizontalScrollbarProgress>0</horizontalScrollbarProgress>
              <links eventType="AtClick" animate="AmNone" animateAutoDelay="0" animateDuration="500">
                <link targetPageID="" linkType="ltPageLink" isApplyIncludePage="False" title="%E9%93%BE%E6%8E%A5">
                  <area shape="0" alt="" ID="{C1A57B71-1328-41FE-90A8-E26A73487A36}" coords="(0,0,25,16)"/>
                </link>
              </links>
              <interactiveData>
                <entry title="">
                  <area shape="0" alt="" ID="{51BA619B-C5CD-4FE4-81A0-689FEFB76473}" coords="(0,0,25,16)"/>
                  <events title=""/>
                </entry>
              </interactiveData>
              <textSet textColor="4278190080" textSize="12" lineSpacingMultiple="1" textAlign="HaLeft" textVAlign="VaTop" textWordWrap="True" lineSpacing="16" textStyles="[]" useDefaultTextSize="False">
                <font family="%E5%BE%AE%E8%BD%AF%E9%9B%85%E9%BB%91" displayName="%E5%BE%AE%E8%BD%AF%E9%9B%85%E9%BB%91" postScript="" weightStyle="Regular" weight="400" isBold="False" isItalic="False"/>
                <text>150</text>
              </textSet>
              <selectedIndex>-1</selectedIndex>
              <selectedColor>4282501083</selectedColor>
              <textPadding>0</textPadding>
            </controlProperties>
          </control>
          <control controlID="560B5991-DD38-4E0E-80DB-289C7D1BDD6D" controlTypeID="Label" isShow="False" caption="%E5%8D%95%E8%A1%8C%E6%96%87%E5%AD%97" x="214" y="262" w="25" h="16" measuredW="0" measuredH="0" zOrder="21" locked="False" sizeLocked="False">
            <controlProperties>
              <basic color="0" borderVisible="True" borderColor="4284900966" isAutoSize="True" status="MsEnabled" opacity="1" isCommentCom="False" canMove="True" alias="" rotation="0"/>
              <states/>
              <verticalScrollbarShow>False</verticalScrollbarShow>
              <verticalScrollbarProgress>0</verticalScrollbarProgress>
              <horizontalScrollbarShow>False</horizontalScrollbarShow>
              <horizontalScrollbarProgress>0</horizontalScrollbarProgress>
              <links eventType="AtClick" animate="AmNone" animateAutoDelay="0" animateDuration="500">
                <link targetPageID="" linkType="ltPageLink" isApplyIncludePage="False" title="%E9%93%BE%E6%8E%A5">
                  <area shape="0" alt="" ID="{C1A57B71-1328-41FE-90A8-E26A73487A36}" coords="(0,0,25,16)"/>
                </link>
              </links>
              <interactiveData>
                <entry title="">
                  <area shape="0" alt="" ID="{51BA619B-C5CD-4FE4-81A0-689FEFB76473}" coords="(0,0,25,16)"/>
                  <events title=""/>
                </entry>
              </interactiveData>
              <textSet textColor="4278190080" textSize="12" lineSpacingMultiple="1" textAlign="HaLeft" textVAlign="VaTop" textWordWrap="True" lineSpacing="16" textStyles="[]" useDefaultTextSize="False">
                <font family="%E5%BE%AE%E8%BD%AF%E9%9B%85%E9%BB%91" displayName="%E5%BE%AE%E8%BD%AF%E9%9B%85%E9%BB%91" postScript="" weightStyle="Regular" weight="400" isBold="False" isItalic="False"/>
                <text>200</text>
              </textSet>
              <selectedIndex>-1</selectedIndex>
              <selectedColor>4282501083</selectedColor>
              <textPadding>0</textPadding>
            </controlProperties>
          </control>
          <control controlID="1135A955-F85D-45B2-9868-5959453E36AF" controlTypeID="Label" isShow="False" caption="%E5%8D%95%E8%A1%8C%E6%96%87%E5%AD%97" x="257" y="262" w="25" h="16" measuredW="0" measuredH="0" zOrder="22" locked="False" sizeLocked="False">
            <controlProperties>
              <basic color="0" borderVisible="True" borderColor="4284900966" isAutoSize="True" status="MsEnabled" opacity="1" isCommentCom="False" canMove="True" alias="" rotation="0"/>
              <states/>
              <verticalScrollbarShow>False</verticalScrollbarShow>
              <verticalScrollbarProgress>0</verticalScrollbarProgress>
              <horizontalScrollbarShow>False</horizontalScrollbarShow>
              <horizontalScrollbarProgress>0</horizontalScrollbarProgress>
              <links eventType="AtClick" animate="AmNone" animateAutoDelay="0" animateDuration="500">
                <link targetPageID="" linkType="ltPageLink" isApplyIncludePage="False" title="%E9%93%BE%E6%8E%A5">
                  <area shape="0" alt="" ID="{C1A57B71-1328-41FE-90A8-E26A73487A36}" coords="(0,0,25,16)"/>
                </link>
              </links>
              <interactiveData>
                <entry title="">
                  <area shape="0" alt="" ID="{51BA619B-C5CD-4FE4-81A0-689FEFB76473}" coords="(0,0,25,16)"/>
                  <events title=""/>
                </entry>
              </interactiveData>
              <textSet textColor="4278190080" textSize="12" lineSpacingMultiple="1" textAlign="HaLeft" textVAlign="VaTop" textWordWrap="True" lineSpacing="16" textStyles="[]" useDefaultTextSize="False">
                <font family="%E5%BE%AE%E8%BD%AF%E9%9B%85%E9%BB%91" displayName="%E5%BE%AE%E8%BD%AF%E9%9B%85%E9%BB%91" postScript="" weightStyle="Regular" weight="400" isBold="False" isItalic="False"/>
                <text>250</text>
              </textSet>
              <selectedIndex>-1</selectedIndex>
              <selectedColor>4282501083</selectedColor>
              <textPadding>0</textPadding>
            </controlProperties>
          </control>
          <control controlID="28E78B69-1DBC-4F56-AF32-30DBD8B19B8C" controlTypeID="Label" isShow="False" caption="%E5%8D%95%E8%A1%8C%E6%96%87%E5%AD%97" x="300" y="262" w="25" h="16" measuredW="0" measuredH="0" zOrder="23" locked="False" sizeLocked="False">
            <controlProperties>
              <basic color="0" borderVisible="True" borderColor="4284900966" isAutoSize="True" status="MsEnabled" opacity="1" isCommentCom="False" canMove="True" alias="" rotation="0"/>
              <states/>
              <verticalScrollbarShow>False</verticalScrollbarShow>
              <verticalScrollbarProgress>0</verticalScrollbarProgress>
              <horizontalScrollbarShow>False</horizontalScrollbarShow>
              <horizontalScrollbarProgress>0</horizontalScrollbarProgress>
              <links eventType="AtClick" animate="AmNone" animateAutoDelay="0" animateDuration="500">
                <link targetPageID="" linkType="ltPageLink" isApplyIncludePage="False" title="%E9%93%BE%E6%8E%A5">
                  <area shape="0" alt="" ID="{C1A57B71-1328-41FE-90A8-E26A73487A36}" coords="(0,0,25,16)"/>
                </link>
              </links>
              <interactiveData>
                <entry title="">
                  <area shape="0" alt="" ID="{51BA619B-C5CD-4FE4-81A0-689FEFB76473}" coords="(0,0,25,16)"/>
                  <events title=""/>
                </entry>
              </interactiveData>
              <textSet textColor="4278190080" textSize="12" lineSpacingMultiple="1" textAlign="HaLeft" textVAlign="VaTop" textWordWrap="True" lineSpacing="16" textStyles="[]" useDefaultTextSize="False">
                <font family="%E5%BE%AE%E8%BD%AF%E9%9B%85%E9%BB%91" displayName="%E5%BE%AE%E8%BD%AF%E9%9B%85%E9%BB%91" postScript="" weightStyle="Regular" weight="400" isBold="False" isItalic="False"/>
                <text>300</text>
              </textSet>
              <selectedIndex>-1</selectedIndex>
              <selectedColor>4282501083</selectedColor>
              <textPadding>0</textPadding>
            </controlProperties>
          </control>
          <control controlID="CEA967B7-69AB-49BD-BA05-7174297DA60D" controlTypeID="Label" isShow="False" caption="%E5%8D%95%E8%A1%8C%E6%96%87%E5%AD%97" x="38" y="14" w="28" h="16" measuredW="0" measuredH="0" zOrder="24" locked="False" sizeLocked="False">
            <controlProperties>
              <basic color="0" borderVisible="True" borderColor="4284900966" isAutoSize="True" status="MsEnabled" opacity="1" isCommentCom="False" canMove="True" alias="" rotation="0"/>
              <states/>
              <verticalScrollbarShow>False</verticalScrollbarShow>
              <verticalScrollbarProgress>0</verticalScrollbarProgress>
              <horizontalScrollbarShow>False</horizontalScrollbarShow>
              <horizontalScrollbarProgress>0</horizontalScrollbarProgress>
              <links eventType="AtClick" animate="AmNone" animateAutoDelay="0" animateDuration="500">
                <link targetPageID="" linkType="ltPageLink" isApplyIncludePage="False" title="%E9%93%BE%E6%8E%A5">
                  <area shape="0" alt="" ID="{C1A57B71-1328-41FE-90A8-E26A73487A36}" coords="(0,0,28,16)"/>
                </link>
              </links>
              <interactiveData>
                <entry title="">
                  <area shape="0" alt="" ID="{51BA619B-C5CD-4FE4-81A0-689FEFB76473}" coords="(0,0,28,16)"/>
                  <events title=""/>
                </entry>
              </interactiveData>
              <textSet textColor="4278190080" textSize="12" lineSpacingMultiple="1" textAlign="HaLeft" textVAlign="VaTop" textWordWrap="True" lineSpacing="16" textStyles="[]" useDefaultTextSize="False">
                <font family="%E5%BE%AE%E8%BD%AF%E9%9B%85%E9%BB%91" displayName="%E5%BE%AE%E8%BD%AF%E9%9B%85%E9%BB%91" postScript="" weightStyle="Regular" weight="400" isBold="False" isItalic="False"/>
                <text>%E9%98%B6%E6%AE%B5</text>
              </textSet>
              <selectedIndex>-1</selectedIndex>
              <selectedColor>4282501083</selectedColor>
              <textPadding>0</textPadding>
            </controlProperties>
          </control>
          <control controlID="0D956C25-A763-4585-A106-C73402128BA1" controlTypeID="Label" isShow="False" caption="%E5%8D%95%E8%A1%8C%E6%96%87%E5%AD%97" x="312" y="246" w="40" h="16" measuredW="0" measuredH="0" zOrder="25" locked="False" sizeLocked="False">
            <controlProperties>
              <basic color="0" borderVisible="True" borderColor="4284900966" isAutoSize="True" status="MsEnabled" opacity="1" isCommentCom="False" canMove="True" alias="" rotation="0"/>
              <states/>
              <verticalScrollbarShow>False</verticalScrollbarShow>
              <verticalScrollbarProgress>0</verticalScrollbarProgress>
              <horizontalScrollbarShow>False</horizontalScrollbarShow>
              <horizontalScrollbarProgress>0</horizontalScrollbarProgress>
              <links eventType="AtClick" animate="AmNone" animateAutoDelay="0" animateDuration="500">
                <link targetPageID="" linkType="ltPageLink" isApplyIncludePage="False" title="%E9%93%BE%E6%8E%A5">
                  <area shape="0" alt="" ID="{C1A57B71-1328-41FE-90A8-E26A73487A36}" coords="(0,0,40,16)"/>
                </link>
              </links>
              <interactiveData>
                <entry title="">
                  <area shape="0" alt="" ID="{51BA619B-C5CD-4FE4-81A0-689FEFB76473}" coords="(0,0,40,16)"/>
                  <events title=""/>
                </entry>
              </interactiveData>
              <textSet textColor="4278190080" textSize="12" lineSpacingMultiple="1" textAlign="HaLeft" textVAlign="VaTop" textWordWrap="True" lineSpacing="16" textStyles="[]" useDefaultTextSize="False">
                <font family="%E5%BE%AE%E8%BD%AF%E9%9B%85%E9%BB%91" displayName="%E5%BE%AE%E8%BD%AF%E9%9B%85%E9%BB%91" postScript="" weightStyle="Regular" weight="400" isBold="False" isItalic="False"/>
                <text>%E9%A1%B9%E7%9B%AE%E6%95%B0</text>
              </textSet>
              <selectedIndex>-1</selectedIndex>
              <selectedColor>4282501083</selectedColor>
              <textPadding>0</textPadding>
            </controlProperties>
          </control>
          <control controlID="479A4C6C-3EEC-4AF3-B26E-70E45505DB51" controlTypeID="Shape" isShow="False" caption="%E5%BD%A2%E7%8A%B6" x="40" y="4" w="14" h="13" measuredW="120" measuredH="100" zOrder="26" locked="False" sizeLocked="False">
            <controlProperties>
              <basic color="4278255360" borderVisible="True" borderColor="4278255360" isAutoSize="False" status="MsEnabled" opacity="1" isCommentCom="False" canMove="True" alias="" rotation="0"/>
              <states/>
              <verticalScrollbarShow>False</verticalScrollbarShow>
              <verticalScrollbarProgress>0</verticalScrollbarProgress>
              <horizontalScrollbarShow>False</horizontalScrollbarShow>
              <horizontalScrollbarProgress>0</horizontalScrollbarProgress>
              <links eventType="AtClick" animate="AmNone" animateAutoDelay="0" animateDuration="500">
                <link targetPageID="" linkType="ltPageLink" isApplyIncludePage="False" title="%E9%93%BE%E6%8E%A5">
                  <area shape="0" alt="" ID="{FAE1E4E7-D575-424A-9924-B0DCA6FFB5B1}" coords="(0,0,14,13)"/>
                </link>
              </links>
              <interactiveData>
                <entry title="">
                  <area shape="0" alt="" ID="{70D5231E-4464-4356-B784-04CB18C15DDB}" coords="(0,0,14,13)"/>
                  <events title=""/>
                </entry>
              </interactiveData>
              <textSet textColor="4278190080" textSize="14" lineSpacingMultiple="1" textAlign="HaCenter" textVAlign="VaMiddle" textWordWrap="True" lineSpacing="18" textStyles="[]" useDefaultTextSize="True">
                <font family="%E5%BE%AE%E8%BD%AF%E9%9B%85%E9%BB%91" displayName="%E5%BE%AE%E8%BD%AF%E9%9B%85%E9%BB%91" postScript="" weightStyle="Regular" weight="400" isBold="False" isItalic="False"/>
              </textSet>
              <selectedIndex>-1</selectedIndex>
              <selectedColor>4282501083</selectedColor>
              <textPadding>0</textPadding>
              <shapeBorderType>SbRectangle</shapeBorderType>
              <triangleType>TdZero</triangleType>
              <dashMode>SdSolid</dashMode>
              <rectangleBorderLeftVisible>True</rectangleBorderLeftVisible>
              <rectangleBorderRightVisible>True</rectangleBorderRightVisible>
              <rectangleBorderTopVisible>True</rectangleBorderTopVisible>
              <rectangleBorderBottomVisible>True</rectangleBorderBottomVisible>
              <radius>0</radius>
              <radiusIsPercent>False</radiusIsPercent>
              <thickness>1</thickness>
            </controlProperties>
          </control>
          <control controlID="7A03DCD2-191B-4772-951E-E7C5EDEF80BD" controlTypeID="Label" isShow="False" caption="%E5%8D%95%E8%A1%8C%E6%96%87%E5%AD%97" x="65" y="0" w="25" h="19" measuredW="0" measuredH="0" zOrder="27" locked="False" sizeLocked="False">
            <controlProperties>
              <basic color="0" borderVisible="True" borderColor="4284900966" isAutoSize="True" status="MsEnabled" opacity="1" isCommentCom="False" canMove="True" alias="" rotation="0"/>
              <states/>
              <verticalScrollbarShow>False</verticalScrollbarShow>
              <verticalScrollbarProgress>0</verticalScrollbarProgress>
              <horizontalScrollbarShow>False</horizontalScrollbarShow>
              <horizontalScrollbarProgress>0</horizontalScrollbarProgress>
              <links eventType="AtClick" animate="AmNone" animateAutoDelay="0" animateDuration="500">
                <link targetPageID="" linkType="ltPageLink" isApplyIncludePage="False" title="%E9%93%BE%E6%8E%A5">
                  <area shape="0" alt="" ID="{8A9F525E-44EC-4AE9-8AC2-75C1C5D5AB4C}" coords="(0,0,25,19)"/>
                </link>
              </links>
              <interactiveData>
                <entry title="">
                  <area shape="0" alt="" ID="{33A667B7-F4AC-4B93-9422-7A30F0B34DDB}" coords="(0,0,25,19)"/>
                  <events title=""/>
                </entry>
              </interactiveData>
              <textSet textColor="4278190080" textSize="14" lineSpacingMultiple="1" textAlign="HaLeft" textVAlign="VaTop" textWordWrap="True" lineSpacing="18" textStyles="[]" useDefaultTextSize="True">
                <font family="%E5%BE%AE%E8%BD%AF%E9%9B%85%E9%BB%91" displayName="%E5%BE%AE%E8%BD%AF%E9%9B%85%E9%BB%91" postScript="" weightStyle="Regular" weight="400" isBold="False" isItalic="False"/>
                <text>7.6</text>
              </textSet>
              <selectedIndex>-1</selectedIndex>
              <selectedColor>4282501083</selectedColor>
              <textPadding>0</textPadding>
            </controlProperties>
          </control>
          <control controlID="1C707095-FB2B-4C18-A3C1-62810062A033" controlTypeID="Shape" isShow="False" caption="%E5%BD%A2%E7%8A%B6" x="190" y="4" w="14" h="13" measuredW="120" measuredH="100" zOrder="28" locked="False" sizeLocked="False">
            <controlProperties>
              <basic color="4294901760" borderVisible="True" borderColor="4294901760" isAutoSize="False" status="MsEnabled" opacity="1" isCommentCom="False" canMove="True" alias="" rotation="0"/>
              <states/>
              <verticalScrollbarShow>False</verticalScrollbarShow>
              <verticalScrollbarProgress>0</verticalScrollbarProgress>
              <horizontalScrollbarShow>False</horizontalScrollbarShow>
              <horizontalScrollbarProgress>0</horizontalScrollbarProgress>
              <links eventType="AtClick" animate="AmNone" animateAutoDelay="0" animateDuration="500">
                <link targetPageID="" linkType="ltPageLink" isApplyIncludePage="False" title="%E9%93%BE%E6%8E%A5">
                  <area shape="0" alt="" ID="{FAE1E4E7-D575-424A-9924-B0DCA6FFB5B1}" coords="(0,0,14,13)"/>
                </link>
              </links>
              <interactiveData>
                <entry title="">
                  <area shape="0" alt="" ID="{70D5231E-4464-4356-B784-04CB18C15DDB}" coords="(0,0,14,13)"/>
                  <events title=""/>
                </entry>
              </interactiveData>
              <textSet textColor="4278190080" textSize="14" lineSpacingMultiple="1" textAlign="HaCenter" textVAlign="VaMiddle" textWordWrap="True" lineSpacing="18" textStyles="[]" useDefaultTextSize="True">
                <font family="%E5%BE%AE%E8%BD%AF%E9%9B%85%E9%BB%91" displayName="%E5%BE%AE%E8%BD%AF%E9%9B%85%E9%BB%91" postScript="" weightStyle="Regular" weight="400" isBold="False" isItalic="False"/>
              </textSet>
              <selectedIndex>-1</selectedIndex>
              <selectedColor>4282501083</selectedColor>
              <textPadding>0</textPadding>
              <shapeBorderType>SbRectangle</shapeBorderType>
              <triangleType>TdZero</triangleType>
              <dashMode>SdSolid</dashMode>
              <rectangleBorderLeftVisible>True</rectangleBorderLeftVisible>
              <rectangleBorderRightVisible>True</rectangleBorderRightVisible>
              <rectangleBorderTopVisible>True</rectangleBorderTopVisible>
              <rectangleBorderBottomVisible>True</rectangleBorderBottomVisible>
              <radius>0</radius>
              <radiusIsPercent>False</radiusIsPercent>
              <thickness>1</thickness>
            </controlProperties>
          </control>
          <control controlID="BCD8BA56-A0C3-484C-91BA-836EBC97B8BD" controlTypeID="Label" isShow="False" caption="%E5%8D%95%E8%A1%8C%E6%96%87%E5%AD%97" x="215" y="0" w="25" h="19" measuredW="0" measuredH="0" zOrder="29" locked="False" sizeLocked="False">
            <controlProperties>
              <basic color="0" borderVisible="True" borderColor="4284900966" isAutoSize="True" status="MsEnabled" opacity="1" isCommentCom="False" canMove="True" alias="" rotation="0"/>
              <states/>
              <verticalScrollbarShow>False</verticalScrollbarShow>
              <verticalScrollbarProgress>0</verticalScrollbarProgress>
              <horizontalScrollbarShow>False</horizontalScrollbarShow>
              <horizontalScrollbarProgress>0</horizontalScrollbarProgress>
              <links eventType="AtClick" animate="AmNone" animateAutoDelay="0" animateDuration="500">
                <link targetPageID="" linkType="ltPageLink" isApplyIncludePage="False" title="%E9%93%BE%E6%8E%A5">
                  <area shape="0" alt="" ID="{8A9F525E-44EC-4AE9-8AC2-75C1C5D5AB4C}" coords="(0,0,25,19)"/>
                </link>
              </links>
              <interactiveData>
                <entry title="">
                  <area shape="0" alt="" ID="{33A667B7-F4AC-4B93-9422-7A30F0B34DDB}" coords="(0,0,25,19)"/>
                  <events title=""/>
                </entry>
              </interactiveData>
              <textSet textColor="4278190080" textSize="14" lineSpacingMultiple="1" textAlign="HaLeft" textVAlign="VaTop" textWordWrap="True" lineSpacing="18" textStyles="[]" useDefaultTextSize="True">
                <font family="%E5%BE%AE%E8%BD%AF%E9%9B%85%E9%BB%91" displayName="%E5%BE%AE%E8%BD%AF%E9%9B%85%E9%BB%91" postScript="" weightStyle="Regular" weight="400" isBold="False" isItalic="False"/>
                <text>7.7</text>
              </textSet>
              <selectedIndex>-1</selectedIndex>
              <selectedColor>4282501083</selectedColor>
              <textPadding>0</textPadding>
            </controlProperties>
          </control>
        </groupChildrenDescriptors>
      </controlProperties>
    </control>
  </controls>
</master>