﻿<mockup version="4.7" minAllowVersion="4.7" ID="1464CC56-9876-47A8-B64A-18A4EE81D780" platform="MtMobile" defaultW="375" defaultH="667" screenOrientation="MoPortrait" mobileScreenScale="1.77777779102325" measureW="375" measureH="667" clipArea="(0,0,0,0)">
  <controls controlCount="5">
    <control controlID="68EBF399-1151-4B85-A2B0-09F8D53D17E2" controlTypeID="Top ActionBar" isShow="True" caption="%E9%A1%B6%E9%83%A8%E6%93%8D%E4%BD%9C%E6%A0%8F" x="0" y="0" w="375" h="48" measuredW="342" measuredH="48" zOrder="0" locked="False" sizeLocked="False">
      <controlProperties>
        <basic color="4292730333" borderVisible="True" borderColor="4284900966" isAutoSize="False" status="MsEnabled" opacity="1" isCommentCom="False" canMove="True" alias="" rotation="0"/>
        <states/>
        <verticalScrollbarShow>False</verticalScrollbarShow>
        <verticalScrollbarProgress>0</verticalScrollbarProgress>
        <horizontalScrollbarShow>False</horizontalScrollbarShow>
        <horizontalScrollbarProgress>0</horizontalScrollbarProgress>
        <links eventType="AtClick" animate="AmNone" animateAutoDelay="0" animateDuration="500">
          <link targetPageID="" linkType="ltPageLink" isApplyIncludePage="False" title="%E8%BF%94%E5%9B%9E">
            <area shape="0" alt="" ID="{59A24282-EA0C-456B-AFE6-7830EB1B2885}" coords="(2,4,42,44)"/>
          </link>
          <link targetPageID="" linkType="ltPageLink" isApplyIncludePage="False" title="%E8%8F%9C%E5%8D%95">
            <area shape="0" alt="" ID="{316BC6A5-3EC3-4F02-BB56-C8A26D162230}" coords="(328,4,368,44)"/>
          </link>
        </links>
        <interactiveData>
          <entry title="%E8%BF%94%E5%9B%9E">
            <area shape="0" alt="" ID="{D7FE54AA-B2CF-4541-8498-46A66A983404}" coords="(2,4,42,44)"/>
            <events title=""/>
          </entry>
          <entry title="%E8%8F%9C%E5%8D%95">
            <area shape="0" alt="" ID="{F04AA500-C4B5-454D-A512-E9C980F7062E}" coords="(328,4,368,44)"/>
            <events title=""/>
          </entry>
        </interactiveData>
        <textSet textColor="4278190080" textSize="14" lineSpacingMultiple="1" textAlign="HaLeft" textVAlign="VaTop" textWordWrap="True" lineSpacing="18" textStyles="[]" useDefaultTextSize="True">
          <font family="%E5%BE%AE%E8%BD%AF%E9%9B%85%E9%BB%91" displayName="%E5%BE%AE%E8%BD%AF%E9%9B%85%E9%BB%91" postScript="" weightStyle="Regular" weight="400" isBold="False" isItalic="False"/>
          <text>%E9%80%89%E6%8B%A9%E9%83%A8%E9%97%A8</text>
        </textSet>
        <selectedIndex>0</selectedIndex>
        <selectedColor>4282501083</selectedColor>
        <textPadding>0</textPadding>
        <showMenu>True</showMenu>
        <showBack>True</showBack>
        <iconColor>4278190080</iconColor>
      </controlProperties>
    </control>
    <control controlID="E639DCD7-BD9B-4A42-A92E-454F09EB5DDA" controlTypeID="TableView" isShow="True" caption="%E5%88%97%E8%A1%A8%E8%A7%86%E5%9B%BE" x="0" y="48" w="375" h="619" measuredW="342" measuredH="437" zOrder="1" locked="False" sizeLocked="False">
      <controlProperties>
        <basic color="4294967295" borderVisible="False" borderColor="4284900966" isAutoSize="False" status="MsEnabled" opacity="1" isCommentCom="False" canMove="True" alias="" rotation="0"/>
        <states/>
        <verticalScrollbarShow>False</verticalScrollbarShow>
        <verticalScrollbarProgress>0</verticalScrollbarProgress>
        <horizontalScrollbarShow>False</horizontalScrollbarShow>
        <horizontalScrollbarProgress>0</horizontalScrollbarProgress>
        <links eventType="AtClick" animate="AmNone" animateAutoDelay="0" animateDuration="500">
          <link targetPageID="38435B1E-31EF-4343-9081-C3138638522D" linkType="ltPageLink" isApplyIncludePage="False" title="%E5%85%A8%E9%83%A8+-%3E">
            <area shape="0" alt="" ID="{7EAF74D4-8FBA-4290-8C5A-651453EAC3F3}" coords="(0,0,375,50)"/>
          </link>
          <link targetPageID="38435B1E-31EF-4343-9081-C3138638522D" linkType="ltPageLink" isApplyIncludePage="False" title="%E9%83%A8%E9%97%A81+-%3E">
            <area shape="0" alt="" ID="{E68558A3-9D8B-4093-BDCE-9D15F96EB3F6}" coords="(0,50,375,100)"/>
          </link>
          <link targetPageID="38435B1E-31EF-4343-9081-C3138638522D" linkType="ltPageLink" isApplyIncludePage="False" title="%E9%83%A8%E9%97%A82+-%3E">
            <area shape="0" alt="" ID="{45349F7A-B177-4368-9647-EC5CC4C0B9F2}" coords="(0,100,375,150)"/>
          </link>
          <link targetPageID="38435B1E-31EF-4343-9081-C3138638522D" linkType="ltPageLink" isApplyIncludePage="False" title="%E9%83%A8%E9%97%A83+-%3E">
            <area shape="0" alt="" ID="{4379D335-81AA-448F-B05D-7DC0CC05DAAA}" coords="(0,150,375,200)"/>
          </link>
          <link targetPageID="38435B1E-31EF-4343-9081-C3138638522D" linkType="ltPageLink" isApplyIncludePage="False" title="%E9%83%A8%E9%97%A84+-%3E">
            <area shape="0" alt="" ID="{F2A2D8A9-ADA3-473C-AA15-2DD7CC66B222}" coords="(0,200,375,250)"/>
          </link>
          <link targetPageID="38435B1E-31EF-4343-9081-C3138638522D" linkType="ltPageLink" isApplyIncludePage="False" title="%E9%83%A8%E9%97%A85+-%3E">
            <area shape="0" alt="" ID="{BBD48424-61FF-4195-B576-8818DE5AC6B7}" coords="(0,250,375,300)"/>
          </link>
        </links>
        <interactiveData>
          <entry title="%E5%85%A8%E9%83%A8+-%3E">
            <area shape="0" alt="" ID="{0504929A-7152-4879-92CA-05AE47F8C0DE}" coords="(0,0,375,50)"/>
            <events title=""/>
          </entry>
          <entry title="%E9%83%A8%E9%97%A81+-%3E">
            <area shape="0" alt="" ID="{1327198C-DA5E-4C9C-B8C6-5B5CD36087F6}" coords="(0,50,375,100)"/>
            <events title=""/>
          </entry>
          <entry title="%E9%83%A8%E9%97%A82+-%3E">
            <area shape="0" alt="" ID="{7924A0A5-388E-46AF-917B-835786206998}" coords="(0,100,375,150)"/>
            <events title=""/>
          </entry>
          <entry title="%E9%83%A8%E9%97%A83+-%3E">
            <area shape="0" alt="" ID="{0ED58D6D-1668-4056-8954-09B6D62D3B16}" coords="(0,150,375,200)"/>
            <events title=""/>
          </entry>
          <entry title="%E9%83%A8%E9%97%A84+-%3E">
            <area shape="0" alt="" ID="{531C80A2-4278-4853-B122-2C41EDD1394C}" coords="(0,200,375,250)"/>
            <events title=""/>
          </entry>
          <entry title="%E9%83%A8%E9%97%A85+-%3E">
            <area shape="0" alt="" ID="{3E55FCF7-B3CA-44EC-9F7F-AD8267E9DBE8}" coords="(0,250,375,300)"/>
            <events title=""/>
          </entry>
        </interactiveData>
        <textSet textColor="4278190080" textSize="14" lineSpacingMultiple="1" textAlign="HaLeft" textVAlign="VaTop" textWordWrap="True" lineSpacing="18" textStyles="[]" useDefaultTextSize="True">
          <font family="%E5%BE%AE%E8%BD%AF%E9%9B%85%E9%BB%91" displayName="%E5%BE%AE%E8%BD%AF%E9%9B%85%E9%BB%91" postScript="" weightStyle="Regular" weight="400" isBold="False" isItalic="False"/>
          <text>%E5%85%A8%E9%83%A8+-%3E%0D%0A%E9%83%A8%E9%97%A81+-%3E%0D%0A%E9%83%A8%E9%97%A82+-%3E%0D%0A%E9%83%A8%E9%97%A83+-%3E%0D%0A%E9%83%A8%E9%97%A84+-%3E%0D%0A%E9%83%A8%E9%97%A85+-%3E</text>
        </textSet>
        <selectedIndex>0</selectedIndex>
        <selectedColor>4294967295</selectedColor>
        <textPadding>0</textPadding>
        <borderStyle>False</borderStyle>
        <itemHeight>50</itemHeight>
        <iconSize>24</iconSize>
        <separatorColor>4284900966</separatorColor>
        <showSeparator>True</showSeparator>
        <iconColor>4284900966</iconColor>
      </controlProperties>
    </control>
    <control controlID="3C1F4791-B023-4BA1-BB54-7A2ABFC887C1" controlTypeID="Shape" isShow="True" caption="%E5%BD%A2%E7%8A%B6" x="11" y="7" w="24" h="36" measuredW="120" measuredH="100" zOrder="2" locked="False" sizeLocked="False">
      <controlProperties>
        <basic color="4294967295" borderVisible="True" borderColor="4292730333" isAutoSize="False" status="MsEnabled" opacity="0" isCommentCom="False" canMove="True" alias="" rotation="0"/>
        <states/>
        <verticalScrollbarShow>False</verticalScrollbarShow>
        <verticalScrollbarProgress>0</verticalScrollbarProgress>
        <horizontalScrollbarShow>False</horizontalScrollbarShow>
        <horizontalScrollbarProgress>0</horizontalScrollbarProgress>
        <links eventType="AtClick" animate="AmNone" animateAutoDelay="0" animateDuration="500">
          <link targetPageID="C4472891-63C4-4044-B1B0-F10D33FAFE68" linkType="ltPageLink" isApplyIncludePage="False" title="%E7%AD%9B%E9%80%89%E4%B8%AD%E5%BF%83">
            <area shape="0" alt="" ID="{3D8C4DE1-F8C5-4DB0-8668-CE00A4A30D8A}" coords="(0,0,24,36)"/>
          </link>
        </links>
        <interactiveData>
          <entry title="">
            <area shape="0" alt="" ID="{AC8A1FAF-D67B-4DD6-B9AD-D9EA643F55C6}" coords="(0,0,24,36)"/>
            <events title=""/>
          </entry>
        </interactiveData>
        <textSet textColor="4278190080" textSize="14" lineSpacingMultiple="1" textAlign="HaCenter" textVAlign="VaMiddle" textWordWrap="True" lineSpacing="18" textStyles="[]" useDefaultTextSize="True">
          <font family="%E5%BE%AE%E8%BD%AF%E9%9B%85%E9%BB%91" displayName="%E5%BE%AE%E8%BD%AF%E9%9B%85%E9%BB%91" postScript="" weightStyle="Regular" weight="400" isBold="False" isItalic="False"/>
        </textSet>
        <selectedIndex>-1</selectedIndex>
        <selectedColor>4282501083</selectedColor>
        <textPadding>0</textPadding>
        <shapeBorderType>SbRectangle</shapeBorderType>
        <triangleType>TdZero</triangleType>
        <dashMode>SdSolid</dashMode>
        <rectangleBorderLeftVisible>True</rectangleBorderLeftVisible>
        <rectangleBorderRightVisible>True</rectangleBorderRightVisible>
        <rectangleBorderTopVisible>True</rectangleBorderTopVisible>
        <rectangleBorderBottomVisible>True</rectangleBorderBottomVisible>
        <radius>0</radius>
        <radiusIsPercent>False</radiusIsPercent>
        <thickness>1</thickness>
      </controlProperties>
    </control>
    <control controlID="D0E2B6FF-899C-4383-A405-8918156F6666" controlTypeID="StickyNote" isShow="True" caption="%E4%BE%BF%E7%AD%BE%E6%9D%A1" x="-216" y="-64" w="184" h="461" measuredW="109" measuredH="123" zOrder="3" locked="False" sizeLocked="False">
      <controlProperties>
        <basic color="4294033970" borderVisible="True" borderColor="4284900966" isAutoSize="False" status="MsEnabled" opacity="1" isCommentCom="True" canMove="True" alias="" rotation="0"/>
        <states/>
        <verticalScrollbarShow>False</verticalScrollbarShow>
        <verticalScrollbarProgress>0</verticalScrollbarProgress>
        <horizontalScrollbarShow>False</horizontalScrollbarShow>
        <horizontalScrollbarProgress>0</horizontalScrollbarProgress>
        <links eventType="AtClick" animate="AmNone" animateAutoDelay="0" animateDuration="500">
          <link targetPageID="" linkType="ltPageLink" isApplyIncludePage="False" title="%E9%93%BE%E6%8E%A5">
            <area shape="0" alt="" ID="{6993802A-5F81-49B8-8EFF-C95E2DF3A1B0}" coords="(0,0,184,461)"/>
          </link>
        </links>
        <interactiveData>
          <entry title="">
            <area shape="0" alt="" ID="{A168F00B-72B4-4254-8C59-A303E3741705}" coords="(0,0,184,461)"/>
            <events title=""/>
          </entry>
        </interactiveData>
        <textSet textColor="4278190080" textSize="14" lineSpacingMultiple="1" textAlign="HaLeft" textVAlign="VaTop" textWordWrap="True" lineSpacing="18" textStyles="[]" useDefaultTextSize="True">
          <font family="%E5%BE%AE%E8%BD%AF%E9%9B%85%E9%BB%91" displayName="%E5%BE%AE%E8%BD%AF%E9%9B%85%E9%BB%91" postScript="" weightStyle="Regular" weight="400" isBold="False" isItalic="False"/>
          <text>%E9%83%A8%E9%97%A8%EF%BC%9A%0D%0A%E4%BC%81%E4%B8%9A%E4%BA%91%EF%BC%8C%E5%85%A8%E7%90%83%E4%BA%8B%E4%B8%9A%E9%83%A8%EF%BC%8C%E5%95%86%E5%9F%8E%E6%8A%80%E6%9C%AF%E9%83%A8%EF%BC%8C%E5%9B%BD%E7%BE%8E%E7%AE%A1%E5%AE%B6%EF%BC%8C%E5%9F%BA%E7%A1%80%E6%94%AF%E6%92%91%E4%B8%AD%E5%BF%83%EF%BC%8C%E5%A4%A7%E6%95%B0%E6%8D%AE%E4%B8%AD%E5%BF%83%EF%BC%8C%E5%B9%BF%E5%91%8A%E4%BA%8B%E4%B8%9A%E9%83%A8%EF%BC%8C%E6%8A%80%E6%9C%AF%E4%B8%AD%E5%BF%83%EF%BC%8C%E6%9E%B6%E6%9E%84%E9%83%A8%EF%BC%8C%E8%A7%86%E9%A2%91%E4%BA%8B%E4%B8%9A%E9%83%A8%EF%BC%8C%E8%B4%A2%E5%8A%A1%E4%B8%AD%E5%BF%83%EF%BC%8C%E9%87%91%E8%9E%8D%E4%BA%8B%E4%B8%9A%E9%83%A8%EF%BC%8C%E5%90%8E%E7%BB%AD%E4%BC%9A%E6%8C%81%E7%BB%AD%E5%A2%9E%E5%8A%A0+%E5%8F%96%E8%87%AAjira%E4%B8%AD%E7%9A%84%E9%83%A8%E9%97%A8%0D%0A%0D%0A%E7%82%B9%E5%87%BB%E4%BB%BB%E6%84%8F%E9%83%A8%E9%97%A8%E8%BF%9B%E5%85%A5%E7%AD%9B%E9%80%89%E7%B1%BB%E5%9E%8B%E9%A1%B5%EF%BC%8C%E4%B8%94%E5%B7%B2%E9%80%89%E6%8B%A9%E7%9A%84%E9%83%A8%E9%97%A8%E4%BD%9C%E4%B8%BA%E4%B8%80%E4%B8%AA%E7%AD%9B%E9%80%89%E7%BB%B4%E5%BA%A6%0D%0A%0D%0A%E8%8B%A5%E6%9C%89%E6%96%B0%E5%A2%9E%E9%83%A8%E9%97%A8%E9%BB%98%E8%AE%A4%E4%B8%80%E9%A1%B5%E6%98%BE%E7%A4%BA20%E6%9D%A1%EF%BC%8C%E4%B8%8A%E6%8B%89%E5%8A%A0%E8%BD%BD%E6%9B%B4%E5%A4%9A%EF%BC%8C%E4%B8%80%E6%AC%A1%E5%8A%A0%E8%BD%BD20%E6%9D%A1%0D%0A%0D%0A%E6%9C%80%E5%A4%A7%E5%AD%97%E7%AC%A6%E6%95%B0%EF%BC%9A%0D%0A%E9%83%A8%E9%97%A8%3D%E5%B0%8F%E4%BA%8E12%E5%AD%97%E7%AC%A6%EF%BC%8C%E8%B6%85%E5%87%BA%E7%94%A8%E2%80%9C...%E2%80%9D%E4%BB%A3%E6%9B%BF%0D%0A%0D%0A%E4%BB%A5%E4%B8%8A%E6%95%B0%E6%8D%AE%E6%BA%90%E5%9D%87%E4%B8%BAjira</text>
        </textSet>
        <selectedIndex>-1</selectedIndex>
        <selectedColor>4282501083</selectedColor>
        <textPadding>0</textPadding>
        <isShowTabBar>True</isShowTabBar>
      </controlProperties>
    </control>
    <control controlID="93D4C2C6-FF64-426D-81BC-00B24296795E" controlTypeID="Shape" isShow="True" caption="%E5%BD%A2%E7%8A%B6" x="300" y="10" w="65" h="28" measuredW="120" measuredH="100" zOrder="4" locked="False" sizeLocked="False">
      <controlProperties>
        <basic color="4292730333" borderVisible="True" borderColor="4292730333" isAutoSize="False" status="MsEnabled" opacity="1" isCommentCom="False" canMove="True" alias="" rotation="0"/>
        <states/>
        <verticalScrollbarShow>False</verticalScrollbarShow>
        <verticalScrollbarProgress>0</verticalScrollbarProgress>
        <horizontalScrollbarShow>False</horizontalScrollbarShow>
        <horizontalScrollbarProgress>0</horizontalScrollbarProgress>
        <links eventType="AtClick" animate="AmNone" animateAutoDelay="0" animateDuration="500">
          <link targetPageID="" linkType="ltPageLink" isApplyIncludePage="False" title="%E9%93%BE%E6%8E%A5">
            <area shape="0" alt="" ID="{CB759EBD-3EEF-4557-AEB1-BB8A06CC0C45}" coords="(0,0,65,28)"/>
          </link>
        </links>
        <interactiveData>
          <entry title="">
            <area shape="0" alt="" ID="{95C46284-94E4-4309-BFFC-6678D3BBDB48}" coords="(0,0,65,28)"/>
            <events title=""/>
          </entry>
        </interactiveData>
        <textSet textColor="4278190080" textSize="14" lineSpacingMultiple="1" textAlign="HaCenter" textVAlign="VaMiddle" textWordWrap="True" lineSpacing="18" textStyles="[]" useDefaultTextSize="True">
          <font family="%E5%BE%AE%E8%BD%AF%E9%9B%85%E9%BB%91" displayName="%E5%BE%AE%E8%BD%AF%E9%9B%85%E9%BB%91" postScript="" weightStyle="Regular" weight="400" isBold="False" isItalic="False"/>
        </textSet>
        <selectedIndex>-1</selectedIndex>
        <selectedColor>4282501083</selectedColor>
        <textPadding>0</textPadding>
        <shapeBorderType>SbRectangle</shapeBorderType>
        <triangleType>TdZero</triangleType>
        <dashMode>SdSolid</dashMode>
        <rectangleBorderLeftVisible>True</rectangleBorderLeftVisible>
        <rectangleBorderRightVisible>True</rectangleBorderRightVisible>
        <rectangleBorderTopVisible>True</rectangleBorderTopVisible>
        <rectangleBorderBottomVisible>True</rectangleBorderBottomVisible>
        <radius>0</radius>
        <radiusIsPercent>False</radiusIsPercent>
        <thickness>1</thickness>
      </controlProperties>
    </control>
  </controls>
  <param>
    <backgroundColor>4294967295</backgroundColor>
    <fontSize>0</fontSize>
    <fontFamily/>
    <guideLines/>
  </param>
</mockup>