﻿<mockup version="4.7" minAllowVersion="4.7" ID="38435B1E-31EF-4343-9081-C3138638522D" platform="MtMobile" defaultW="375" defaultH="667" screenOrientation="MoPortrait" mobileScreenScale="1.77777779102325" measureW="375" measureH="667" clipArea="(0,0,0,0)">
  <controls controlCount="24">
    <control controlID="B122D0A0-8ACC-4324-AD15-E265BF1A53BA" controlTypeID="Top ActionBar" isShow="True" caption="%E9%A1%B6%E9%83%A8%E6%93%8D%E4%BD%9C%E6%A0%8F" x="0" y="0" w="375" h="48" measuredW="342" measuredH="48" zOrder="0" locked="False" sizeLocked="False">
      <controlProperties>
        <basic color="4292730333" borderVisible="True" borderColor="4284900966" isAutoSize="False" status="MsEnabled" opacity="1" isCommentCom="False" canMove="True" alias="" rotation="0"/>
        <states/>
        <verticalScrollbarShow>False</verticalScrollbarShow>
        <verticalScrollbarProgress>0</verticalScrollbarProgress>
        <horizontalScrollbarShow>False</horizontalScrollbarShow>
        <horizontalScrollbarProgress>0</horizontalScrollbarProgress>
        <links eventType="AtClick" animate="AmNone" animateAutoDelay="0" animateDuration="500">
          <link targetPageID="" linkType="ltPageLink" isApplyIncludePage="False" title="%E8%BF%94%E5%9B%9E">
            <area shape="0" alt="" ID="{59A24282-EA0C-456B-AFE6-7830EB1B2885}" coords="(2,4,42,44)"/>
          </link>
          <link targetPageID="" linkType="ltPageLink" isApplyIncludePage="False" title="%E8%8F%9C%E5%8D%95">
            <area shape="0" alt="" ID="{316BC6A5-3EC3-4F02-BB56-C8A26D162230}" coords="(328,4,368,44)"/>
          </link>
        </links>
        <interactiveData>
          <entry title="%E8%BF%94%E5%9B%9E">
            <area shape="0" alt="" ID="{D7FE54AA-B2CF-4541-8498-46A66A983404}" coords="(2,4,42,44)"/>
            <events title=""/>
          </entry>
          <entry title="%E8%8F%9C%E5%8D%95">
            <area shape="0" alt="" ID="{F04AA500-C4B5-454D-A512-E9C980F7062E}" coords="(328,4,368,44)"/>
            <events title=""/>
          </entry>
        </interactiveData>
        <textSet textColor="4278190080" textSize="14" lineSpacingMultiple="1" textAlign="HaLeft" textVAlign="VaTop" textWordWrap="True" lineSpacing="18" textStyles="[]" useDefaultTextSize="True">
          <font family="%E5%BE%AE%E8%BD%AF%E9%9B%85%E9%BB%91" displayName="%E5%BE%AE%E8%BD%AF%E9%9B%85%E9%BB%91" postScript="" weightStyle="Regular" weight="400" isBold="False" isItalic="False"/>
          <text>%E7%AD%9B%E9%80%89%2F%E6%90%9C%E7%B4%A2</text>
        </textSet>
        <selectedIndex>0</selectedIndex>
        <selectedColor>4282501083</selectedColor>
        <textPadding>0</textPadding>
        <showMenu>True</showMenu>
        <showBack>True</showBack>
        <iconColor>4278190080</iconColor>
      </controlProperties>
    </control>
    <control controlID="92639E7E-2EF3-4E84-9990-F4D7F1AD9F2F" controlTypeID="CompositeComboBox" isShow="True" caption="%E4%B8%8B%E6%8B%89%E5%88%97%E8%A1%A8%E6%A1%86" x="32" y="207" w="312" h="39" measuredW="102" measuredH="36" zOrder="1" locked="False" sizeLocked="False">
      <controlProperties>
        <basic color="4294967295" borderVisible="True" borderColor="4284900966" isAutoSize="False" status="MsEnabled" opacity="1" isCommentCom="False" canMove="True" alias="" rotation="0"/>
        <states/>
        <verticalScrollbarShow>False</verticalScrollbarShow>
        <verticalScrollbarProgress>0</verticalScrollbarProgress>
        <horizontalScrollbarShow>False</horizontalScrollbarShow>
        <horizontalScrollbarProgress>0</horizontalScrollbarProgress>
        <links eventType="AtClick" animate="AmNone" animateAutoDelay="0" animateDuration="500">
          <link targetPageID="" linkType="ltPageLink" isApplyIncludePage="False" title="%E9%93%BE%E6%8E%A5">
            <area shape="0" alt="" ID="{CF1DFE61-A12D-4648-9EDA-4A437C197EFE}" coords="(0,0,312,39)"/>
          </link>
        </links>
        <interactiveData>
          <entry title="">
            <area shape="0" alt="" ID="{6AD90CF7-A642-47E5-BF44-2E86CFA17E91}" coords="(0,0,312,39)"/>
            <events title=""/>
          </entry>
        </interactiveData>
        <groupChildrenDescriptors>
          <control controlID="CE5DFA44-7B55-4B99-B1C4-6231F8A5579C" controlTypeID="TextInput" isShow="True" caption="%E8%BE%93%E5%85%A5%E6%A1%86" x="0" y="0" w="289" h="39" measuredW="138" measuredH="36" zOrder="0" locked="True" sizeLocked="False">
            <controlProperties>
              <basic color="4294967295" borderVisible="True" borderColor="4284900966" isAutoSize="False" status="MsEnabled" opacity="1" isCommentCom="False" canMove="False" alias="input" rotation="0"/>
              <states/>
              <verticalScrollbarShow>False</verticalScrollbarShow>
              <verticalScrollbarProgress>0</verticalScrollbarProgress>
              <horizontalScrollbarShow>False</horizontalScrollbarShow>
              <horizontalScrollbarProgress>0</horizontalScrollbarProgress>
              <links eventType="AtClick" animate="AmNone" animateAutoDelay="0" animateDuration="500">
                <link targetPageID="" linkType="ltPageLink" isApplyIncludePage="False" title="%E9%93%BE%E6%8E%A5">
                  <area shape="0" alt="" ID="{0A2D1DC9-6089-4D04-B6EF-B70956E26548}" coords="(0,0,289,39)"/>
                </link>
              </links>
              <interactiveData>
                <entry title="">
                  <area shape="0" alt="" ID="{678CE6E5-4A56-4961-9FD6-2090FAE97A0E}" coords="(0,0,289,39)"/>
                  <events title=""/>
                </entry>
              </interactiveData>
              <textSet textColor="4278190080" textSize="14" lineSpacingMultiple="1" textAlign="HaLeft" textVAlign="VaMiddle" textWordWrap="True" lineSpacing="18" textStyles="[]" useDefaultTextSize="True">
                <font family="%E5%BE%AE%E8%BD%AF%E9%9B%85%E9%BB%91" displayName="%E5%BE%AE%E8%BD%AF%E9%9B%85%E9%BB%91" postScript="" weightStyle="Regular" weight="400" isBold="False" isItalic="False"/>
                <text>%E9%80%89%E6%8B%A9%E7%B1%BB%E5%9E%8B</text>
              </textSet>
              <selectedIndex>-1</selectedIndex>
              <selectedColor>4282501083</selectedColor>
              <textPadding>0</textPadding>
              <canInput>True</canInput>
              <placeHolder/>
              <inputModel>emText</inputModel>
            </controlProperties>
          </control>
          <control controlID="9C68811F-A9AB-4321-91F8-D6A7AA3E9BFE" controlTypeID="Button" isShow="True" caption="%E6%8C%89%E9%92%AE" x="288" y="0" w="24" h="39" measuredW="78" measuredH="36" zOrder="1" locked="True" sizeLocked="False">
            <controlProperties>
              <basic color="4294967295" borderVisible="True" borderColor="4284900966" isAutoSize="False" status="MsEnabled" opacity="1" isCommentCom="False" canMove="False" alias="button" rotation="0"/>
              <states/>
              <verticalScrollbarShow>False</verticalScrollbarShow>
              <verticalScrollbarProgress>0</verticalScrollbarProgress>
              <horizontalScrollbarShow>False</horizontalScrollbarShow>
              <horizontalScrollbarProgress>0</horizontalScrollbarProgress>
              <links eventType="AtClick" animate="AmNone" animateAutoDelay="0" animateDuration="500">
                <link targetPageID="" linkType="ltPageLink" isApplyIncludePage="False" title="%E9%93%BE%E6%8E%A5">
                  <area shape="0" alt="" ID="{12F7A384-5056-434E-828D-BF0F87BE12D1}" coords="(0,0,24,39)"/>
                </link>
              </links>
              <interactiveData>
                <entry title="">
                  <area shape="0" alt="" ID="{291822B9-2704-468B-835F-088404C75B25}" coords="(0,0,24,39)"/>
                  <events title=""/>
                </entry>
              </interactiveData>
              <textSet textColor="4278190080" textSize="14" lineSpacingMultiple="1" textAlign="HaCenter" textVAlign="VaMiddle" textWordWrap="True" lineSpacing="18" textStyles="[]" useDefaultTextSize="True">
                <font family="%E5%BE%AE%E8%BD%AF%E9%9B%85%E9%BB%91" displayName="%E5%BE%AE%E8%BD%AF%E9%9B%85%E9%BB%91" postScript="" weightStyle="Regular" weight="400" isBold="False" isItalic="False"/>
              </textSet>
              <selectedIndex>-1</selectedIndex>
              <selectedColor>4282501083</selectedColor>
              <textPadding>0</textPadding>
              <radius>0</radius>
              <radiusIsPercent>False</radiusIsPercent>
              <buttonStatus>BsNormal</buttonStatus>
              <thickness>1</thickness>
              <isAutoTextColor>False</isAutoTextColor>
            </controlProperties>
          </control>
          <control controlID="320D2663-ADA8-4494-81C9-3E17E5C9C543" controlTypeID="List" isShow="False" caption="%E5%88%97%E8%A1%A8" x="0" y="39" w="312" h="195" measuredW="168" measuredH="252" zOrder="2" locked="False" sizeLocked="False">
            <controlProperties>
              <basic color="4294967295" borderVisible="True" borderColor="4284900966" isAutoSize="False" status="MsEnabled" opacity="1" isCommentCom="False" canMove="False" alias="dropDown" rotation="0"/>
              <states/>
              <verticalScrollbarShow>False</verticalScrollbarShow>
              <verticalScrollbarProgress>0</verticalScrollbarProgress>
              <horizontalScrollbarShow>False</horizontalScrollbarShow>
              <horizontalScrollbarProgress>0</horizontalScrollbarProgress>
              <links eventType="AtClick" animate="AmNone" animateAutoDelay="0" animateDuration="500">
                <link targetPageID="" linkType="ltPageLink" isApplyIncludePage="False" title="%E9%80%89%E6%8B%A9%E7%B1%BB%E5%9E%8B">
                  <area shape="0" alt="" ID="{7745BF46-4AD2-49A4-8EB6-3F7B81A261C9}" coords="(1,1,311,40)"/>
                </link>
                <link targetPageID="" linkType="ltPageLink" isApplyIncludePage="False" title="%E5%85%A8%E9%83%A8">
                  <area shape="0" alt="" ID="{6F8566DE-FA04-4E65-ACF8-43957CA485A2}" coords="(1,40,311,79)"/>
                </link>
                <link targetPageID="" linkType="ltPageLink" isApplyIncludePage="False" title="%E5%9C%A8%E5%BB%BA%E5%B7%A5%E7%A8%8B">
                  <area shape="0" alt="" ID="{6FB2FBB9-C0F1-45CD-B20D-0FCAFBC84E82}" coords="(1,79,311,118)"/>
                </link>
                <link targetPageID="" linkType="ltPageLink" isApplyIncludePage="False" title="%E6%88%98%E7%95%A5%E9%A1%B9%E7%9B%AE">
                  <area shape="0" alt="" ID="{CC3DB701-7C68-4C6F-BB73-9030C511C087}" coords="(1,118,311,157)"/>
                </link>
                <link targetPageID="" linkType="ltPageLink" isApplyIncludePage="False" title="%E9%83%A8%E9%97%A8%E7%BA%A7">
                  <area shape="0" alt="" ID="{274108A0-BA37-4304-83DA-4B3FD0DFC928}" coords="(1,157,311,195)"/>
                </link>
              </links>
              <interactiveData>
                <entry title="%E9%80%89%E6%8B%A9%E7%B1%BB%E5%9E%8B">
                  <area shape="0" alt="" ID="{193BA61E-A036-4A06-8780-A42208711A6C}" coords="(1,1,311,40)"/>
                  <events title=""/>
                </entry>
                <entry title="%E5%85%A8%E9%83%A8">
                  <area shape="0" alt="" ID="{66902BD2-6589-4C39-BB18-9022551C88CF}" coords="(1,40,311,79)"/>
                  <events title=""/>
                </entry>
                <entry title="%E5%9C%A8%E5%BB%BA%E5%B7%A5%E7%A8%8B">
                  <area shape="0" alt="" ID="{BCB00D86-4559-4415-964D-AB17501FFDE4}" coords="(1,79,311,118)"/>
                  <events title=""/>
                </entry>
                <entry title="%E6%88%98%E7%95%A5%E9%A1%B9%E7%9B%AE">
                  <area shape="0" alt="" ID="{BA19F66C-7555-4D46-A8E9-48D661490132}" coords="(1,118,311,157)"/>
                  <events title=""/>
                </entry>
                <entry title="%E9%83%A8%E9%97%A8%E7%BA%A7">
                  <area shape="0" alt="" ID="{BA8FB4A3-D1A4-4B8F-B281-73719D3B59AA}" coords="(1,157,311,195)"/>
                  <events title=""/>
                </entry>
              </interactiveData>
              <textSet textColor="4278190080" textSize="14" lineSpacingMultiple="1" textAlign="HaLeft" textVAlign="VaTop" textWordWrap="True" lineSpacing="18" textStyles="[]" useDefaultTextSize="True">
                <font family="%E5%BE%AE%E8%BD%AF%E9%9B%85%E9%BB%91" displayName="%E5%BE%AE%E8%BD%AF%E9%9B%85%E9%BB%91" postScript="" weightStyle="Regular" weight="400" isBold="False" isItalic="False"/>
                <text>%E9%80%89%E6%8B%A9%E7%B1%BB%E5%9E%8B%0D%0A%E5%85%A8%E9%83%A8%0D%0A%E5%9C%A8%E5%BB%BA%E5%B7%A5%E7%A8%8B%0D%0A%E6%88%98%E7%95%A5%E9%A1%B9%E7%9B%AE%0D%0A%E9%83%A8%E9%97%A8%E7%BA%A7</text>
              </textSet>
              <selectedIndex>0</selectedIndex>
              <selectedColor>4282501083</selectedColor>
              <textPadding>10</textPadding>
              <itemHeight>39</itemHeight>
              <isInterlace>False</isInterlace>
              <interlaceColor>4294967295</interlaceColor>
              <separatorColor>4284900966</separatorColor>
              <showSeparator>False</showSeparator>
            </controlProperties>
          </control>
        </groupChildrenDescriptors>
        <rowCount>5</rowCount>
        <canInput>False</canInput>
        <baseHeight>39</baseHeight>
        <textSet textColor="4278190080" textSize="14" textStyles="[]">
          <font family="%E5%BE%AE%E8%BD%AF%E9%9B%85%E9%BB%91"/>
        </textSet>
      </controlProperties>
    </control>
    <control controlID="39ADCBA7-1859-428D-BD11-4BE9BF5092B6" controlTypeID="CompositeComboBox" isShow="True" caption="%E4%B8%8B%E6%8B%89%E5%88%97%E8%A1%A8%E6%A1%86" x="32" y="289" w="312" h="39" measuredW="102" measuredH="36" zOrder="2" locked="False" sizeLocked="False">
      <controlProperties>
        <basic color="4294967295" borderVisible="True" borderColor="4284900966" isAutoSize="False" status="MsEnabled" opacity="1" isCommentCom="False" canMove="True" alias="" rotation="0"/>
        <states/>
        <verticalScrollbarShow>False</verticalScrollbarShow>
        <verticalScrollbarProgress>0</verticalScrollbarProgress>
        <horizontalScrollbarShow>False</horizontalScrollbarShow>
        <horizontalScrollbarProgress>0</horizontalScrollbarProgress>
        <links eventType="AtClick" animate="AmNone" animateAutoDelay="0" animateDuration="500">
          <link targetPageID="" linkType="ltPageLink" isApplyIncludePage="False" title="%E9%93%BE%E6%8E%A5">
            <area shape="0" alt="" ID="{CF1DFE61-A12D-4648-9EDA-4A437C197EFE}" coords="(0,0,312,39)"/>
          </link>
        </links>
        <interactiveData>
          <entry title="">
            <area shape="0" alt="" ID="{6AD90CF7-A642-47E5-BF44-2E86CFA17E91}" coords="(0,0,312,39)"/>
            <events title=""/>
          </entry>
        </interactiveData>
        <groupChildrenDescriptors>
          <control controlID="97635E6F-33CA-401B-B2BA-210709DF2CAF" controlTypeID="TextInput" isShow="True" caption="%E8%BE%93%E5%85%A5%E6%A1%86" x="0" y="0" w="289" h="39" measuredW="138" measuredH="36" zOrder="0" locked="True" sizeLocked="False">
            <controlProperties>
              <basic color="4294967295" borderVisible="True" borderColor="4284900966" isAutoSize="False" status="MsEnabled" opacity="1" isCommentCom="False" canMove="False" alias="input" rotation="0"/>
              <states/>
              <verticalScrollbarShow>False</verticalScrollbarShow>
              <verticalScrollbarProgress>0</verticalScrollbarProgress>
              <horizontalScrollbarShow>False</horizontalScrollbarShow>
              <horizontalScrollbarProgress>0</horizontalScrollbarProgress>
              <links eventType="AtClick" animate="AmNone" animateAutoDelay="0" animateDuration="500">
                <link targetPageID="" linkType="ltPageLink" isApplyIncludePage="False" title="%E9%93%BE%E6%8E%A5">
                  <area shape="0" alt="" ID="{0A2D1DC9-6089-4D04-B6EF-B70956E26548}" coords="(0,0,289,39)"/>
                </link>
              </links>
              <interactiveData>
                <entry title="">
                  <area shape="0" alt="" ID="{678CE6E5-4A56-4961-9FD6-2090FAE97A0E}" coords="(0,0,289,39)"/>
                  <events title=""/>
                </entry>
              </interactiveData>
              <textSet textColor="4278190080" textSize="14" lineSpacingMultiple="1" textAlign="HaLeft" textVAlign="VaMiddle" textWordWrap="True" lineSpacing="18" textStyles="[]" useDefaultTextSize="True">
                <font family="%E5%BE%AE%E8%BD%AF%E9%9B%85%E9%BB%91" displayName="%E5%BE%AE%E8%BD%AF%E9%9B%85%E9%BB%91" postScript="" weightStyle="Regular" weight="400" isBold="False" isItalic="False"/>
                <text>%E9%80%89%E6%8B%A9%E9%98%B6%E6%AE%B5</text>
              </textSet>
              <selectedIndex>-1</selectedIndex>
              <selectedColor>4282501083</selectedColor>
              <textPadding>0</textPadding>
              <canInput>True</canInput>
              <placeHolder/>
              <inputModel>emText</inputModel>
            </controlProperties>
          </control>
          <control controlID="CB39721C-EB79-49C5-BF51-173C0BE788B8" controlTypeID="Button" isShow="True" caption="%E6%8C%89%E9%92%AE" x="288" y="0" w="24" h="39" measuredW="78" measuredH="36" zOrder="1" locked="True" sizeLocked="False">
            <controlProperties>
              <basic color="4294967295" borderVisible="True" borderColor="4284900966" isAutoSize="False" status="MsEnabled" opacity="1" isCommentCom="False" canMove="False" alias="button" rotation="0"/>
              <states/>
              <verticalScrollbarShow>False</verticalScrollbarShow>
              <verticalScrollbarProgress>0</verticalScrollbarProgress>
              <horizontalScrollbarShow>False</horizontalScrollbarShow>
              <horizontalScrollbarProgress>0</horizontalScrollbarProgress>
              <links eventType="AtClick" animate="AmNone" animateAutoDelay="0" animateDuration="500">
                <link targetPageID="" linkType="ltPageLink" isApplyIncludePage="False" title="%E9%93%BE%E6%8E%A5">
                  <area shape="0" alt="" ID="{12F7A384-5056-434E-828D-BF0F87BE12D1}" coords="(0,0,24,39)"/>
                </link>
              </links>
              <interactiveData>
                <entry title="">
                  <area shape="0" alt="" ID="{291822B9-2704-468B-835F-088404C75B25}" coords="(0,0,24,39)"/>
                  <events title=""/>
                </entry>
              </interactiveData>
              <textSet textColor="4278190080" textSize="14" lineSpacingMultiple="1" textAlign="HaCenter" textVAlign="VaMiddle" textWordWrap="True" lineSpacing="18" textStyles="[]" useDefaultTextSize="True">
                <font family="%E5%BE%AE%E8%BD%AF%E9%9B%85%E9%BB%91" displayName="%E5%BE%AE%E8%BD%AF%E9%9B%85%E9%BB%91" postScript="" weightStyle="Regular" weight="400" isBold="False" isItalic="False"/>
              </textSet>
              <selectedIndex>-1</selectedIndex>
              <selectedColor>4282501083</selectedColor>
              <textPadding>0</textPadding>
              <radius>0</radius>
              <radiusIsPercent>False</radiusIsPercent>
              <buttonStatus>BsNormal</buttonStatus>
              <thickness>1</thickness>
              <isAutoTextColor>False</isAutoTextColor>
            </controlProperties>
          </control>
          <control controlID="C089D866-3596-45C3-B213-91F9787045AB" controlTypeID="List" isShow="False" caption="%E5%88%97%E8%A1%A8" x="0" y="39" w="312" h="273" measuredW="168" measuredH="252" zOrder="2" locked="False" sizeLocked="False">
            <controlProperties>
              <basic color="4294967295" borderVisible="True" borderColor="4284900966" isAutoSize="False" status="MsEnabled" opacity="1" isCommentCom="False" canMove="False" alias="dropDown" rotation="0"/>
              <states/>
              <verticalScrollbarShow>False</verticalScrollbarShow>
              <verticalScrollbarProgress>0</verticalScrollbarProgress>
              <horizontalScrollbarShow>False</horizontalScrollbarShow>
              <horizontalScrollbarProgress>0</horizontalScrollbarProgress>
              <links eventType="AtClick" animate="AmNone" animateAutoDelay="0" animateDuration="500">
                <link targetPageID="" linkType="ltPageLink" isApplyIncludePage="False" title="%E9%80%89%E6%8B%A9%E9%98%B6%E6%AE%B5">
                  <area shape="0" alt="" ID="{7745BF46-4AD2-49A4-8EB6-3F7B81A261C9}" coords="(1,1,311,40)"/>
                </link>
                <link targetPageID="" linkType="ltPageLink" isApplyIncludePage="False" title="%E5%85%A8%E9%83%A8">
                  <area shape="0" alt="" ID="{6F8566DE-FA04-4E65-ACF8-43957CA485A2}" coords="(1,40,311,79)"/>
                </link>
                <link targetPageID="" linkType="ltPageLink" isApplyIncludePage="False" title="%E9%9C%80%E6%B1%82%E9%98%B6%E6%AE%B5">
                  <area shape="0" alt="" ID="{6FB2FBB9-C0F1-45CD-B20D-0FCAFBC84E82}" coords="(1,79,311,118)"/>
                </link>
                <link targetPageID="" linkType="ltPageLink" isApplyIncludePage="False" title="%E8%AE%BE%E8%AE%A1%E9%98%B6%E6%AE%B5">
                  <area shape="0" alt="" ID="{CC3DB701-7C68-4C6F-BB73-9030C511C087}" coords="(1,118,311,157)"/>
                </link>
                <link targetPageID="" linkType="ltPageLink" isApplyIncludePage="False" title="%E5%BC%80%E5%8F%91%E9%98%B6%E6%AE%B5">
                  <area shape="0" alt="" ID="{50F7E6A1-220D-44C6-A3F6-DE4433BC44EC}" coords="(1,157,311,196)"/>
                </link>
                <link targetPageID="" linkType="ltPageLink" isApplyIncludePage="False" title="%E6%B5%8B%E8%AF%95%E9%98%B6%E6%AE%B5">
                  <area shape="0" alt="" ID="{423A57FC-44CF-4F39-96F9-4CC004271F47}" coords="(1,196,311,235)"/>
                </link>
                <link targetPageID="" linkType="ltPageLink" isApplyIncludePage="False" title="%E4%B8%8A%E7%BA%BF%E9%98%B6%E6%AE%B5">
                  <area shape="0" alt="" ID="{74929432-7221-4DF3-AEC7-D2B34B12DF0E}" coords="(1,235,311,273)"/>
                </link>
              </links>
              <interactiveData>
                <entry title="%E9%80%89%E6%8B%A9%E9%98%B6%E6%AE%B5">
                  <area shape="0" alt="" ID="{193BA61E-A036-4A06-8780-A42208711A6C}" coords="(1,1,311,40)"/>
                  <events title=""/>
                </entry>
                <entry title="%E5%85%A8%E9%83%A8">
                  <area shape="0" alt="" ID="{66902BD2-6589-4C39-BB18-9022551C88CF}" coords="(1,40,311,79)"/>
                  <events title=""/>
                </entry>
                <entry title="%E9%9C%80%E6%B1%82%E9%98%B6%E6%AE%B5">
                  <area shape="0" alt="" ID="{BCB00D86-4559-4415-964D-AB17501FFDE4}" coords="(1,79,311,118)"/>
                  <events title=""/>
                </entry>
                <entry title="%E8%AE%BE%E8%AE%A1%E9%98%B6%E6%AE%B5">
                  <area shape="0" alt="" ID="{BA19F66C-7555-4D46-A8E9-48D661490132}" coords="(1,118,311,157)"/>
                  <events title=""/>
                </entry>
                <entry title="%E5%BC%80%E5%8F%91%E9%98%B6%E6%AE%B5">
                  <area shape="0" alt="" ID="{89BAEDEF-F4D0-4423-B196-47D949969130}" coords="(1,157,311,196)"/>
                  <events title=""/>
                </entry>
                <entry title="%E6%B5%8B%E8%AF%95%E9%98%B6%E6%AE%B5">
                  <area shape="0" alt="" ID="{3274D088-5E46-41B9-957E-C7BD4F0C3866}" coords="(1,196,311,235)"/>
                  <events title=""/>
                </entry>
                <entry title="%E4%B8%8A%E7%BA%BF%E9%98%B6%E6%AE%B5">
                  <area shape="0" alt="" ID="{38B6824A-E8D2-4FE9-A3E1-42AB81D9F8FC}" coords="(1,235,311,273)"/>
                  <events title=""/>
                </entry>
              </interactiveData>
              <textSet textColor="4278190080" textSize="14" lineSpacingMultiple="1" textAlign="HaLeft" textVAlign="VaTop" textWordWrap="True" lineSpacing="18" textStyles="[]" useDefaultTextSize="True">
                <font family="%E5%BE%AE%E8%BD%AF%E9%9B%85%E9%BB%91" displayName="%E5%BE%AE%E8%BD%AF%E9%9B%85%E9%BB%91" postScript="" weightStyle="Regular" weight="400" isBold="False" isItalic="False"/>
                <text>%E9%80%89%E6%8B%A9%E9%98%B6%E6%AE%B5%0D%0A%E5%85%A8%E9%83%A8%0D%0A%E9%9C%80%E6%B1%82%E9%98%B6%E6%AE%B5%0D%0A%E8%AE%BE%E8%AE%A1%E9%98%B6%E6%AE%B5%0D%0A%E5%BC%80%E5%8F%91%E9%98%B6%E6%AE%B5%0D%0A%E6%B5%8B%E8%AF%95%E9%98%B6%E6%AE%B5%0D%0A%E4%B8%8A%E7%BA%BF%E9%98%B6%E6%AE%B5%0D%0A</text>
              </textSet>
              <selectedIndex>0</selectedIndex>
              <selectedColor>4282501083</selectedColor>
              <textPadding>10</textPadding>
              <itemHeight>39</itemHeight>
              <isInterlace>False</isInterlace>
              <interlaceColor>4294967295</interlaceColor>
              <separatorColor>4284900966</separatorColor>
              <showSeparator>False</showSeparator>
            </controlProperties>
          </control>
        </groupChildrenDescriptors>
        <rowCount>5</rowCount>
        <canInput>False</canInput>
        <baseHeight>39</baseHeight>
        <textSet textColor="4278190080" textSize="14" textStyles="[]">
          <font family="%E5%BE%AE%E8%BD%AF%E9%9B%85%E9%BB%91"/>
        </textSet>
      </controlProperties>
    </control>
    <control controlID="372E83D9-6F4A-4751-B37A-FE54BAFB4331" controlTypeID="CompositeComboBox" isShow="True" caption="%E4%B8%8B%E6%8B%89%E5%88%97%E8%A1%A8%E6%A1%86" x="32" y="371" w="312" h="39" measuredW="102" measuredH="36" zOrder="3" locked="False" sizeLocked="False">
      <controlProperties>
        <basic color="4294967295" borderVisible="True" borderColor="4284900966" isAutoSize="False" status="MsEnabled" opacity="1" isCommentCom="False" canMove="True" alias="" rotation="0"/>
        <states/>
        <verticalScrollbarShow>False</verticalScrollbarShow>
        <verticalScrollbarProgress>0</verticalScrollbarProgress>
        <horizontalScrollbarShow>False</horizontalScrollbarShow>
        <horizontalScrollbarProgress>0</horizontalScrollbarProgress>
        <links eventType="AtClick" animate="AmNone" animateAutoDelay="0" animateDuration="500">
          <link targetPageID="" linkType="ltPageLink" isApplyIncludePage="False" title="%E9%93%BE%E6%8E%A5">
            <area shape="0" alt="" ID="{CF1DFE61-A12D-4648-9EDA-4A437C197EFE}" coords="(0,0,312,39)"/>
          </link>
        </links>
        <interactiveData>
          <entry title="">
            <area shape="0" alt="" ID="{6AD90CF7-A642-47E5-BF44-2E86CFA17E91}" coords="(0,0,312,39)"/>
            <events title=""/>
          </entry>
        </interactiveData>
        <groupChildrenDescriptors>
          <control controlID="BBDE593E-E8E7-4D65-9D0D-540FEB46E577" controlTypeID="TextInput" isShow="True" caption="%E8%BE%93%E5%85%A5%E6%A1%86" x="0" y="0" w="289" h="39" measuredW="138" measuredH="36" zOrder="0" locked="True" sizeLocked="False">
            <controlProperties>
              <basic color="4294967295" borderVisible="True" borderColor="4284900966" isAutoSize="False" status="MsEnabled" opacity="1" isCommentCom="False" canMove="False" alias="input" rotation="0"/>
              <states/>
              <verticalScrollbarShow>False</verticalScrollbarShow>
              <verticalScrollbarProgress>0</verticalScrollbarProgress>
              <horizontalScrollbarShow>False</horizontalScrollbarShow>
              <horizontalScrollbarProgress>0</horizontalScrollbarProgress>
              <links eventType="AtClick" animate="AmNone" animateAutoDelay="0" animateDuration="500">
                <link targetPageID="" linkType="ltPageLink" isApplyIncludePage="False" title="%E9%93%BE%E6%8E%A5">
                  <area shape="0" alt="" ID="{0A2D1DC9-6089-4D04-B6EF-B70956E26548}" coords="(0,0,289,39)"/>
                </link>
              </links>
              <interactiveData>
                <entry title="">
                  <area shape="0" alt="" ID="{678CE6E5-4A56-4961-9FD6-2090FAE97A0E}" coords="(0,0,289,39)"/>
                  <events title=""/>
                </entry>
              </interactiveData>
              <textSet textColor="4278190080" textSize="14" lineSpacingMultiple="1" textAlign="HaLeft" textVAlign="VaMiddle" textWordWrap="True" lineSpacing="18" textStyles="[]" useDefaultTextSize="True">
                <font family="%E5%BE%AE%E8%BD%AF%E9%9B%85%E9%BB%91" displayName="%E5%BE%AE%E8%BD%AF%E9%9B%85%E9%BB%91" postScript="" weightStyle="Regular" weight="400" isBold="False" isItalic="False"/>
                <text>%E9%80%89%E6%8B%A9%E9%A3%8E%E9%99%A9%E7%B1%BB%E5%9E%8B</text>
              </textSet>
              <selectedIndex>-1</selectedIndex>
              <selectedColor>4282501083</selectedColor>
              <textPadding>0</textPadding>
              <canInput>True</canInput>
              <placeHolder/>
              <inputModel>emText</inputModel>
            </controlProperties>
          </control>
          <control controlID="ACD775B5-64CB-44A2-801D-A88E0E7C6CCA" controlTypeID="Button" isShow="True" caption="%E6%8C%89%E9%92%AE" x="288" y="0" w="24" h="39" measuredW="78" measuredH="36" zOrder="1" locked="True" sizeLocked="False">
            <controlProperties>
              <basic color="4294967295" borderVisible="True" borderColor="4284900966" isAutoSize="False" status="MsEnabled" opacity="1" isCommentCom="False" canMove="False" alias="button" rotation="0"/>
              <states/>
              <verticalScrollbarShow>False</verticalScrollbarShow>
              <verticalScrollbarProgress>0</verticalScrollbarProgress>
              <horizontalScrollbarShow>False</horizontalScrollbarShow>
              <horizontalScrollbarProgress>0</horizontalScrollbarProgress>
              <links eventType="AtClick" animate="AmNone" animateAutoDelay="0" animateDuration="500">
                <link targetPageID="" linkType="ltPageLink" isApplyIncludePage="False" title="%E9%93%BE%E6%8E%A5">
                  <area shape="0" alt="" ID="{12F7A384-5056-434E-828D-BF0F87BE12D1}" coords="(0,0,24,39)"/>
                </link>
              </links>
              <interactiveData>
                <entry title="">
                  <area shape="0" alt="" ID="{291822B9-2704-468B-835F-088404C75B25}" coords="(0,0,24,39)"/>
                  <events title=""/>
                </entry>
              </interactiveData>
              <textSet textColor="4278190080" textSize="14" lineSpacingMultiple="1" textAlign="HaCenter" textVAlign="VaMiddle" textWordWrap="True" lineSpacing="18" textStyles="[]" useDefaultTextSize="True">
                <font family="%E5%BE%AE%E8%BD%AF%E9%9B%85%E9%BB%91" displayName="%E5%BE%AE%E8%BD%AF%E9%9B%85%E9%BB%91" postScript="" weightStyle="Regular" weight="400" isBold="False" isItalic="False"/>
              </textSet>
              <selectedIndex>-1</selectedIndex>
              <selectedColor>4282501083</selectedColor>
              <textPadding>0</textPadding>
              <radius>0</radius>
              <radiusIsPercent>False</radiusIsPercent>
              <buttonStatus>BsNormal</buttonStatus>
              <thickness>1</thickness>
              <isAutoTextColor>False</isAutoTextColor>
            </controlProperties>
          </control>
          <control controlID="5F0FE074-FA9A-4A32-A55D-3FBFD48E5EE6" controlTypeID="List" isShow="False" caption="%E5%88%97%E8%A1%A8" x="0" y="39" w="312" h="156" measuredW="168" measuredH="252" zOrder="2" locked="False" sizeLocked="False">
            <controlProperties>
              <basic color="4294967295" borderVisible="True" borderColor="4284900966" isAutoSize="False" status="MsEnabled" opacity="1" isCommentCom="False" canMove="False" alias="dropDown" rotation="0"/>
              <states/>
              <verticalScrollbarShow>False</verticalScrollbarShow>
              <verticalScrollbarProgress>0</verticalScrollbarProgress>
              <horizontalScrollbarShow>False</horizontalScrollbarShow>
              <horizontalScrollbarProgress>0</horizontalScrollbarProgress>
              <links eventType="AtClick" animate="AmNone" animateAutoDelay="0" animateDuration="500">
                <link targetPageID="" linkType="ltPageLink" isApplyIncludePage="False" title="%E9%80%89%E6%8B%A9%E9%A3%8E%E9%99%A9%E7%B1%BB%E5%9E%8B">
                  <area shape="0" alt="" ID="{7745BF46-4AD2-49A4-8EB6-3F7B81A261C9}" coords="(1,1,311,40)"/>
                </link>
                <link targetPageID="" linkType="ltPageLink" isApplyIncludePage="False" title="%E5%85%A8%E9%83%A8">
                  <area shape="0" alt="" ID="{6F8566DE-FA04-4E65-ACF8-43957CA485A2}" coords="(1,40,311,79)"/>
                </link>
                <link targetPageID="" linkType="ltPageLink" isApplyIncludePage="False" title="%E6%8A%80%E6%9C%AF%E9%A3%8E%E9%99%A9">
                  <area shape="0" alt="" ID="{6FB2FBB9-C0F1-45CD-B20D-0FCAFBC84E82}" coords="(1,79,311,118)"/>
                </link>
                <link targetPageID="" linkType="ltPageLink" isApplyIncludePage="False" title="%E9%A1%B9%E7%9B%AE%E9%A3%8E%E9%99%A9">
                  <area shape="0" alt="" ID="{A40F12B7-E673-4162-90F2-D30E076F0EA1}" coords="(1,118,311,156)"/>
                </link>
              </links>
              <interactiveData>
                <entry title="%E9%80%89%E6%8B%A9%E9%A3%8E%E9%99%A9%E7%B1%BB%E5%9E%8B">
                  <area shape="0" alt="" ID="{193BA61E-A036-4A06-8780-A42208711A6C}" coords="(1,1,311,40)"/>
                  <events title=""/>
                </entry>
                <entry title="%E5%85%A8%E9%83%A8">
                  <area shape="0" alt="" ID="{66902BD2-6589-4C39-BB18-9022551C88CF}" coords="(1,40,311,79)"/>
                  <events title=""/>
                </entry>
                <entry title="%E6%8A%80%E6%9C%AF%E9%A3%8E%E9%99%A9">
                  <area shape="0" alt="" ID="{BCB00D86-4559-4415-964D-AB17501FFDE4}" coords="(1,79,311,118)"/>
                  <events title=""/>
                </entry>
                <entry title="%E9%A1%B9%E7%9B%AE%E9%A3%8E%E9%99%A9">
                  <area shape="0" alt="" ID="{EA45E1F1-FBF3-425B-809F-6B242461B303}" coords="(1,118,311,156)"/>
                  <events title=""/>
                </entry>
              </interactiveData>
              <textSet textColor="4278190080" textSize="14" lineSpacingMultiple="1" textAlign="HaLeft" textVAlign="VaTop" textWordWrap="True" lineSpacing="18" textStyles="[]" useDefaultTextSize="True">
                <font family="%E5%BE%AE%E8%BD%AF%E9%9B%85%E9%BB%91" displayName="%E5%BE%AE%E8%BD%AF%E9%9B%85%E9%BB%91" postScript="" weightStyle="Regular" weight="400" isBold="False" isItalic="False"/>
                <text>%E9%80%89%E6%8B%A9%E9%A3%8E%E9%99%A9%E7%B1%BB%E5%9E%8B%0D%0A%E5%85%A8%E9%83%A8%0D%0A%E6%8A%80%E6%9C%AF%E9%A3%8E%E9%99%A9%0D%0A%E9%A1%B9%E7%9B%AE%E9%A3%8E%E9%99%A9</text>
              </textSet>
              <selectedIndex>0</selectedIndex>
              <selectedColor>4282501083</selectedColor>
              <textPadding>10</textPadding>
              <itemHeight>39</itemHeight>
              <isInterlace>False</isInterlace>
              <interlaceColor>4294967295</interlaceColor>
              <separatorColor>4284900966</separatorColor>
              <showSeparator>False</showSeparator>
            </controlProperties>
          </control>
        </groupChildrenDescriptors>
        <rowCount>5</rowCount>
        <canInput>False</canInput>
        <baseHeight>39</baseHeight>
        <textSet textColor="4278190080" textSize="14" textStyles="[]">
          <font family="%E5%BE%AE%E8%BD%AF%E9%9B%85%E9%BB%91"/>
        </textSet>
      </controlProperties>
    </control>
    <control controlID="37A6DBF5-F28C-4F3E-978E-423E22C4A5A4" controlTypeID="Button" isShow="True" caption="%E6%8C%89%E9%92%AE" x="128" y="577" w="120" h="48" measuredW="78" measuredH="36" zOrder="4" locked="False" sizeLocked="False">
      <controlProperties>
        <basic color="4294967295" borderVisible="True" borderColor="4284900966" isAutoSize="False" status="MsEnabled" opacity="1" isCommentCom="False" canMove="True" alias="" rotation="0"/>
        <states/>
        <verticalScrollbarShow>False</verticalScrollbarShow>
        <verticalScrollbarProgress>0</verticalScrollbarProgress>
        <horizontalScrollbarShow>False</horizontalScrollbarShow>
        <horizontalScrollbarProgress>0</horizontalScrollbarProgress>
        <links eventType="AtClick" animate="AmNone" animateAutoDelay="0" animateDuration="500">
          <link targetPageID="2FDFB51D-075B-4075-B6B6-49C216BBCDCF" linkType="ltPageLink" isApplyIncludePage="False" title="%E9%A1%B9%E7%9B%AE%E5%88%97%E8%A1%A8">
            <area shape="0" alt="" ID="{3CF9DF65-FE5D-4CDF-B50C-029A32D93BA4}" coords="(0,0,120,48)"/>
          </link>
        </links>
        <interactiveData>
          <entry title="">
            <area shape="0" alt="" ID="{B59C90CC-5DC2-474B-8214-24083234C9CF}" coords="(0,0,120,48)"/>
            <events title=""/>
          </entry>
        </interactiveData>
        <textSet textColor="4278190080" textSize="14" lineSpacingMultiple="1" textAlign="HaCenter" textVAlign="VaMiddle" textWordWrap="True" lineSpacing="18" textStyles="[]" useDefaultTextSize="True">
          <font family="%E5%BE%AE%E8%BD%AF%E9%9B%85%E9%BB%91" displayName="%E5%BE%AE%E8%BD%AF%E9%9B%85%E9%BB%91" postScript="" weightStyle="Regular" weight="400" isBold="False" isItalic="False"/>
          <text>%E7%AD%9B%E9%80%89</text>
        </textSet>
        <selectedIndex>-1</selectedIndex>
        <selectedColor>4282501083</selectedColor>
        <textPadding>0</textPadding>
        <radius>6</radius>
        <radiusIsPercent>False</radiusIsPercent>
        <buttonStatus>BsNormal</buttonStatus>
        <thickness>1</thickness>
        <isAutoTextColor>False</isAutoTextColor>
      </controlProperties>
    </control>
    <control controlID="EA863E23-0F00-49AA-B5C1-77A4622C5257" controlTypeID="Shape" isShow="True" caption="%E5%BD%A2%E7%8A%B6" x="11" y="7" w="24" h="36" measuredW="120" measuredH="100" zOrder="5" locked="False" sizeLocked="False">
      <controlProperties>
        <basic color="4294967295" borderVisible="True" borderColor="4292730333" isAutoSize="False" status="MsEnabled" opacity="0" isCommentCom="False" canMove="True" alias="" rotation="0"/>
        <states/>
        <verticalScrollbarShow>False</verticalScrollbarShow>
        <verticalScrollbarProgress>0</verticalScrollbarProgress>
        <horizontalScrollbarShow>False</horizontalScrollbarShow>
        <horizontalScrollbarProgress>0</horizontalScrollbarProgress>
        <links eventType="AtClick" animate="AmNone" animateAutoDelay="0" animateDuration="500">
          <link targetPageID="B17A3E72-5A08-4603-9FB8-B553E046871D" linkType="ltPageLink" isApplyIncludePage="False" title="%E9%A6%96%E9%A1%B51">
            <area shape="0" alt="" ID="{3D8C4DE1-F8C5-4DB0-8668-CE00A4A30D8A}" coords="(0,0,24,36)"/>
          </link>
        </links>
        <interactiveData>
          <entry title="">
            <area shape="0" alt="" ID="{AC8A1FAF-D67B-4DD6-B9AD-D9EA643F55C6}" coords="(0,0,24,36)"/>
            <events title=""/>
          </entry>
        </interactiveData>
        <textSet textColor="4278190080" textSize="14" lineSpacingMultiple="1" textAlign="HaCenter" textVAlign="VaMiddle" textWordWrap="True" lineSpacing="18" textStyles="[]" useDefaultTextSize="True">
          <font family="%E5%BE%AE%E8%BD%AF%E9%9B%85%E9%BB%91" displayName="%E5%BE%AE%E8%BD%AF%E9%9B%85%E9%BB%91" postScript="" weightStyle="Regular" weight="400" isBold="False" isItalic="False"/>
        </textSet>
        <selectedIndex>-1</selectedIndex>
        <selectedColor>4282501083</selectedColor>
        <textPadding>0</textPadding>
        <shapeBorderType>SbRectangle</shapeBorderType>
        <triangleType>TdZero</triangleType>
        <dashMode>SdSolid</dashMode>
        <rectangleBorderLeftVisible>True</rectangleBorderLeftVisible>
        <rectangleBorderRightVisible>True</rectangleBorderRightVisible>
        <rectangleBorderTopVisible>True</rectangleBorderTopVisible>
        <rectangleBorderBottomVisible>True</rectangleBorderBottomVisible>
        <radius>0</radius>
        <radiusIsPercent>False</radiusIsPercent>
        <thickness>1</thickness>
      </controlProperties>
    </control>
    <control controlID="ECB3C252-87F5-4887-BE60-5BC15982C35C" controlTypeID="StickyNote" isShow="True" caption="%E4%BE%BF%E7%AD%BE%E6%9D%A1" x="-216" y="-64" w="184" h="624" measuredW="109" measuredH="123" zOrder="6" locked="False" sizeLocked="False">
      <controlProperties>
        <basic color="4294033970" borderVisible="True" borderColor="4284900966" isAutoSize="False" status="MsEnabled" opacity="1" isCommentCom="True" canMove="True" alias="" rotation="0"/>
        <states/>
        <verticalScrollbarShow>False</verticalScrollbarShow>
        <verticalScrollbarProgress>0</verticalScrollbarProgress>
        <horizontalScrollbarShow>False</horizontalScrollbarShow>
        <horizontalScrollbarProgress>0</horizontalScrollbarProgress>
        <links eventType="AtClick" animate="AmNone" animateAutoDelay="0" animateDuration="500">
          <link targetPageID="" linkType="ltPageLink" isApplyIncludePage="False" title="%E9%93%BE%E6%8E%A5">
            <area shape="0" alt="" ID="{6993802A-5F81-49B8-8EFF-C95E2DF3A1B0}" coords="(0,0,184,624)"/>
          </link>
        </links>
        <interactiveData>
          <entry title="">
            <area shape="0" alt="" ID="{A168F00B-72B4-4254-8C59-A303E3741705}" coords="(0,0,184,624)"/>
            <events title=""/>
          </entry>
        </interactiveData>
        <textSet textColor="4278190080" textSize="14" lineSpacingMultiple="1" textAlign="HaLeft" textVAlign="VaTop" textWordWrap="True" lineSpacing="18" textStyles="[]" useDefaultTextSize="True">
          <font family="%E5%BE%AE%E8%BD%AF%E9%9B%85%E9%BB%91" displayName="%E5%BE%AE%E8%BD%AF%E9%9B%85%E9%BB%91" postScript="" weightStyle="Regular" weight="400" isBold="False" isItalic="False"/>
          <text>%E7%82%B9%E5%87%BB%E9%A1%B9%EF%BC%9A%0D%0A%E9%80%89%E6%8B%A9%E9%83%A8%E9%97%A8%EF%BC%8C%E7%82%B9%E5%87%BB%E8%B7%B3%E8%BD%AC%E8%87%B3%E9%83%A8%E9%97%A8%E7%AD%9B%E9%80%89%E9%A1%B5%0D%0A%E9%BB%98%E8%AE%A4%E5%80%BC%EF%BC%9A%E5%85%A8%E9%83%A8%0D%0A%0D%0A%E9%80%89%E6%8B%A9%E7%B1%BB%E5%9E%8B%EF%BC%9A%0D%0A%E9%80%89%E6%8B%A9%E7%B1%BB%E5%9E%8B%EF%BC%8C%E5%9C%A8%E5%BB%BA%E5%B7%A5%E7%A8%8B%EF%BC%8C%E6%88%98%E7%95%A5%E9%A1%B9%E7%9B%AE%EF%BC%8C%E9%83%A8%E9%97%A8%E7%BA%A7%EF%BC%8C%E9%BB%98%E8%AE%A4%E7%B1%BB%E5%9E%8B%EF%BC%8C%E5%90%8E%E7%BB%AD%E4%BC%9A%E6%8C%81%E7%BB%AD%E5%A2%9E%E5%8A%A0%0D%0A%E9%BB%98%E8%AE%A4%E5%80%BC%EF%BC%9A%E9%80%89%E6%8B%A9%E7%B1%BB%E5%9E%8B%0D%0A%E9%9D%9E%E5%BF%85%E9%80%89%E9%A1%B9%0D%0A%0D%0A%E9%80%89%E6%8B%A9%E9%98%B6%E6%AE%B5%EF%BC%9A%0D%0A%E9%80%89%E6%8B%A9%E9%98%B6%E6%AE%B5%EF%BC%8C%E5%BC%80%E5%A7%8B%EF%BC%8C%E5%BC%80%E5%8F%91%E9%98%B6%E6%AE%B5%EF%BC%8C%E6%B5%8B%E8%AF%95%E9%98%B6%E6%AE%B5%EF%BC%8C%E4%B8%8A%E7%BA%BF%E9%98%B6%E6%AE%B5%EF%BC%8C%E9%9C%80%E6%B1%82%E9%98%B6%E6%AE%B5%0D%0A%E9%BB%98%E8%AE%A4%E5%80%BC%EF%BC%9A%E9%80%89%E6%8B%A9%E9%98%B6%E6%AE%B5%0D%0A%E9%9D%9E%E5%BF%85%E9%80%89%E9%A1%B9%0D%0A%0D%0A%E9%80%89%E6%8B%A9%E9%A3%8E%E9%99%A9%E7%B1%BB%E5%9E%8B%EF%BC%9A%0D%0A%E9%80%89%E6%8B%A9%E9%A3%8E%E9%99%A9%E7%B1%BB%E5%9E%8B%EF%BC%8C%E6%8A%80%E6%9C%AF%E9%A3%8E%E9%99%A9%EF%BC%8C%E9%A1%B9%E7%9B%AE%E9%A3%8E%E9%99%A9%EF%BC%8C%E5%90%8E%E7%BB%AD%E4%BC%9A%E6%8C%81%E7%BB%AD%E5%A2%9E%E5%8A%A0%0D%0A%E9%BB%98%E8%AE%A4%E5%80%BC%EF%BC%9A%E9%80%89%E6%8B%A9%E9%A3%8E%E9%99%A9%E7%B1%BB%E5%9E%8B%0D%0A%E9%9D%9E%E5%BF%85%E9%80%89%E9%A1%B9%0D%0A%0D%0A%E4%BB%A5%E4%B8%8A%E6%95%B0%E6%8D%AE%E6%BA%90%E5%9D%87%E4%B8%BAjira%0D%0A%0D%0A</text>
        </textSet>
        <selectedIndex>-1</selectedIndex>
        <selectedColor>4282501083</selectedColor>
        <textPadding>0</textPadding>
        <isShowTabBar>True</isShowTabBar>
      </controlProperties>
    </control>
    <control controlID="09CEC06E-5263-4162-8874-FAB8E31B7120" controlTypeID="StickyNote" isShow="True" caption="%E4%BE%BF%E7%AD%BE%E6%9D%A1" x="401" y="-64" w="184" h="206" measuredW="109" measuredH="123" zOrder="7" locked="False" sizeLocked="False">
      <controlProperties>
        <basic color="4294033970" borderVisible="True" borderColor="4284900966" isAutoSize="False" status="MsEnabled" opacity="1" isCommentCom="True" canMove="True" alias="" rotation="0"/>
        <states/>
        <verticalScrollbarShow>False</verticalScrollbarShow>
        <verticalScrollbarProgress>0</verticalScrollbarProgress>
        <horizontalScrollbarShow>False</horizontalScrollbarShow>
        <horizontalScrollbarProgress>0</horizontalScrollbarProgress>
        <links eventType="AtClick" animate="AmNone" animateAutoDelay="0" animateDuration="500">
          <link targetPageID="" linkType="ltPageLink" isApplyIncludePage="False" title="%E9%93%BE%E6%8E%A5">
            <area shape="0" alt="" ID="{C05415D4-EF1D-46A9-82FA-BB34EBE4F480}" coords="(0,0,184,206)"/>
          </link>
        </links>
        <interactiveData>
          <entry title="">
            <area shape="0" alt="" ID="{05430636-465C-4759-B4CB-C3C65C58AAA6}" coords="(0,0,184,206)"/>
            <events title=""/>
          </entry>
        </interactiveData>
        <textSet textColor="4278190080" textSize="14" lineSpacingMultiple="1" textAlign="HaLeft" textVAlign="VaTop" textWordWrap="True" lineSpacing="18" textStyles="[]" useDefaultTextSize="True">
          <font family="%E5%BE%AE%E8%BD%AF%E9%9B%85%E9%BB%91" displayName="%E5%BE%AE%E8%BD%AF%E9%9B%85%E9%BB%91" postScript="" weightStyle="Regular" weight="400" isBold="False" isItalic="False"/>
          <text>%E7%AD%9B%E9%80%89%EF%BC%9A%0D%0A%E7%82%B9%E5%87%BB%E8%BF%9B%E5%85%A5%E7%AD%9B%E9%80%89%E7%BB%93%E6%9E%9C%E9%A1%B5%EF%BC%8C%E6%A0%B9%E6%8D%AE%E9%83%A8%E9%97%A8%2F%E7%B1%BB%E5%9E%8B%2F%E9%98%B6%E6%AE%B5%2F%E9%A3%8E%E9%99%A9%E7%B1%BB%E5%9E%8B%EF%BC%8C4%E4%B8%AA%E7%BB%B4%E5%BA%A6%E5%B1%95%E7%A4%BA%E7%AD%9B%E9%80%89%E7%BB%93%E6%9E%9C%0D%0A%0D%0A%E4%BB%A5%E4%B8%8A%E6%95%B0%E6%8D%AE%E6%BA%90%E5%9D%87%E4%B8%BAjira</text>
        </textSet>
        <selectedIndex>-1</selectedIndex>
        <selectedColor>4282501083</selectedColor>
        <textPadding>0</textPadding>
        <isShowTabBar>True</isShowTabBar>
      </controlProperties>
    </control>
    <control controlID="5FE79F50-2F0D-43D1-A37A-0F464D1CC8D0" controlTypeID="Label" isShow="True" caption="%E5%8D%95%E8%A1%8C%E6%96%87%E5%AD%97" x="32" y="135" w="171" h="19" measuredW="0" measuredH="0" zOrder="8" locked="False" sizeLocked="False">
      <controlProperties>
        <basic color="0" borderVisible="True" borderColor="4284900966" isAutoSize="True" status="MsEnabled" opacity="1" isCommentCom="False" canMove="True" alias="" rotation="0"/>
        <states/>
        <verticalScrollbarShow>False</verticalScrollbarShow>
        <verticalScrollbarProgress>0</verticalScrollbarProgress>
        <horizontalScrollbarShow>False</horizontalScrollbarShow>
        <horizontalScrollbarProgress>0</horizontalScrollbarProgress>
        <links eventType="AtClick" animate="AmNone" animateAutoDelay="0" animateDuration="500">
          <link targetPageID="C4472891-63C4-4044-B1B0-F10D33FAFE68" linkType="ltPageLink" isApplyIncludePage="False" title="%E7%AD%9B%E9%80%89%E9%83%A8%E9%97%A8">
            <area shape="0" alt="" ID="{F4D80962-1242-49DA-BDE9-A09C4318A2A9}" coords="(0,0,171,19)"/>
          </link>
        </links>
        <interactiveData>
          <entry title="">
            <area shape="0" alt="" ID="{6D017FA2-7A42-4DA0-B0B1-6D121C163288}" coords="(0,0,171,19)"/>
            <events title=""/>
          </entry>
        </interactiveData>
        <textSet textColor="4278190080" textSize="14" lineSpacingMultiple="1" textAlign="HaLeft" textVAlign="VaTop" textWordWrap="True" lineSpacing="18" textStyles="[fsUnderline]" useDefaultTextSize="True">
          <font family="%E5%BE%AE%E8%BD%AF%E9%9B%85%E9%BB%91" displayName="%E5%BE%AE%E8%BD%AF%E9%9B%85%E9%BB%91" postScript="" weightStyle="Regular" weight="400" isBold="False" isItalic="False"/>
          <text>%E9%80%89%E6%8B%A9%E4%B8%AD%E5%BF%83%2F%E9%83%A8%E9%97%A8%EF%BC%9A%E5%85%A8%E9%83%A8%2F%E5%85%A8%E9%83%A8</text>
        </textSet>
        <selectedIndex>-1</selectedIndex>
        <selectedColor>4282501083</selectedColor>
        <textPadding>0</textPadding>
      </controlProperties>
    </control>
    <control controlID="438D5FE8-6629-44D7-BB12-B2F3880D3D1A" controlTypeID="CompositeComboBox" isShow="True" caption="%E4%B8%8B%E6%8B%89%E5%88%97%E8%A1%A8%E6%A1%86" x="32" y="454" w="312" h="39" measuredW="102" measuredH="36" zOrder="9" locked="False" sizeLocked="False">
      <controlProperties>
        <basic color="4294967295" borderVisible="True" borderColor="4284900966" isAutoSize="False" status="MsEnabled" opacity="1" isCommentCom="False" canMove="True" alias="" rotation="0"/>
        <states/>
        <verticalScrollbarShow>False</verticalScrollbarShow>
        <verticalScrollbarProgress>0</verticalScrollbarProgress>
        <horizontalScrollbarShow>False</horizontalScrollbarShow>
        <horizontalScrollbarProgress>0</horizontalScrollbarProgress>
        <links eventType="AtClick" animate="AmNone" animateAutoDelay="0" animateDuration="500">
          <link targetPageID="" linkType="ltPageLink" isApplyIncludePage="False" title="%E9%93%BE%E6%8E%A5">
            <area shape="0" alt="" ID="{CF1DFE61-A12D-4648-9EDA-4A437C197EFE}" coords="(0,0,312,39)"/>
          </link>
        </links>
        <interactiveData>
          <entry title="">
            <area shape="0" alt="" ID="{6AD90CF7-A642-47E5-BF44-2E86CFA17E91}" coords="(0,0,312,39)"/>
            <events title=""/>
          </entry>
        </interactiveData>
        <groupChildrenDescriptors>
          <control controlID="2C4EB349-0277-4550-B7F3-10390D93531B" controlTypeID="TextInput" isShow="True" caption="%E8%BE%93%E5%85%A5%E6%A1%86" x="0" y="0" w="289" h="39" measuredW="138" measuredH="36" zOrder="0" locked="True" sizeLocked="False">
            <controlProperties>
              <basic color="4294967295" borderVisible="True" borderColor="4284900966" isAutoSize="False" status="MsEnabled" opacity="1" isCommentCom="False" canMove="False" alias="input" rotation="0"/>
              <states/>
              <verticalScrollbarShow>False</verticalScrollbarShow>
              <verticalScrollbarProgress>0</verticalScrollbarProgress>
              <horizontalScrollbarShow>False</horizontalScrollbarShow>
              <horizontalScrollbarProgress>0</horizontalScrollbarProgress>
              <links eventType="AtClick" animate="AmNone" animateAutoDelay="0" animateDuration="500">
                <link targetPageID="" linkType="ltPageLink" isApplyIncludePage="False" title="%E9%93%BE%E6%8E%A5">
                  <area shape="0" alt="" ID="{0A2D1DC9-6089-4D04-B6EF-B70956E26548}" coords="(0,0,289,39)"/>
                </link>
              </links>
              <interactiveData>
                <entry title="">
                  <area shape="0" alt="" ID="{678CE6E5-4A56-4961-9FD6-2090FAE97A0E}" coords="(0,0,289,39)"/>
                  <events title=""/>
                </entry>
              </interactiveData>
              <textSet textColor="4278190080" textSize="14" lineSpacingMultiple="1" textAlign="HaLeft" textVAlign="VaMiddle" textWordWrap="True" lineSpacing="18" textStyles="[]" useDefaultTextSize="True">
                <font family="%E5%BE%AE%E8%BD%AF%E9%9B%85%E9%BB%91" displayName="%E5%BE%AE%E8%BD%AF%E9%9B%85%E9%BB%91" postScript="" weightStyle="Regular" weight="400" isBold="False" isItalic="False"/>
                <text>%E9%80%89%E6%8B%A9%E7%8A%B6%E6%80%81%E7%B1%BB%E5%9E%8B</text>
              </textSet>
              <selectedIndex>-1</selectedIndex>
              <selectedColor>4282501083</selectedColor>
              <textPadding>0</textPadding>
              <canInput>True</canInput>
              <placeHolder/>
              <inputModel>emText</inputModel>
            </controlProperties>
          </control>
          <control controlID="B0E8EC62-88F5-4380-B218-F0FD579C5A85" controlTypeID="Button" isShow="True" caption="%E6%8C%89%E9%92%AE" x="288" y="0" w="24" h="39" measuredW="78" measuredH="36" zOrder="1" locked="True" sizeLocked="False">
            <controlProperties>
              <basic color="4294967295" borderVisible="True" borderColor="4284900966" isAutoSize="False" status="MsEnabled" opacity="1" isCommentCom="False" canMove="False" alias="button" rotation="0"/>
              <states/>
              <verticalScrollbarShow>False</verticalScrollbarShow>
              <verticalScrollbarProgress>0</verticalScrollbarProgress>
              <horizontalScrollbarShow>False</horizontalScrollbarShow>
              <horizontalScrollbarProgress>0</horizontalScrollbarProgress>
              <links eventType="AtClick" animate="AmNone" animateAutoDelay="0" animateDuration="500">
                <link targetPageID="" linkType="ltPageLink" isApplyIncludePage="False" title="%E9%93%BE%E6%8E%A5">
                  <area shape="0" alt="" ID="{12F7A384-5056-434E-828D-BF0F87BE12D1}" coords="(0,0,24,39)"/>
                </link>
              </links>
              <interactiveData>
                <entry title="">
                  <area shape="0" alt="" ID="{291822B9-2704-468B-835F-088404C75B25}" coords="(0,0,24,39)"/>
                  <events title=""/>
                </entry>
              </interactiveData>
              <textSet textColor="4278190080" textSize="14" lineSpacingMultiple="1" textAlign="HaCenter" textVAlign="VaMiddle" textWordWrap="True" lineSpacing="18" textStyles="[]" useDefaultTextSize="True">
                <font family="%E5%BE%AE%E8%BD%AF%E9%9B%85%E9%BB%91" displayName="%E5%BE%AE%E8%BD%AF%E9%9B%85%E9%BB%91" postScript="" weightStyle="Regular" weight="400" isBold="False" isItalic="False"/>
              </textSet>
              <selectedIndex>-1</selectedIndex>
              <selectedColor>4282501083</selectedColor>
              <textPadding>0</textPadding>
              <radius>0</radius>
              <radiusIsPercent>False</radiusIsPercent>
              <buttonStatus>BsNormal</buttonStatus>
              <thickness>1</thickness>
              <isAutoTextColor>False</isAutoTextColor>
            </controlProperties>
          </control>
          <control controlID="C1EBF106-F0A1-4638-88D9-5AB62E781FEC" controlTypeID="List" isShow="False" caption="%E5%88%97%E8%A1%A8" x="0" y="39" w="312" h="312" measuredW="168" measuredH="252" zOrder="2" locked="False" sizeLocked="False">
            <controlProperties>
              <basic color="4294967295" borderVisible="True" borderColor="4284900966" isAutoSize="False" status="MsEnabled" opacity="1" isCommentCom="False" canMove="False" alias="dropDown" rotation="0"/>
              <states/>
              <verticalScrollbarShow>False</verticalScrollbarShow>
              <verticalScrollbarProgress>0</verticalScrollbarProgress>
              <horizontalScrollbarShow>False</horizontalScrollbarShow>
              <horizontalScrollbarProgress>0</horizontalScrollbarProgress>
              <links eventType="AtClick" animate="AmNone" animateAutoDelay="0" animateDuration="500">
                <link targetPageID="" linkType="ltPageLink" isApplyIncludePage="False" title="%E9%80%89%E6%8B%A9%E7%8A%B6%E6%80%81%E7%B1%BB%E5%9E%8B">
                  <area shape="0" alt="" ID="{7745BF46-4AD2-49A4-8EB6-3F7B81A261C9}" coords="(1,1,311,40)"/>
                </link>
                <link targetPageID="" linkType="ltPageLink" isApplyIncludePage="False" title="%E5%85%A8%E9%83%A8">
                  <area shape="0" alt="" ID="{6F8566DE-FA04-4E65-ACF8-43957CA485A2}" coords="(1,40,311,79)"/>
                </link>
                <link targetPageID="" linkType="ltPageLink" isApplyIncludePage="False" title="%E6%9C%AA%E5%90%AF%E5%8A%A8">
                  <area shape="0" alt="" ID="{2122C812-298E-4C51-AEAC-61862F187CA3}" coords="(1,79,311,118)"/>
                </link>
                <link targetPageID="" linkType="ltPageLink" isApplyIncludePage="False" title="%E6%AD%A3%E5%B8%B8%E8%BF%9B%E8%A1%8C">
                  <area shape="0" alt="" ID="{DA6A42D6-C05E-478C-B9D2-AD53DED07032}" coords="(1,118,311,157)"/>
                </link>
                <link targetPageID="" linkType="ltPageLink" isApplyIncludePage="False" title="%E5%BB%B6%E6%9C%9F">
                  <area shape="0" alt="" ID="{CBDFE429-1E2E-4CC1-B1CF-8B21B4AB42F0}" coords="(1,157,311,196)"/>
                </link>
                <link targetPageID="" linkType="ltPageLink" isApplyIncludePage="False" title="%E6%9A%82%E5%81%9C">
                  <area shape="0" alt="" ID="{6176B82F-5FBE-4A62-AA28-149420467112}" coords="(1,196,311,235)"/>
                </link>
                <link targetPageID="" linkType="ltPageLink" isApplyIncludePage="False" title="%E5%8F%96%E6%B6%88">
                  <area shape="0" alt="" ID="{9883E627-D0A9-41EB-B15E-C98C744CE79A}" coords="(1,235,311,274)"/>
                </link>
                <link targetPageID="" linkType="ltPageLink" isApplyIncludePage="False" title="%E9%83%A8%E5%88%86%E4%B8%8A%E7%BA%BF">
                  <area shape="0" alt="" ID="{8CBBA2B7-9373-47A9-B51B-08C3E814F788}" coords="(1,274,311,312)"/>
                </link>
              </links>
              <interactiveData>
                <entry title="%E9%80%89%E6%8B%A9%E7%8A%B6%E6%80%81%E7%B1%BB%E5%9E%8B">
                  <area shape="0" alt="" ID="{193BA61E-A036-4A06-8780-A42208711A6C}" coords="(1,1,311,40)"/>
                  <events title=""/>
                </entry>
                <entry title="%E5%85%A8%E9%83%A8">
                  <area shape="0" alt="" ID="{66902BD2-6589-4C39-BB18-9022551C88CF}" coords="(1,40,311,79)"/>
                  <events title=""/>
                </entry>
                <entry title="%E6%9C%AA%E5%90%AF%E5%8A%A8">
                  <area shape="0" alt="" ID="{31E5B063-31E3-4572-8017-879618842689}" coords="(1,79,311,118)"/>
                  <events title=""/>
                </entry>
                <entry title="%E6%AD%A3%E5%B8%B8%E8%BF%9B%E8%A1%8C">
                  <area shape="0" alt="" ID="{AA14A6F1-D4BA-4C4B-8571-51BB9D9AF8E4}" coords="(1,118,311,157)"/>
                  <events title=""/>
                </entry>
                <entry title="%E5%BB%B6%E6%9C%9F">
                  <area shape="0" alt="" ID="{D621CB8D-8017-4709-A8E4-A3DDBECB5FCF}" coords="(1,157,311,196)"/>
                  <events title=""/>
                </entry>
                <entry title="%E6%9A%82%E5%81%9C">
                  <area shape="0" alt="" ID="{655C15C1-B714-4ABF-9DD7-702640102558}" coords="(1,196,311,235)"/>
                  <events title=""/>
                </entry>
                <entry title="%E5%8F%96%E6%B6%88">
                  <area shape="0" alt="" ID="{99F584BD-924C-465E-80BD-F1D08CEB74BC}" coords="(1,235,311,274)"/>
                  <events title=""/>
                </entry>
                <entry title="%E9%83%A8%E5%88%86%E4%B8%8A%E7%BA%BF">
                  <area shape="0" alt="" ID="{6A07FEBE-5F33-4F41-8221-D35A72E21F32}" coords="(1,274,311,312)"/>
                  <events title=""/>
                </entry>
              </interactiveData>
              <textSet textColor="4278190080" textSize="14" lineSpacingMultiple="1" textAlign="HaLeft" textVAlign="VaTop" textWordWrap="True" lineSpacing="18" textStyles="[]" useDefaultTextSize="True">
                <font family="%E5%BE%AE%E8%BD%AF%E9%9B%85%E9%BB%91" displayName="%E5%BE%AE%E8%BD%AF%E9%9B%85%E9%BB%91" postScript="" weightStyle="Regular" weight="400" isBold="False" isItalic="False"/>
                <text>%E9%80%89%E6%8B%A9%E7%8A%B6%E6%80%81%E7%B1%BB%E5%9E%8B%0D%0A%E5%85%A8%E9%83%A8%0D%0A%E6%9C%AA%E5%90%AF%E5%8A%A8%0D%0A%E6%AD%A3%E5%B8%B8%E8%BF%9B%E8%A1%8C%0D%0A%E5%BB%B6%E6%9C%9F%0D%0A%E6%9A%82%E5%81%9C%0D%0A%E5%8F%96%E6%B6%88%0D%0A%E9%83%A8%E5%88%86%E4%B8%8A%E7%BA%BF%0D%0A</text>
              </textSet>
              <selectedIndex>0</selectedIndex>
              <selectedColor>4282501083</selectedColor>
              <textPadding>10</textPadding>
              <itemHeight>39</itemHeight>
              <isInterlace>False</isInterlace>
              <interlaceColor>4294967295</interlaceColor>
              <separatorColor>4284900966</separatorColor>
              <showSeparator>False</showSeparator>
            </controlProperties>
          </control>
        </groupChildrenDescriptors>
        <rowCount>5</rowCount>
        <canInput>False</canInput>
        <baseHeight>39</baseHeight>
        <textSet textColor="4278190080" textSize="14" textStyles="[]">
          <font family="%E5%BE%AE%E8%BD%AF%E9%9B%85%E9%BB%91"/>
        </textSet>
      </controlProperties>
    </control>
    <control controlID="EE935478-169D-455E-8160-C059C6B3E257" controlTypeID="Shape" isShow="True" caption="%E5%BD%A2%E7%8A%B6" x="300" y="10" w="65" h="28" measuredW="120" measuredH="100" zOrder="10" locked="False" sizeLocked="False">
      <controlProperties>
        <basic color="4292730333" borderVisible="True" borderColor="4292730333" isAutoSize="False" status="MsEnabled" opacity="1" isCommentCom="False" canMove="True" alias="" rotation="0"/>
        <states/>
        <verticalScrollbarShow>False</verticalScrollbarShow>
        <verticalScrollbarProgress>0</verticalScrollbarProgress>
        <horizontalScrollbarShow>False</horizontalScrollbarShow>
        <horizontalScrollbarProgress>0</horizontalScrollbarProgress>
        <links eventType="AtClick" animate="AmNone" animateAutoDelay="0" animateDuration="500">
          <link targetPageID="" linkType="ltPageLink" isApplyIncludePage="False" title="%E9%93%BE%E6%8E%A5">
            <area shape="0" alt="" ID="{CB759EBD-3EEF-4557-AEB1-BB8A06CC0C45}" coords="(0,0,65,28)"/>
          </link>
        </links>
        <interactiveData>
          <entry title="">
            <area shape="0" alt="" ID="{95C46284-94E4-4309-BFFC-6678D3BBDB48}" coords="(0,0,65,28)"/>
            <events title=""/>
          </entry>
        </interactiveData>
        <textSet textColor="4278190080" textSize="14" lineSpacingMultiple="1" textAlign="HaCenter" textVAlign="VaMiddle" textWordWrap="True" lineSpacing="18" textStyles="[]" useDefaultTextSize="True">
          <font family="%E5%BE%AE%E8%BD%AF%E9%9B%85%E9%BB%91" displayName="%E5%BE%AE%E8%BD%AF%E9%9B%85%E9%BB%91" postScript="" weightStyle="Regular" weight="400" isBold="False" isItalic="False"/>
        </textSet>
        <selectedIndex>-1</selectedIndex>
        <selectedColor>4282501083</selectedColor>
        <textPadding>0</textPadding>
        <shapeBorderType>SbRectangle</shapeBorderType>
        <triangleType>TdZero</triangleType>
        <dashMode>SdSolid</dashMode>
        <rectangleBorderLeftVisible>True</rectangleBorderLeftVisible>
        <rectangleBorderRightVisible>True</rectangleBorderRightVisible>
        <rectangleBorderTopVisible>True</rectangleBorderTopVisible>
        <rectangleBorderBottomVisible>True</rectangleBorderBottomVisible>
        <radius>0</radius>
        <radiusIsPercent>False</radiusIsPercent>
        <thickness>1</thickness>
      </controlProperties>
    </control>
    <control controlID="0B5C1C7A-4889-4F6E-81A4-B0021F81F119" controlTypeID="Tabs" isShow="True" caption="%E6%A0%87%E7%AD%BE%E7%BB%84" x="0" y="48" w="375" h="48" measuredW="340" measuredH="42" zOrder="11" locked="False" sizeLocked="False">
      <controlProperties>
        <basic color="16777215" borderVisible="True" borderColor="4284900966" isAutoSize="False" status="MsEnabled" opacity="1" isCommentCom="False" canMove="True" alias="" rotation="0"/>
        <states/>
        <verticalScrollbarShow>False</verticalScrollbarShow>
        <verticalScrollbarProgress>0</verticalScrollbarProgress>
        <horizontalScrollbarShow>False</horizontalScrollbarShow>
        <horizontalScrollbarProgress>0</horizontalScrollbarProgress>
        <links eventType="AtClick" animate="AmNone" animateAutoDelay="0" animateDuration="500">
          <link targetPageID="38435B1E-31EF-4343-9081-C3138638522D" linkType="ltPageLink" isApplyIncludePage="False" title="%E7%AD%9B%E9%80%89">
            <area shape="0" alt="" ID="{4882D09F-860E-44D8-A78E-22C1DABD77E7}" coords="(0,0,186.5,48)"/>
          </link>
          <link targetPageID="CB8E150F-92A2-4661-95C3-D7759264F22D" linkType="ltPageLink" isApplyIncludePage="False" title="%E6%90%9C%E7%B4%A2">
            <area shape="0" alt="" ID="{0F214D42-2AEE-4F8A-BFE5-B09066FF2C35}" coords="(187.5,0,374,48)"/>
          </link>
        </links>
        <interactiveData>
          <entry title="%E7%AD%9B%E9%80%89">
            <area shape="0" alt="" ID="{E1A423A4-B3E6-4565-A87E-BAE0EAFF9932}" coords="(0,0,186.5,48)"/>
            <events title=""/>
          </entry>
          <entry title="%E6%90%9C%E7%B4%A2">
            <area shape="0" alt="" ID="{6E279779-34A5-4E1D-ACFE-075B94EDB435}" coords="(187.5,0,374,48)"/>
            <events title=""/>
          </entry>
        </interactiveData>
        <textSet textColor="4278190080" textSize="14" lineSpacingMultiple="1" textAlign="HaLeft" textVAlign="VaTop" textWordWrap="True" lineSpacing="18" textStyles="[]" useDefaultTextSize="True">
          <font family="%E5%BE%AE%E8%BD%AF%E9%9B%85%E9%BB%91" displayName="%E5%BE%AE%E8%BD%AF%E9%9B%85%E9%BB%91" postScript="" weightStyle="Regular" weight="400" isBold="False" isItalic="False"/>
          <text>%E7%AD%9B%E9%80%89%2C%E6%90%9C%E7%B4%A2</text>
        </textSet>
        <selectedIndex>0</selectedIndex>
        <selectedColor>4282501083</selectedColor>
        <textPadding>0</textPadding>
        <thickness>1</thickness>
        <indicatorPercentWidth>100</indicatorPercentWidth>
        <indicatorHeight>3</indicatorHeight>
        <dividerPercentHeight>50</dividerPercentHeight>
        <dividerColor>4284900966</dividerColor>
        <selectedTextColor>4278190080</selectedTextColor>
      </controlProperties>
    </control>
  </controls>
  <param>
    <backgroundColor>4294967295</backgroundColor>
    <fontSize>0</fontSize>
    <fontFamily/>
    <guideLines/>
  </param>
</mockup>