﻿<mockup version="4.7" minAllowVersion="4.7" ID="64127204-9076-4524-8285-5CC682322B25" platform="MtMobile" defaultW="375" defaultH="667" screenOrientation="MoPortrait" mobileScreenScale="1.77777779102325" measureW="375" measureH="667" clipArea="(0,0,0,0)">
  <controls controlCount="6">
    <control controlID="65935386-4B89-4B2D-8154-CAB6CA00D71D" controlTypeID="Top ActionBar" isShow="True" caption="%E9%A1%B6%E9%83%A8%E6%93%8D%E4%BD%9C%E6%A0%8F" x="0" y="0" w="375" h="48" measuredW="342" measuredH="48" zOrder="0" locked="False" sizeLocked="False">
      <controlProperties>
        <basic color="4292730333" borderVisible="True" borderColor="4284900966" isAutoSize="False" status="MsEnabled" opacity="1" isCommentCom="False" canMove="True" alias="" rotation="0"/>
        <states/>
        <verticalScrollbarShow>False</verticalScrollbarShow>
        <verticalScrollbarProgress>0</verticalScrollbarProgress>
        <horizontalScrollbarShow>False</horizontalScrollbarShow>
        <horizontalScrollbarProgress>0</horizontalScrollbarProgress>
        <links eventType="AtClick" animate="AmNone" animateAutoDelay="0" animateDuration="500">
          <link targetPageID="" linkType="ltPageLink" isApplyIncludePage="False" title="%E8%BF%94%E5%9B%9E">
            <area shape="0" alt="" ID="{59A24282-EA0C-456B-AFE6-7830EB1B2885}" coords="(2,4,42,44)"/>
          </link>
          <link targetPageID="" linkType="ltPageLink" isApplyIncludePage="False" title="%E8%8F%9C%E5%8D%95">
            <area shape="0" alt="" ID="{316BC6A5-3EC3-4F02-BB56-C8A26D162230}" coords="(328,4,368,44)"/>
          </link>
        </links>
        <interactiveData>
          <entry title="%E8%BF%94%E5%9B%9E">
            <area shape="0" alt="" ID="{D7FE54AA-B2CF-4541-8498-46A66A983404}" coords="(2,4,42,44)"/>
            <events title=""/>
          </entry>
          <entry title="%E8%8F%9C%E5%8D%95">
            <area shape="0" alt="" ID="{F04AA500-C4B5-454D-A512-E9C980F7062E}" coords="(328,4,368,44)"/>
            <events title=""/>
          </entry>
        </interactiveData>
        <textSet textColor="4278190080" textSize="14" lineSpacingMultiple="1" textAlign="HaLeft" textVAlign="VaTop" textWordWrap="True" lineSpacing="18" textStyles="[]" useDefaultTextSize="True">
          <font family="%E5%BE%AE%E8%BD%AF%E9%9B%85%E9%BB%91" displayName="%E5%BE%AE%E8%BD%AF%E9%9B%85%E9%BB%91" postScript="" weightStyle="Regular" weight="400" isBold="False" isItalic="False"/>
          <text>%E9%80%89%E6%8B%A9%E6%88%90%E5%91%98</text>
        </textSet>
        <selectedIndex>0</selectedIndex>
        <selectedColor>4282501083</selectedColor>
        <textPadding>0</textPadding>
        <showMenu>True</showMenu>
        <showBack>True</showBack>
        <iconColor>4278190080</iconColor>
      </controlProperties>
    </control>
    <control controlID="4EAE2708-A8F7-4626-8498-B860717922CF" controlTypeID="TableView" isShow="True" caption="%E5%88%97%E8%A1%A8%E8%A7%86%E5%9B%BE" x="0" y="48" w="375" h="619" measuredW="342" measuredH="437" zOrder="1" locked="False" sizeLocked="False">
      <controlProperties>
        <basic color="4294967295" borderVisible="False" borderColor="4284900966" isAutoSize="False" status="MsEnabled" opacity="1" isCommentCom="False" canMove="True" alias="" rotation="0"/>
        <states/>
        <verticalScrollbarShow>False</verticalScrollbarShow>
        <verticalScrollbarProgress>0</verticalScrollbarProgress>
        <horizontalScrollbarShow>False</horizontalScrollbarShow>
        <horizontalScrollbarProgress>0</horizontalScrollbarProgress>
        <links eventType="AtClick" animate="AmNone" animateAutoDelay="0" animateDuration="500">
          <link targetPageID="" linkType="ltPageLink" isApplyIncludePage="False" title="%E6%88%90%E5%91%981+">
            <area shape="0" alt="" ID="{811ECD3B-5305-4251-9CB2-ABF53BE8EAB1}" coords="(0,0,375,50)"/>
          </link>
          <link targetPageID="" linkType="ltPageLink" isApplyIncludePage="False" title="%E6%88%90%E5%91%982+">
            <area shape="0" alt="" ID="{B431DB65-C35B-480D-97A1-315C041E5844}" coords="(0,50,375,100)"/>
          </link>
          <link targetPageID="" linkType="ltPageLink" isApplyIncludePage="False" title="%E6%88%90%E5%91%983+">
            <area shape="0" alt="" ID="{B661FC21-4C6A-441A-B1EB-4717BFE487DC}" coords="(0,100,375,150)"/>
          </link>
          <link targetPageID="" linkType="ltPageLink" isApplyIncludePage="False" title="%E6%88%90%E5%91%984+">
            <area shape="0" alt="" ID="{C978167F-A476-4F7C-BB8C-2026F33FD00D}" coords="(0,150,375,200)"/>
          </link>
          <link targetPageID="" linkType="ltPageLink" isApplyIncludePage="False" title="%E6%88%90%E5%91%985+">
            <area shape="0" alt="" ID="{B369EF95-A0D7-44B3-82FF-9C09D0ABE632}" coords="(0,200,375,250)"/>
          </link>
          <link targetPageID="" linkType="ltPageLink" isApplyIncludePage="False" title="%E6%88%90%E5%91%986+">
            <area shape="0" alt="" ID="{DB297D64-CC2F-4FDF-9D09-94EFDF8F27F9}" coords="(0,250,375,300)"/>
          </link>
          <link targetPageID="" linkType="ltPageLink" isApplyIncludePage="False" title="%E6%88%90%E5%91%987+">
            <area shape="0" alt="" ID="{C4EA9946-8007-4D73-BBEA-C2E9405EC723}" coords="(0,300,375,350)"/>
          </link>
          <link targetPageID="" linkType="ltPageLink" isApplyIncludePage="False" title="%E6%88%90%E5%91%988+">
            <area shape="0" alt="" ID="{522A3DDC-3AE8-40C3-86F6-6C4AF54EA493}" coords="(0,350,375,400)"/>
          </link>
        </links>
        <interactiveData>
          <entry title="%E6%88%90%E5%91%981+">
            <area shape="0" alt="" ID="{40AE4276-2DE8-4909-8E76-F73243C285BC}" coords="(0,0,375,50)"/>
            <events title=""/>
          </entry>
          <entry title="%E6%88%90%E5%91%982+">
            <area shape="0" alt="" ID="{73CE6BCA-0ED9-4DF8-B846-1430AA2C8D7F}" coords="(0,50,375,100)"/>
            <events title=""/>
          </entry>
          <entry title="%E6%88%90%E5%91%983+">
            <area shape="0" alt="" ID="{921BAEBD-08D4-4804-B1CA-921980D864D0}" coords="(0,100,375,150)"/>
            <events title=""/>
          </entry>
          <entry title="%E6%88%90%E5%91%984+">
            <area shape="0" alt="" ID="{579E9D8F-14D6-4B93-8467-8EE26C271171}" coords="(0,150,375,200)"/>
            <events title=""/>
          </entry>
          <entry title="%E6%88%90%E5%91%985+">
            <area shape="0" alt="" ID="{6081AD22-FD16-4CA7-AE01-F43FC85C2759}" coords="(0,200,375,250)"/>
            <events title=""/>
          </entry>
          <entry title="%E6%88%90%E5%91%986+">
            <area shape="0" alt="" ID="{A8AE171B-A932-4553-B713-3521DEA84946}" coords="(0,250,375,300)"/>
            <events title=""/>
          </entry>
          <entry title="%E6%88%90%E5%91%987+">
            <area shape="0" alt="" ID="{FC84E5C3-3326-4E75-BA6D-643D54D29FAA}" coords="(0,300,375,350)"/>
            <events title=""/>
          </entry>
          <entry title="%E6%88%90%E5%91%988+">
            <area shape="0" alt="" ID="{177D2578-F200-4CFA-88A3-3E8DA83D289E}" coords="(0,350,375,400)"/>
            <events title=""/>
          </entry>
        </interactiveData>
        <textSet textColor="4278190080" textSize="14" lineSpacingMultiple="1" textAlign="HaLeft" textVAlign="VaTop" textWordWrap="True" lineSpacing="18" textStyles="[]" useDefaultTextSize="True">
          <font family="%E5%BE%AE%E8%BD%AF%E9%9B%85%E9%BB%91" displayName="%E5%BE%AE%E8%BD%AF%E9%9B%85%E9%BB%91" postScript="" weightStyle="Regular" weight="400" isBold="False" isItalic="False"/>
          <text>%E6%88%90%E5%91%981+%0D%0A%E6%88%90%E5%91%982+%0D%0A%E6%88%90%E5%91%983+%0D%0A%E6%88%90%E5%91%984+%0D%0A%E6%88%90%E5%91%985+%0D%0A%E6%88%90%E5%91%986+%0D%0A%E6%88%90%E5%91%987+%0D%0A%E6%88%90%E5%91%988+</text>
        </textSet>
        <selectedIndex>0</selectedIndex>
        <selectedColor>4294967295</selectedColor>
        <textPadding>0</textPadding>
        <borderStyle>False</borderStyle>
        <itemHeight>50</itemHeight>
        <iconSize>24</iconSize>
        <separatorColor>4284900966</separatorColor>
        <showSeparator>True</showSeparator>
        <iconColor>4284900966</iconColor>
      </controlProperties>
    </control>
    <control controlID="11B5C4BF-54F9-463C-882C-6FA297ABDFAA" controlTypeID="Label" isShow="True" caption="%E5%8D%95%E8%A1%8C%E6%96%87%E5%AD%97" x="144" y="628" w="89" h="19" measuredW="0" measuredH="0" zOrder="2" locked="False" sizeLocked="False">
      <controlProperties>
        <basic color="0" borderVisible="True" borderColor="4284900966" isAutoSize="True" status="MsEnabled" opacity="1" isCommentCom="False" canMove="True" alias="" rotation="0"/>
        <states/>
        <verticalScrollbarShow>False</verticalScrollbarShow>
        <verticalScrollbarProgress>0</verticalScrollbarProgress>
        <horizontalScrollbarShow>False</horizontalScrollbarShow>
        <horizontalScrollbarProgress>0</horizontalScrollbarProgress>
        <links eventType="AtClick" animate="AmNone" animateAutoDelay="0" animateDuration="500">
          <link targetPageID="" linkType="ltPageLink" isApplyIncludePage="False" title="%E9%93%BE%E6%8E%A5">
            <area shape="0" alt="" ID="{8580FBD4-9450-4E90-BF32-6D75BF944F59}" coords="(0,0,89,19)"/>
          </link>
        </links>
        <interactiveData>
          <entry title="">
            <area shape="0" alt="" ID="{7A382555-CB11-405A-ABAD-27A507884639}" coords="(0,0,89,19)"/>
            <events title=""/>
          </entry>
        </interactiveData>
        <textSet textColor="4278190080" textSize="14" lineSpacingMultiple="1" textAlign="HaLeft" textVAlign="VaTop" textWordWrap="True" lineSpacing="18" textStyles="[]" useDefaultTextSize="True">
          <font family="%E5%BE%AE%E8%BD%AF%E9%9B%85%E9%BB%91" displayName="%E5%BE%AE%E8%BD%AF%E9%9B%85%E9%BB%91" postScript="" weightStyle="Regular" weight="400" isBold="False" isItalic="False"/>
          <text>%E4%B8%8A%E6%8B%89%E5%8A%A0%E8%BD%BD%E6%9B%B4%E5%A4%9A</text>
        </textSet>
        <selectedIndex>-1</selectedIndex>
        <selectedColor>4282501083</selectedColor>
        <textPadding>0</textPadding>
      </controlProperties>
    </control>
    <control controlID="5898A50F-9C4C-4B09-AF54-AF16C6B6F2B5" controlTypeID="StickyNote" isShow="True" caption="%E4%BE%BF%E7%AD%BE%E6%9D%A1" x="-216" y="-64" w="184" h="447" measuredW="109" measuredH="123" zOrder="3" locked="False" sizeLocked="False">
      <controlProperties>
        <basic color="4294033970" borderVisible="True" borderColor="4284900966" isAutoSize="False" status="MsEnabled" opacity="1" isCommentCom="True" canMove="True" alias="" rotation="0"/>
        <states/>
        <verticalScrollbarShow>False</verticalScrollbarShow>
        <verticalScrollbarProgress>0</verticalScrollbarProgress>
        <horizontalScrollbarShow>False</horizontalScrollbarShow>
        <horizontalScrollbarProgress>0</horizontalScrollbarProgress>
        <links eventType="AtClick" animate="AmNone" animateAutoDelay="0" animateDuration="500">
          <link targetPageID="" linkType="ltPageLink" isApplyIncludePage="False" title="%E9%93%BE%E6%8E%A5">
            <area shape="0" alt="" ID="{6993802A-5F81-49B8-8EFF-C95E2DF3A1B0}" coords="(0,0,184,447)"/>
          </link>
        </links>
        <interactiveData>
          <entry title="">
            <area shape="0" alt="" ID="{A168F00B-72B4-4254-8C59-A303E3741705}" coords="(0,0,184,447)"/>
            <events title=""/>
          </entry>
        </interactiveData>
        <textSet textColor="4278190080" textSize="14" lineSpacingMultiple="1" textAlign="HaLeft" textVAlign="VaTop" textWordWrap="True" lineSpacing="18" textStyles="[]" useDefaultTextSize="True">
          <font family="%E5%BE%AE%E8%BD%AF%E9%9B%85%E9%BB%91" displayName="%E5%BE%AE%E8%BD%AF%E9%9B%85%E9%BB%91" postScript="" weightStyle="Regular" weight="400" isBold="False" isItalic="False"/>
          <text>%E6%8E%92%E5%BA%8F%0D%0A%E6%88%90%E5%91%98%E6%8E%92%E5%BA%8F%E6%8C%89%E9%A6%96%E5%AD%97%E6%AF%8D%E2%80%9C0%7E1%EF%BC%9EA%7EZ%EF%BC%9E%E7%89%B9%E6%AE%8A%E7%AC%A6%E5%8F%B7%E2%80%9D%E8%BF%9B%E8%A1%8C%E6%8E%92%E5%BA%8F%0D%0A%0D%0A%E5%B1%95%E7%A4%BA%EF%BC%9A%0D%0A%E4%B8%80%E9%A1%B520%E6%9D%A1%EF%BC%8C%E4%B8%8A%E6%8B%89%E5%8A%A0%E8%BD%BD%E6%9B%B4%E5%A4%9A%EF%BC%8C%E4%B8%80%E6%AC%A1%E5%8A%A0%E8%BD%BD20%E6%9D%A1%0D%0A%0D%0A%0D%0A%E6%9C%80%E5%A4%A7%E5%AD%97%E7%AC%A6%E6%95%B0%EF%BC%9A%0D%0A%E6%88%90%E5%91%98%3D%E5%B0%8F%E4%BA%8E26%E5%AD%97%E7%AC%A6%EF%BC%8C%E8%B6%85%E5%87%BA%E7%94%A8%E2%80%9C...%E2%80%9D%E4%BB%A3%E6%9B%BF%0D%0A%0D%0A</text>
        </textSet>
        <selectedIndex>-1</selectedIndex>
        <selectedColor>4282501083</selectedColor>
        <textPadding>0</textPadding>
        <isShowTabBar>True</isShowTabBar>
      </controlProperties>
    </control>
    <control controlID="0BC0FD56-307C-4280-99B1-B7B76FD5AA94" controlTypeID="Shape" isShow="True" caption="%E5%BD%A2%E7%8A%B6" x="11" y="7" w="24" h="36" measuredW="120" measuredH="100" zOrder="4" locked="False" sizeLocked="False">
      <controlProperties>
        <basic color="4294967295" borderVisible="True" borderColor="4292730333" isAutoSize="False" status="MsEnabled" opacity="0" isCommentCom="False" canMove="True" alias="" rotation="0"/>
        <states/>
        <verticalScrollbarShow>False</verticalScrollbarShow>
        <verticalScrollbarProgress>0</verticalScrollbarProgress>
        <horizontalScrollbarShow>False</horizontalScrollbarShow>
        <horizontalScrollbarProgress>0</horizontalScrollbarProgress>
        <links eventType="AtClick" animate="AmNone" animateAutoDelay="0" animateDuration="500">
          <link targetPageID="922B863B-E908-44ED-B474-7E9D2083741F" linkType="ltPageLink" isApplyIncludePage="False" title="%E9%A1%B9%E7%9B%AE%E8%AF%A6%E6%83%85%E9%A1%B5">
            <area shape="0" alt="" ID="{3D8C4DE1-F8C5-4DB0-8668-CE00A4A30D8A}" coords="(0,0,24,36)"/>
          </link>
        </links>
        <interactiveData>
          <entry title="">
            <area shape="0" alt="" ID="{AC8A1FAF-D67B-4DD6-B9AD-D9EA643F55C6}" coords="(0,0,24,36)"/>
            <events title=""/>
          </entry>
        </interactiveData>
        <textSet textColor="4278190080" textSize="14" lineSpacingMultiple="1" textAlign="HaCenter" textVAlign="VaMiddle" textWordWrap="True" lineSpacing="18" textStyles="[]" useDefaultTextSize="True">
          <font family="%E5%BE%AE%E8%BD%AF%E9%9B%85%E9%BB%91" displayName="%E5%BE%AE%E8%BD%AF%E9%9B%85%E9%BB%91" postScript="" weightStyle="Regular" weight="400" isBold="False" isItalic="False"/>
        </textSet>
        <selectedIndex>-1</selectedIndex>
        <selectedColor>4282501083</selectedColor>
        <textPadding>0</textPadding>
        <shapeBorderType>SbRectangle</shapeBorderType>
        <triangleType>TdZero</triangleType>
        <dashMode>SdSolid</dashMode>
        <rectangleBorderLeftVisible>True</rectangleBorderLeftVisible>
        <rectangleBorderRightVisible>True</rectangleBorderRightVisible>
        <rectangleBorderTopVisible>True</rectangleBorderTopVisible>
        <rectangleBorderBottomVisible>True</rectangleBorderBottomVisible>
        <radius>0</radius>
        <radiusIsPercent>False</radiusIsPercent>
        <thickness>1</thickness>
      </controlProperties>
    </control>
    <control controlID="3E44507D-A3BE-4146-82D8-3D88DCA2FE8F" controlTypeID="Shape" isShow="True" caption="%E5%BD%A2%E7%8A%B6" x="300" y="10" w="65" h="28" measuredW="120" measuredH="100" zOrder="5" locked="False" sizeLocked="False">
      <controlProperties>
        <basic color="4292730333" borderVisible="True" borderColor="4292730333" isAutoSize="False" status="MsEnabled" opacity="1" isCommentCom="False" canMove="True" alias="" rotation="0"/>
        <states/>
        <verticalScrollbarShow>False</verticalScrollbarShow>
        <verticalScrollbarProgress>0</verticalScrollbarProgress>
        <horizontalScrollbarShow>False</horizontalScrollbarShow>
        <horizontalScrollbarProgress>0</horizontalScrollbarProgress>
        <links eventType="AtClick" animate="AmNone" animateAutoDelay="0" animateDuration="500">
          <link targetPageID="" linkType="ltPageLink" isApplyIncludePage="False" title="%E9%93%BE%E6%8E%A5">
            <area shape="0" alt="" ID="{CB759EBD-3EEF-4557-AEB1-BB8A06CC0C45}" coords="(0,0,65,28)"/>
          </link>
        </links>
        <interactiveData>
          <entry title="">
            <area shape="0" alt="" ID="{95C46284-94E4-4309-BFFC-6678D3BBDB48}" coords="(0,0,65,28)"/>
            <events title=""/>
          </entry>
        </interactiveData>
        <textSet textColor="4278190080" textSize="14" lineSpacingMultiple="1" textAlign="HaCenter" textVAlign="VaMiddle" textWordWrap="True" lineSpacing="18" textStyles="[]" useDefaultTextSize="True">
          <font family="%E5%BE%AE%E8%BD%AF%E9%9B%85%E9%BB%91" displayName="%E5%BE%AE%E8%BD%AF%E9%9B%85%E9%BB%91" postScript="" weightStyle="Regular" weight="400" isBold="False" isItalic="False"/>
        </textSet>
        <selectedIndex>-1</selectedIndex>
        <selectedColor>4282501083</selectedColor>
        <textPadding>0</textPadding>
        <shapeBorderType>SbRectangle</shapeBorderType>
        <triangleType>TdZero</triangleType>
        <dashMode>SdSolid</dashMode>
        <rectangleBorderLeftVisible>True</rectangleBorderLeftVisible>
        <rectangleBorderRightVisible>True</rectangleBorderRightVisible>
        <rectangleBorderTopVisible>True</rectangleBorderTopVisible>
        <rectangleBorderBottomVisible>True</rectangleBorderBottomVisible>
        <radius>0</radius>
        <radiusIsPercent>False</radiusIsPercent>
        <thickness>1</thickness>
      </controlProperties>
    </control>
  </controls>
  <param>
    <backgroundColor>4294967295</backgroundColor>
    <fontSize>0</fontSize>
    <fontFamily/>
    <guideLines/>
  </param>
</mockup>