﻿<mockup version="4.7" minAllowVersion="4.7" ID="460A173C-A6BD-4965-B046-020E026EC72D" platform="MtMobile" defaultW="375" defaultH="667" screenOrientation="MoPortrait" mobileScreenScale="1.77777779102325" measureW="375" measureH="667" clipArea="(0,0,0,0)">
  <controls controlCount="5">
    <control controlID="212DE431-73BE-4B48-A784-B6907459440F" controlTypeID="Top ActionBar" isShow="True" caption="%E9%A1%B6%E9%83%A8%E6%93%8D%E4%BD%9C%E6%A0%8F" x="0" y="0" w="375" h="48" measuredW="342" measuredH="48" zOrder="0" locked="False" sizeLocked="False">
      <controlProperties>
        <basic color="4292730333" borderVisible="True" borderColor="4284900966" isAutoSize="False" status="MsEnabled" opacity="1" isCommentCom="False" canMove="True" alias="" rotation="0"/>
        <states/>
        <verticalScrollbarShow>False</verticalScrollbarShow>
        <verticalScrollbarProgress>0</verticalScrollbarProgress>
        <horizontalScrollbarShow>False</horizontalScrollbarShow>
        <horizontalScrollbarProgress>0</horizontalScrollbarProgress>
        <links eventType="AtClick" animate="AmNone" animateAutoDelay="0" animateDuration="500">
          <link targetPageID="" linkType="ltPageLink" isApplyIncludePage="False" title="%E8%BF%94%E5%9B%9E">
            <area shape="0" alt="" ID="{59A24282-EA0C-456B-AFE6-7830EB1B2885}" coords="(2,4,42,44)"/>
          </link>
          <link targetPageID="" linkType="ltPageLink" isApplyIncludePage="False" title="%E8%8F%9C%E5%8D%95">
            <area shape="0" alt="" ID="{316BC6A5-3EC3-4F02-BB56-C8A26D162230}" coords="(328,4,368,44)"/>
          </link>
        </links>
        <interactiveData>
          <entry title="%E8%BF%94%E5%9B%9E">
            <area shape="0" alt="" ID="{D7FE54AA-B2CF-4541-8498-46A66A983404}" coords="(2,4,42,44)"/>
            <events title=""/>
          </entry>
          <entry title="%E8%8F%9C%E5%8D%95">
            <area shape="0" alt="" ID="{F04AA500-C4B5-454D-A512-E9C980F7062E}" coords="(328,4,368,44)"/>
            <events title=""/>
          </entry>
        </interactiveData>
        <textSet textColor="4278190080" textSize="14" lineSpacingMultiple="1" textAlign="HaLeft" textVAlign="VaTop" textWordWrap="True" lineSpacing="18" textStyles="[]" useDefaultTextSize="True">
          <font family="%E5%BE%AE%E8%BD%AF%E9%9B%85%E9%BB%91" displayName="%E5%BE%AE%E8%BD%AF%E9%9B%85%E9%BB%91" postScript="" weightStyle="Regular" weight="400" isBold="False" isItalic="False"/>
          <text>%E6%80%BB%E8%A7%88</text>
        </textSet>
        <selectedIndex>0</selectedIndex>
        <selectedColor>4282501083</selectedColor>
        <textPadding>0</textPadding>
        <showMenu>True</showMenu>
        <showBack>True</showBack>
        <iconColor>4278190080</iconColor>
      </controlProperties>
    </control>
    <control controlID="4344DF5D-D49C-4998-8724-AC8E0D2D8B41" controlTypeID="DataGrid" isShow="True" caption="%E8%A1%A8%E6%A0%BC" x="0" y="96" w="375" h="586" measuredW="260" measuredH="192" zOrder="1" locked="False" sizeLocked="False">
      <controlProperties>
        <basic color="4294967295" borderVisible="False" borderColor="4284900966" isAutoSize="False" status="MsEnabled" opacity="1" isCommentCom="False" canMove="True" alias="" rotation="0"/>
        <states/>
        <verticalScrollbarShow>False</verticalScrollbarShow>
        <verticalScrollbarProgress>0</verticalScrollbarProgress>
        <horizontalScrollbarShow>False</horizontalScrollbarShow>
        <horizontalScrollbarProgress>0</horizontalScrollbarProgress>
        <links eventType="AtClick" animate="AmNone" animateAutoDelay="0" animateDuration="500">
          <link targetPageID="" linkType="ltPageLink" isApplyIncludePage="False" title="%E6%9C%88%E4%BB%BD%2C%E8%A7%84%E5%88%92%E9%A1%B9%E7%9B%AE%E6%95%B0%E9%87%8F%2C%E9%83%A8%E9%97%A8%E5%86%85%E9%83%A8%E9%A1%B9%E7%9B%AE%E6%95%B0%E9%87%8F%2C%E5%90%88%E8%AE%A1+">
            <area shape="0" alt="" ID="{977CF864-2464-4D6F-B6BC-346D44222B7C}" coords="(0,0.00999999977648258,375,22.0100002288818)"/>
          </link>
          <link targetPageID="" linkType="ltPageLink" isApplyIncludePage="False" title="2017%2F7%2C6%2C7%2C10">
            <area shape="0" alt="" ID="{C8341987-F9CC-4C13-98DC-F9A95A8AFC01}" coords="(0,22,375,70)"/>
          </link>
          <link targetPageID="" linkType="ltPageLink" isApplyIncludePage="False" title="2017%2F8%2C6%2C7%2C10">
            <area shape="0" alt="" ID="{526B800E-D122-4900-9E2B-9B144575A774}" coords="(0,70,375,118)"/>
          </link>
          <link targetPageID="" linkType="ltPageLink" isApplyIncludePage="False" title="2017%2F9%2C4%2C7%2C10">
            <area shape="0" alt="" ID="{D7D2132B-0BC2-4F42-83C4-F56CCFF2FE57}" coords="(0,118,375,166)"/>
          </link>
          <link targetPageID="" linkType="ltPageLink" isApplyIncludePage="False" title="2017%2F10%2C4%2C6%2C7">
            <area shape="0" alt="" ID="{44DE87A1-12FC-484C-B77C-BC540E281B94}" coords="(0,166,375,214)"/>
          </link>
          <link targetPageID="" linkType="ltPageLink" isApplyIncludePage="False" title="2017%2F11%2C4%2C6%2C7">
            <area shape="0" alt="" ID="{88D83676-6D29-4340-B494-65919FF6E777}" coords="(0,214,375,262)"/>
          </link>
          <link targetPageID="" linkType="ltPageLink" isApplyIncludePage="False" title="2017%2F12%2C30%2C40%2C54">
            <area shape="0" alt="" ID="{FE858151-7AC4-4EAE-B17E-5CCAC0F686C8}" coords="(0,262,375,310)"/>
          </link>
          <link targetPageID="" linkType="ltPageLink" isApplyIncludePage="False" title="%E6%80%BB%E6%95%B0%2C100%2C100%2C100">
            <area shape="0" alt="" ID="{37833303-10D2-4A38-A72A-2B5CBDC44627}" coords="(0,310,375,358)"/>
          </link>
        </links>
        <interactiveData>
          <entry title="%E6%9C%88%E4%BB%BD%2C%E8%A7%84%E5%88%92%E9%A1%B9%E7%9B%AE%E6%95%B0%E9%87%8F%2C%E9%83%A8%E9%97%A8%E5%86%85%E9%83%A8%E9%A1%B9%E7%9B%AE%E6%95%B0%E9%87%8F%2C%E5%90%88%E8%AE%A1+">
            <area shape="0" alt="" ID="{CA63FA48-70F9-4C47-B4A1-E0D97BA9CB20}" coords="(0,0.00999999977648258,375,22.0100002288818)"/>
            <events title=""/>
          </entry>
          <entry title="2017%2F7%2C6%2C7%2C10">
            <area shape="0" alt="" ID="{8E4A8290-DCF9-4E78-97FD-E9F5A9E311A6}" coords="(0,22,375,70)"/>
            <events title=""/>
          </entry>
          <entry title="2017%2F8%2C6%2C7%2C10">
            <area shape="0" alt="" ID="{D3A57967-B96A-4572-8F6C-147DA32F0316}" coords="(0,70,375,118)"/>
            <events title=""/>
          </entry>
          <entry title="2017%2F9%2C4%2C7%2C10">
            <area shape="0" alt="" ID="{A35865CB-C37A-4148-BBD7-217F3180AFF2}" coords="(0,118,375,166)"/>
            <events title=""/>
          </entry>
          <entry title="2017%2F10%2C4%2C6%2C7">
            <area shape="0" alt="" ID="{57C22D78-6CAE-46D1-B180-50D098B80695}" coords="(0,166,375,214)"/>
            <events title=""/>
          </entry>
          <entry title="2017%2F11%2C4%2C6%2C7">
            <area shape="0" alt="" ID="{4C393F06-B11C-4DF5-82DB-5ABCAC71350E}" coords="(0,214,375,262)"/>
            <events title=""/>
          </entry>
          <entry title="2017%2F12%2C30%2C40%2C54">
            <area shape="0" alt="" ID="{96E17D03-AFCB-49BF-8FD8-6AA2D5FC5DC3}" coords="(0,262,375,310)"/>
            <events title=""/>
          </entry>
          <entry title="%E6%80%BB%E6%95%B0%2C100%2C100%2C100">
            <area shape="0" alt="" ID="{CF1069F3-3AEF-4BD8-8121-B8C9762540BB}" coords="(0,310,375,358)"/>
            <events title=""/>
          </entry>
        </interactiveData>
        <textSet textColor="4278190080" textSize="12" lineSpacingMultiple="1" textAlign="HaLeft" textVAlign="VaTop" textWordWrap="True" lineSpacing="16" textStyles="[]" useDefaultTextSize="False">
          <font family="%E5%BE%AE%E8%BD%AF%E9%9B%85%E9%BB%91" displayName="%E5%BE%AE%E8%BD%AF%E9%9B%85%E9%BB%91" postScript="" weightStyle="Regular" weight="400" isBold="False" isItalic="False"/>
          <text>%E6%9C%88%E4%BB%BD%2C%E8%A7%84%E5%88%92%E9%A1%B9%E7%9B%AE%E6%95%B0%E9%87%8F%2C%E9%83%A8%E9%97%A8%E5%86%85%E9%83%A8%E9%A1%B9%E7%9B%AE%E6%95%B0%E9%87%8F%2C%E5%90%88%E8%AE%A1+%0D%0A2017%2F7%2C6%2C7%2C10%0D%0A2017%2F8%2C6%2C7%2C10%0D%0A2017%2F9%2C4%2C7%2C10%0D%0A2017%2F10%2C4%2C6%2C7%0D%0A2017%2F11%2C4%2C6%2C7%0D%0A2017%2F12%2C30%2C40%2C54%0D%0A%E6%80%BB%E6%95%B0%2C100%2C100%2C100%0D%0A%7B3%2C4c%2C4c%2C2c%7D</text>
        </textSet>
        <selectedIndex>0</selectedIndex>
        <selectedColor>4282501083</selectedColor>
        <textPadding>0</textPadding>
        <showVLine>False</showVLine>
        <showHLine>False</showHLine>
        <showHeader>True</showHeader>
        <interlaceColor>4293848814</interlaceColor>
        <itemHeight>48</itemHeight>
        <isInterlace>False</isInterlace>
        <separatorColor>4284900966</separatorColor>
        <headerHeight>22</headerHeight>
        <headerColor>4293190884</headerColor>
        <headerTextColor>4278190080</headerTextColor>
        <columnRatio>{23.2,30.7,30.7,15.5}</columnRatio>
      </controlProperties>
    </control>
    <control controlID="DF47583A-2E6C-4F7E-8CFE-0AAEBCEB0661" controlTypeID="Shape" isShow="True" caption="%E5%BD%A2%E7%8A%B6" x="11" y="7" w="24" h="36" measuredW="120" measuredH="100" zOrder="2" locked="False" sizeLocked="False">
      <controlProperties>
        <basic color="4294967295" borderVisible="True" borderColor="4292730333" isAutoSize="False" status="MsEnabled" opacity="0" isCommentCom="False" canMove="True" alias="" rotation="0"/>
        <states/>
        <verticalScrollbarShow>False</verticalScrollbarShow>
        <verticalScrollbarProgress>0</verticalScrollbarProgress>
        <horizontalScrollbarShow>False</horizontalScrollbarShow>
        <horizontalScrollbarProgress>0</horizontalScrollbarProgress>
        <links eventType="AtClick" animate="AmNone" animateAutoDelay="0" animateDuration="500">
          <link targetPageID="B17A3E72-5A08-4603-9FB8-B553E046871D" linkType="ltPageLink" isApplyIncludePage="False" title="%E9%A6%96%E9%A1%B5">
            <area shape="0" alt="" ID="{3D8C4DE1-F8C5-4DB0-8668-CE00A4A30D8A}" coords="(0,0,24,36)"/>
          </link>
        </links>
        <interactiveData>
          <entry title="">
            <area shape="0" alt="" ID="{AC8A1FAF-D67B-4DD6-B9AD-D9EA643F55C6}" coords="(0,0,24,36)"/>
            <events title=""/>
          </entry>
        </interactiveData>
        <textSet textColor="4278190080" textSize="14" lineSpacingMultiple="1" textAlign="HaCenter" textVAlign="VaMiddle" textWordWrap="True" lineSpacing="18" textStyles="[]" useDefaultTextSize="True">
          <font family="%E5%BE%AE%E8%BD%AF%E9%9B%85%E9%BB%91" displayName="%E5%BE%AE%E8%BD%AF%E9%9B%85%E9%BB%91" postScript="" weightStyle="Regular" weight="400" isBold="False" isItalic="False"/>
        </textSet>
        <selectedIndex>-1</selectedIndex>
        <selectedColor>4282501083</selectedColor>
        <textPadding>0</textPadding>
        <shapeBorderType>SbRectangle</shapeBorderType>
        <triangleType>TdZero</triangleType>
        <dashMode>SdSolid</dashMode>
        <rectangleBorderLeftVisible>True</rectangleBorderLeftVisible>
        <rectangleBorderRightVisible>True</rectangleBorderRightVisible>
        <rectangleBorderTopVisible>True</rectangleBorderTopVisible>
        <rectangleBorderBottomVisible>True</rectangleBorderBottomVisible>
        <radius>0</radius>
        <radiusIsPercent>False</radiusIsPercent>
        <thickness>1</thickness>
      </controlProperties>
    </control>
    <control controlID="226F81E6-3255-415B-B0B7-82913E2625E5" controlTypeID="Shape" isShow="True" caption="%E5%BD%A2%E7%8A%B6" x="300" y="12" w="65" h="26" measuredW="120" measuredH="100" zOrder="3" locked="False" sizeLocked="False">
      <controlProperties>
        <basic color="4292730333" borderVisible="True" borderColor="4292730333" isAutoSize="False" status="MsEnabled" opacity="1" isCommentCom="False" canMove="True" alias="" rotation="0"/>
        <states/>
        <verticalScrollbarShow>False</verticalScrollbarShow>
        <verticalScrollbarProgress>0</verticalScrollbarProgress>
        <horizontalScrollbarShow>False</horizontalScrollbarShow>
        <horizontalScrollbarProgress>0</horizontalScrollbarProgress>
        <links eventType="AtClick" animate="AmNone" animateAutoDelay="0" animateDuration="500">
          <link targetPageID="" linkType="ltPageLink" isApplyIncludePage="False" title="%E9%93%BE%E6%8E%A5">
            <area shape="0" alt="" ID="{CB759EBD-3EEF-4557-AEB1-BB8A06CC0C45}" coords="(0,0,65,26)"/>
          </link>
        </links>
        <interactiveData>
          <entry title="">
            <area shape="0" alt="" ID="{95C46284-94E4-4309-BFFC-6678D3BBDB48}" coords="(0,0,65,26)"/>
            <events title=""/>
          </entry>
        </interactiveData>
        <textSet textColor="4278190080" textSize="14" lineSpacingMultiple="1" textAlign="HaCenter" textVAlign="VaMiddle" textWordWrap="True" lineSpacing="18" textStyles="[]" useDefaultTextSize="True">
          <font family="%E5%BE%AE%E8%BD%AF%E9%9B%85%E9%BB%91" displayName="%E5%BE%AE%E8%BD%AF%E9%9B%85%E9%BB%91" postScript="" weightStyle="Regular" weight="400" isBold="False" isItalic="False"/>
        </textSet>
        <selectedIndex>-1</selectedIndex>
        <selectedColor>4282501083</selectedColor>
        <textPadding>0</textPadding>
        <shapeBorderType>SbRectangle</shapeBorderType>
        <triangleType>TdZero</triangleType>
        <dashMode>SdSolid</dashMode>
        <rectangleBorderLeftVisible>True</rectangleBorderLeftVisible>
        <rectangleBorderRightVisible>True</rectangleBorderRightVisible>
        <rectangleBorderTopVisible>True</rectangleBorderTopVisible>
        <rectangleBorderBottomVisible>True</rectangleBorderBottomVisible>
        <radius>0</radius>
        <radiusIsPercent>False</radiusIsPercent>
        <thickness>1</thickness>
      </controlProperties>
    </control>
    <control controlID="BBF3F8A0-D1A9-4C7C-B7B9-9138BB792D6A" controlTypeID="Tabs" isShow="True" caption="%E6%A0%87%E7%AD%BE%E7%BB%84" x="0" y="48" w="375" h="48" measuredW="340" measuredH="42" zOrder="4" locked="False" sizeLocked="False">
      <controlProperties>
        <basic color="16777215" borderVisible="True" borderColor="4284900966" isAutoSize="False" status="MsEnabled" opacity="1" isCommentCom="False" canMove="True" alias="" rotation="0"/>
        <states/>
        <verticalScrollbarShow>False</verticalScrollbarShow>
        <verticalScrollbarProgress>0</verticalScrollbarProgress>
        <horizontalScrollbarShow>False</horizontalScrollbarShow>
        <horizontalScrollbarProgress>0</horizontalScrollbarProgress>
        <links eventType="AtClick" animate="AmNone" animateAutoDelay="0" animateDuration="500">
          <link targetPageID="A4CE4CF6-736C-477C-99F6-8ACA726E2AFB" linkType="ltPageLink" isApplyIncludePage="False" title="%E8%A1%A8%E6%A0%BC">
            <area shape="0" alt="" ID="{99E90E7B-544E-4B35-8821-52D4599DA898}" coords="(0,0,186.5,48)"/>
          </link>
          <link targetPageID="C67A729D-52C8-4153-A817-2C1C6AAF5FBE" linkType="ltPageLink" isApplyIncludePage="False" title="%E6%80%BB%E8%A7%88%E5%9B%BE%E5%BD%A21">
            <area shape="0" alt="" ID="{F191217F-6D70-40E9-85DA-5E7217D2BAC9}" coords="(187.5,0,374,48)"/>
          </link>
        </links>
        <interactiveData>
          <entry title="%E8%A1%A8%E6%A0%BC">
            <area shape="0" alt="" ID="{29E5ED39-060A-4CDF-A1A7-EA63AB21CDFE}" coords="(0,0,186.5,48)"/>
            <events title=""/>
          </entry>
          <entry title="%E5%9B%BE%E5%BD%A2">
            <area shape="0" alt="" ID="{75E0BA72-36E5-432C-A11B-7805175D7771}" coords="(187.5,0,374,48)"/>
            <events title=""/>
          </entry>
        </interactiveData>
        <textSet textColor="4278190080" textSize="14" lineSpacingMultiple="1" textAlign="HaLeft" textVAlign="VaTop" textWordWrap="True" lineSpacing="18" textStyles="[]" useDefaultTextSize="True">
          <font family="%E5%BE%AE%E8%BD%AF%E9%9B%85%E9%BB%91" displayName="%E5%BE%AE%E8%BD%AF%E9%9B%85%E9%BB%91" postScript="" weightStyle="Regular" weight="400" isBold="False" isItalic="False"/>
          <text>%E8%A1%A8%E6%A0%BC%2C%E5%9B%BE%E5%BD%A2</text>
        </textSet>
        <selectedIndex>0</selectedIndex>
        <selectedColor>4282501083</selectedColor>
        <textPadding>0</textPadding>
        <thickness>1</thickness>
        <indicatorPercentWidth>100</indicatorPercentWidth>
        <indicatorHeight>3</indicatorHeight>
        <dividerPercentHeight>50</dividerPercentHeight>
        <dividerColor>4284900966</dividerColor>
        <selectedTextColor>4278190080</selectedTextColor>
      </controlProperties>
    </control>
  </controls>
  <param>
    <backgroundColor>4294967295</backgroundColor>
    <fontSize>0</fontSize>
    <fontFamily/>
    <guideLines/>
  </param>
</mockup>