﻿<mockup version="4.7" minAllowVersion="4.7" ID="B17A3E72-5A08-4603-9FB8-B553E046871D" platform="MtMobile" defaultW="375" defaultH="667" screenOrientation="MoPortrait" mobileScreenScale="1.77777779102325" measureW="375" measureH="667" clipArea="(0,0,0,0)">
  <controls controlCount="6">
    <control controlID="CEC348E6-50FB-48CE-9E9E-BF613C137EE2" controlTypeID="Top ActionBar" isShow="True" caption="%E9%A1%B6%E9%83%A8%E6%93%8D%E4%BD%9C%E6%A0%8F" x="0" y="0" w="375" h="48" measuredW="342" measuredH="48" zOrder="0" locked="False" sizeLocked="False">
      <controlProperties>
        <basic color="4292730333" borderVisible="True" borderColor="4284900966" isAutoSize="False" status="MsEnabled" opacity="1" isCommentCom="False" canMove="True" alias="" rotation="0"/>
        <states/>
        <verticalScrollbarShow>False</verticalScrollbarShow>
        <verticalScrollbarProgress>0</verticalScrollbarProgress>
        <horizontalScrollbarShow>False</horizontalScrollbarShow>
        <horizontalScrollbarProgress>0</horizontalScrollbarProgress>
        <links eventType="AtClick" animate="AmNone" animateAutoDelay="0" animateDuration="500">
          <link targetPageID="" linkType="ltPageLink" isApplyIncludePage="False" title="%E8%BF%94%E5%9B%9E">
            <area shape="0" alt="" ID="{59A24282-EA0C-456B-AFE6-7830EB1B2885}" coords="(2,4,42,44)"/>
          </link>
          <link targetPageID="" linkType="ltPageLink" isApplyIncludePage="False" title="%E8%8F%9C%E5%8D%95">
            <area shape="0" alt="" ID="{316BC6A5-3EC3-4F02-BB56-C8A26D162230}" coords="(328,4,368,44)"/>
          </link>
        </links>
        <interactiveData>
          <entry title="%E8%BF%94%E5%9B%9E">
            <area shape="0" alt="" ID="{D7FE54AA-B2CF-4541-8498-46A66A983404}" coords="(2,4,42,44)"/>
            <events title=""/>
          </entry>
          <entry title="%E8%8F%9C%E5%8D%95">
            <area shape="0" alt="" ID="{F04AA500-C4B5-454D-A512-E9C980F7062E}" coords="(328,4,368,44)"/>
            <events title=""/>
          </entry>
        </interactiveData>
        <textSet textColor="4278190080" textSize="14" lineSpacingMultiple="1" textAlign="HaLeft" textVAlign="VaTop" textWordWrap="True" lineSpacing="18" textStyles="[]" useDefaultTextSize="True">
          <font family="%E5%BE%AE%E8%BD%AF%E9%9B%85%E9%BB%91" displayName="%E5%BE%AE%E8%BD%AF%E9%9B%85%E9%BB%91" postScript="" weightStyle="Regular" weight="400" isBold="False" isItalic="False"/>
          <text>%E9%A6%96%E9%A1%B5</text>
        </textSet>
        <selectedIndex>0</selectedIndex>
        <selectedColor>4282501083</selectedColor>
        <textPadding>0</textPadding>
        <showMenu>True</showMenu>
        <showBack>True</showBack>
        <iconColor>4278190080</iconColor>
      </controlProperties>
    </control>
    <control controlID="55827275-7704-4FC1-A02F-CEAE5F148A79" controlTypeID="TableView" isShow="True" caption="%E5%88%97%E8%A1%A8%E8%A7%86%E5%9B%BE" x="0" y="48" w="375" h="619" measuredW="342" measuredH="437" zOrder="1" locked="False" sizeLocked="False">
      <controlProperties>
        <basic color="4294967295" borderVisible="False" borderColor="4284900966" isAutoSize="False" status="MsEnabled" opacity="1" isCommentCom="False" canMove="True" alias="" rotation="0"/>
        <states/>
        <verticalScrollbarShow>False</verticalScrollbarShow>
        <verticalScrollbarProgress>0</verticalScrollbarProgress>
        <horizontalScrollbarShow>False</horizontalScrollbarShow>
        <horizontalScrollbarProgress>0</horizontalScrollbarProgress>
        <links eventType="AtClick" animate="AmNone" animateAutoDelay="0" animateDuration="500">
          <link targetPageID="A4CE4CF6-736C-477C-99F6-8ACA726E2AFB" linkType="ltPageLink" isApplyIncludePage="False" title="%E6%80%BB%E8%A7%88+-%3E+">
            <area shape="0" alt="" ID="{74AF7E26-CFE9-4CA2-B671-45276C05A39E}" coords="(0,0,375,45)"/>
          </link>
          <link targetPageID="B4A3F332-DFEA-4E7A-9278-EFB0E63F0D51" linkType="ltPageLink" isApplyIncludePage="False" title="%E9%A1%B9%E7%9B%AE%E9%98%B6%E6%AE%B5%E5%88%86%E6%9E%90+-%3E">
            <area shape="0" alt="" ID="{78C59524-160D-4166-92C7-87870A55DD3D}" coords="(0,45,375,90)"/>
          </link>
          <link targetPageID="D7D9E671-3CA0-49F6-B4C5-58DB84A21110" linkType="ltPageLink" isApplyIncludePage="False" title="%E9%A1%B9%E7%9B%AE%E7%8A%B6%E6%80%81%E5%88%86%E6%9E%90+-%3E">
            <area shape="0" alt="" ID="{037CF069-4145-4E1F-A47C-820569F7F3F5}" coords="(0,90,375,135)"/>
          </link>
          <link targetPageID="6F38CF9B-37FF-42C8-9934-17F8920F8CF8" linkType="ltPageLink" isApplyIncludePage="False" title="%E9%A1%B9%E7%9B%AE%E7%B1%BB%E5%9E%8B%E5%88%86%E6%9E%90+-%3E">
            <area shape="0" alt="" ID="{5FE9F86E-5AC9-499C-93BF-0733F544D1E0}" coords="(0,135,375,180)"/>
          </link>
          <link targetPageID="063CE912-2307-4E1E-B370-F7F1F1B35D5D" linkType="ltPageLink" isApplyIncludePage="False" title="%E5%B7%A5%E4%BD%9C%E9%87%8F%E5%88%86%E6%9E%90+-%3E">
            <area shape="0" alt="" ID="{B6217D9B-7FC2-4339-A60D-923C256457D7}" coords="(0,180,375,225)"/>
          </link>
          <link targetPageID="38435B1E-31EF-4343-9081-C3138638522D" linkType="ltPageLink" isApplyIncludePage="False" title="%E9%A1%B9%E7%9B%AE%E7%AD%9B%E9%80%89%2F%E6%90%9C%E7%B4%A2+-%3E">
            <area shape="0" alt="" ID="{724AB984-EB29-4943-9DD6-9984A49872A8}" coords="(0,225,375,270)"/>
          </link>
          <link targetPageID="" linkType="ltPageLink" isApplyIncludePage="False" title="">
            <area shape="0" alt="" ID="{B3844C24-8448-4A97-9899-A0B0A601EDD4}" coords="(0,270,375,315)"/>
          </link>
        </links>
        <interactiveData>
          <entry title="%E6%80%BB%E8%A7%88+-%3E+">
            <area shape="0" alt="" ID="{1CD9250F-6F9A-4A2F-92D9-6677BA08AAE9}" coords="(0,0,375,45)"/>
            <events title=""/>
          </entry>
          <entry title="%E9%A1%B9%E7%9B%AE%E9%98%B6%E6%AE%B5%E5%88%86%E6%9E%90+-%3E">
            <area shape="0" alt="" ID="{201B887B-74CD-4127-8DF6-B79DD521AEF4}" coords="(0,45,375,90)"/>
            <events title=""/>
          </entry>
          <entry title="%E9%A1%B9%E7%9B%AE%E7%8A%B6%E6%80%81%E5%88%86%E6%9E%90+-%3E">
            <area shape="0" alt="" ID="{409BC458-767A-4F08-A0AE-C3C6983588D9}" coords="(0,90,375,135)"/>
            <events title=""/>
          </entry>
          <entry title="%E9%A1%B9%E7%9B%AE%E7%B1%BB%E5%9E%8B%E5%88%86%E6%9E%90+-%3E">
            <area shape="0" alt="" ID="{98EC94DA-715A-4628-A695-223BD6EF5228}" coords="(0,135,375,180)"/>
            <events title=""/>
          </entry>
          <entry title="%E5%B7%A5%E4%BD%9C%E9%87%8F%E5%88%86%E6%9E%90+-%3E">
            <area shape="0" alt="" ID="{1C2F68C1-94F8-4BA1-A153-BEEFA2F9B537}" coords="(0,180,375,225)"/>
            <events title=""/>
          </entry>
          <entry title="%E9%A1%B9%E7%9B%AE%E7%AD%9B%E9%80%89%2F%E6%90%9C%E7%B4%A2+-%3E">
            <area shape="0" alt="" ID="{4E50FB15-6F84-48D4-A24C-0604A6C804BB}" coords="(0,225,375,270)"/>
            <events title=""/>
          </entry>
          <entry title="">
            <area shape="0" alt="" ID="{CA032F2C-A67C-4C47-95AF-B67199B88F42}" coords="(0,270,375,315)"/>
            <events title=""/>
          </entry>
        </interactiveData>
        <textSet textColor="4278190080" textSize="14" lineSpacingMultiple="1" textAlign="HaLeft" textVAlign="VaTop" textWordWrap="True" lineSpacing="18" textStyles="[]" useDefaultTextSize="True">
          <font family="%E5%BE%AE%E8%BD%AF%E9%9B%85%E9%BB%91" displayName="%E5%BE%AE%E8%BD%AF%E9%9B%85%E9%BB%91" postScript="" weightStyle="Regular" weight="400" isBold="False" isItalic="False"/>
          <text>%E6%80%BB%E8%A7%88+-%3E+%0D%0A%E9%A1%B9%E7%9B%AE%E9%98%B6%E6%AE%B5%E5%88%86%E6%9E%90+-%3E%0D%0A%E9%A1%B9%E7%9B%AE%E7%8A%B6%E6%80%81%E5%88%86%E6%9E%90+-%3E%0D%0A%E9%A1%B9%E7%9B%AE%E7%B1%BB%E5%9E%8B%E5%88%86%E6%9E%90+-%3E%0D%0A%E5%B7%A5%E4%BD%9C%E9%87%8F%E5%88%86%E6%9E%90+-%3E%0D%0A%E9%A1%B9%E7%9B%AE%E7%AD%9B%E9%80%89%2F%E6%90%9C%E7%B4%A2+-%3E%0D%0A%0D%0A</text>
        </textSet>
        <selectedIndex>0</selectedIndex>
        <selectedColor>4294967295</selectedColor>
        <textPadding>0</textPadding>
        <borderStyle>False</borderStyle>
        <itemHeight>45</itemHeight>
        <iconSize>24</iconSize>
        <separatorColor>4284900966</separatorColor>
        <showSeparator>True</showSeparator>
        <iconColor>4284900966</iconColor>
      </controlProperties>
    </control>
    <control controlID="7C3B8A03-80C5-44C8-9BC8-6C99A87B8D93" controlTypeID="StickyNote" isShow="True" caption="%E4%BE%BF%E7%AD%BE%E6%9D%A1" x="-216" y="198" w="177" h="307" measuredW="109" measuredH="123" zOrder="2" locked="False" sizeLocked="False">
      <controlProperties>
        <basic color="4294033970" borderVisible="True" borderColor="4284900966" isAutoSize="False" status="MsEnabled" opacity="1" isCommentCom="True" canMove="True" alias="" rotation="0"/>
        <states/>
        <verticalScrollbarShow>False</verticalScrollbarShow>
        <verticalScrollbarProgress>0</verticalScrollbarProgress>
        <horizontalScrollbarShow>False</horizontalScrollbarShow>
        <horizontalScrollbarProgress>0</horizontalScrollbarProgress>
        <links eventType="AtClick" animate="AmNone" animateAutoDelay="0" animateDuration="500">
          <link targetPageID="" linkType="ltPageLink" isApplyIncludePage="False" title="%E9%93%BE%E6%8E%A5">
            <area shape="0" alt="" ID="{315DB0A3-40CD-4904-9652-BF30376A5729}" coords="(0,0,177,307)"/>
          </link>
        </links>
        <interactiveData>
          <entry title="">
            <area shape="0" alt="" ID="{7EBF7EAB-29A6-40F1-B0A4-84B396027C7D}" coords="(0,0,177,307)"/>
            <events title=""/>
          </entry>
        </interactiveData>
        <textSet textColor="4278190080" textSize="14" lineSpacingMultiple="1" textAlign="HaLeft" textVAlign="VaTop" textWordWrap="True" lineSpacing="18" textStyles="[]" useDefaultTextSize="True">
          <font family="%E5%BE%AE%E8%BD%AF%E9%9B%85%E9%BB%91" displayName="%E5%BE%AE%E8%BD%AF%E9%9B%85%E9%BB%91" postScript="" weightStyle="Regular" weight="400" isBold="False" isItalic="False"/>
          <text>%E6%80%BB%E8%A7%88%EF%BC%9A%0D%0A%E7%82%B9%E5%87%BB%E8%BF%9B%E5%85%A5%E6%80%BB%E8%A7%88%E9%A1%B5%0D%0A%0D%0A%E8%A1%A8%E6%A0%BC%E6%A6%82%E8%A7%88%EF%BC%9A%0D%0A%E7%82%B9%E5%87%BB%E8%BF%9B%E5%85%A5%E8%A1%A8%E6%A0%BC%E6%A6%82%E8%A7%88%E9%A1%B5%0D%0A%0D%0A%E5%9B%BE%E5%BD%A2%E5%B1%95%E7%A4%BA%EF%BC%9A%0D%0A%E7%82%B9%E5%87%BB%E8%BF%9B%E5%85%A5%E5%9B%BE%E5%BD%A2%E5%B1%95%E7%A4%BA%E9%A1%B5%0D%0A%0D%0A%E9%A1%B9%E7%9B%AE%E7%AD%9B%E9%80%89%EF%BC%9A%0D%0A%E7%82%B9%E5%87%BB%E8%BF%9B%E5%85%A5%E7%AD%9B%E9%80%89%E7%B1%BB%E5%9E%8B%E9%A1%B5</text>
        </textSet>
        <selectedIndex>-1</selectedIndex>
        <selectedColor>4282501083</selectedColor>
        <textPadding>0</textPadding>
        <isShowTabBar>True</isShowTabBar>
      </controlProperties>
    </control>
    <control controlID="1EA8A820-610F-4747-87C2-E985E18D93BD" controlTypeID="StickyNote" isShow="True" caption="%E4%BE%BF%E7%AD%BE%E6%9D%A1" x="-216" y="-64" w="177" h="232" measuredW="109" measuredH="123" zOrder="3" locked="False" sizeLocked="False">
      <controlProperties>
        <basic color="4294033970" borderVisible="True" borderColor="4284900966" isAutoSize="False" status="MsEnabled" opacity="1" isCommentCom="True" canMove="True" alias="" rotation="0"/>
        <states/>
        <verticalScrollbarShow>False</verticalScrollbarShow>
        <verticalScrollbarProgress>0</verticalScrollbarProgress>
        <horizontalScrollbarShow>False</horizontalScrollbarShow>
        <horizontalScrollbarProgress>0</horizontalScrollbarProgress>
        <links eventType="AtClick" animate="AmNone" animateAutoDelay="0" animateDuration="500">
          <link targetPageID="" linkType="ltPageLink" isApplyIncludePage="False" title="%E9%93%BE%E6%8E%A5">
            <area shape="0" alt="" ID="{315DB0A3-40CD-4904-9652-BF30376A5729}" coords="(0,0,177,232)"/>
          </link>
        </links>
        <interactiveData>
          <entry title="">
            <area shape="0" alt="" ID="{7EBF7EAB-29A6-40F1-B0A4-84B396027C7D}" coords="(0,0,177,232)"/>
            <events title=""/>
          </entry>
        </interactiveData>
        <textSet textColor="4278190080" textSize="14" lineSpacingMultiple="1" textAlign="HaLeft" textVAlign="VaTop" textWordWrap="True" lineSpacing="18" textStyles="[]" useDefaultTextSize="True">
          <font family="%E5%BE%AE%E8%BD%AF%E9%9B%85%E9%BB%91" displayName="%E5%BE%AE%E8%BD%AF%E9%9B%85%E9%BB%91" postScript="" weightStyle="Regular" weight="400" isBold="False" isItalic="False"/>
          <text>%E6%89%80%E6%9C%89%E6%8A%A5%E9%94%99%E7%94%A8MSG%E6%96%B9%E5%BC%8F%E6%8F%90%E7%A4%BA%EF%BC%8C%E5%8C%85%E5%90%AB%E4%BD%86%E4%B8%8D%E9%99%90%E4%BA%8E%E2%80%9C%E6%9C%8D%E5%8A%A1%E5%99%A8%E9%94%99%E8%AF%AF%E2%80%9D%E2%80%9C%E7%BD%91%E7%BB%9C%E7%8A%B6%E6%80%81%E5%BC%82%E5%B8%B8%E2%80%9D%E7%AD%89%E7%AD%89%0D%0A%0D%0A%E5%8A%A0%E8%BD%BD%E6%96%B9%E5%BC%8F%E4%B8%80%E5%BE%8B%E5%85%88%E8%B7%B3%E8%BD%AC%E5%90%8E%E5%8A%A0%E8%BD%BD%0D%0A%0D%0A%E5%AD%97%E7%AC%A6%E6%95%B0%EF%BC%9A1%E6%B1%89%E5%AD%97%3D2%E5%AD%97%E7%AC%A6+%E5%85%B6%E4%BD%99%3D1%E5%AD%97%E7%AC%A6</text>
        </textSet>
        <selectedIndex>-1</selectedIndex>
        <selectedColor>4282501083</selectedColor>
        <textPadding>0</textPadding>
        <isShowTabBar>True</isShowTabBar>
      </controlProperties>
    </control>
    <control controlID="83DD0226-27F4-4008-B8B7-43CD1BE1ADF6" controlTypeID="Shape" isShow="True" caption="%E5%BD%A2%E7%8A%B6" x="10" y="10" w="65" h="28" measuredW="120" measuredH="100" zOrder="4" locked="False" sizeLocked="False">
      <controlProperties>
        <basic color="4292730333" borderVisible="True" borderColor="4292730333" isAutoSize="False" status="MsEnabled" opacity="1" isCommentCom="False" canMove="True" alias="" rotation="0"/>
        <states/>
        <verticalScrollbarShow>False</verticalScrollbarShow>
        <verticalScrollbarProgress>0</verticalScrollbarProgress>
        <horizontalScrollbarShow>False</horizontalScrollbarShow>
        <horizontalScrollbarProgress>0</horizontalScrollbarProgress>
        <links eventType="AtClick" animate="AmNone" animateAutoDelay="0" animateDuration="500">
          <link targetPageID="" linkType="ltPageLink" isApplyIncludePage="False" title="%E9%93%BE%E6%8E%A5">
            <area shape="0" alt="" ID="{CB759EBD-3EEF-4557-AEB1-BB8A06CC0C45}" coords="(0,0,65,28)"/>
          </link>
        </links>
        <interactiveData>
          <entry title="">
            <area shape="0" alt="" ID="{95C46284-94E4-4309-BFFC-6678D3BBDB48}" coords="(0,0,65,28)"/>
            <events title=""/>
          </entry>
        </interactiveData>
        <textSet textColor="4278190080" textSize="14" lineSpacingMultiple="1" textAlign="HaCenter" textVAlign="VaMiddle" textWordWrap="True" lineSpacing="18" textStyles="[]" useDefaultTextSize="True">
          <font family="%E5%BE%AE%E8%BD%AF%E9%9B%85%E9%BB%91" displayName="%E5%BE%AE%E8%BD%AF%E9%9B%85%E9%BB%91" postScript="" weightStyle="Regular" weight="400" isBold="False" isItalic="False"/>
        </textSet>
        <selectedIndex>-1</selectedIndex>
        <selectedColor>4282501083</selectedColor>
        <textPadding>0</textPadding>
        <shapeBorderType>SbRectangle</shapeBorderType>
        <triangleType>TdZero</triangleType>
        <dashMode>SdSolid</dashMode>
        <rectangleBorderLeftVisible>True</rectangleBorderLeftVisible>
        <rectangleBorderRightVisible>True</rectangleBorderRightVisible>
        <rectangleBorderTopVisible>True</rectangleBorderTopVisible>
        <rectangleBorderBottomVisible>True</rectangleBorderBottomVisible>
        <radius>0</radius>
        <radiusIsPercent>False</radiusIsPercent>
        <thickness>1</thickness>
      </controlProperties>
    </control>
    <control controlID="FFAD2CD2-49DA-4A2C-9FA1-E2D6F0667574" controlTypeID="Shape" isShow="True" caption="%E5%BD%A2%E7%8A%B6" x="300" y="10" w="65" h="28" measuredW="120" measuredH="100" zOrder="5" locked="False" sizeLocked="False">
      <controlProperties>
        <basic color="4292730333" borderVisible="True" borderColor="4292730333" isAutoSize="False" status="MsEnabled" opacity="1" isCommentCom="False" canMove="True" alias="" rotation="0"/>
        <states/>
        <verticalScrollbarShow>False</verticalScrollbarShow>
        <verticalScrollbarProgress>0</verticalScrollbarProgress>
        <horizontalScrollbarShow>False</horizontalScrollbarShow>
        <horizontalScrollbarProgress>0</horizontalScrollbarProgress>
        <links eventType="AtClick" animate="AmNone" animateAutoDelay="0" animateDuration="500">
          <link targetPageID="" linkType="ltPageLink" isApplyIncludePage="False" title="%E9%93%BE%E6%8E%A5">
            <area shape="0" alt="" ID="{CB759EBD-3EEF-4557-AEB1-BB8A06CC0C45}" coords="(0,0,65,28)"/>
          </link>
        </links>
        <interactiveData>
          <entry title="">
            <area shape="0" alt="" ID="{95C46284-94E4-4309-BFFC-6678D3BBDB48}" coords="(0,0,65,28)"/>
            <events title=""/>
          </entry>
        </interactiveData>
        <textSet textColor="4278190080" textSize="14" lineSpacingMultiple="1" textAlign="HaCenter" textVAlign="VaMiddle" textWordWrap="True" lineSpacing="18" textStyles="[]" useDefaultTextSize="True">
          <font family="%E5%BE%AE%E8%BD%AF%E9%9B%85%E9%BB%91" displayName="%E5%BE%AE%E8%BD%AF%E9%9B%85%E9%BB%91" postScript="" weightStyle="Regular" weight="400" isBold="False" isItalic="False"/>
        </textSet>
        <selectedIndex>-1</selectedIndex>
        <selectedColor>4282501083</selectedColor>
        <textPadding>0</textPadding>
        <shapeBorderType>SbRectangle</shapeBorderType>
        <triangleType>TdZero</triangleType>
        <dashMode>SdSolid</dashMode>
        <rectangleBorderLeftVisible>True</rectangleBorderLeftVisible>
        <rectangleBorderRightVisible>True</rectangleBorderRightVisible>
        <rectangleBorderTopVisible>True</rectangleBorderTopVisible>
        <rectangleBorderBottomVisible>True</rectangleBorderBottomVisible>
        <radius>0</radius>
        <radiusIsPercent>False</radiusIsPercent>
        <thickness>1</thickness>
      </controlProperties>
    </control>
  </controls>
  <param>
    <backgroundColor>4294967295</backgroundColor>
    <fontSize>0</fontSize>
    <fontFamily/>
    <guideLines/>
  </param>
</mockup>