﻿<mockup version="4.7" minAllowVersion="4.7" ID="38435B1E-31EF-4343-9081-C3138638522D" platform="MtMobile" defaultW="375" defaultH="667" screenOrientation="MoPortrait" mobileScreenScale="1.77777779102325" measureW="375" measureH="667" clipArea="(0,0,0,0)">
  <controls controlCount="8">
    <control controlID="B122D0A0-8ACC-4324-AD15-E265BF1A53BA" controlTypeID="Top ActionBar" isShow="True" caption="%E9%A1%B6%E9%83%A8%E6%93%8D%E4%BD%9C%E6%A0%8F" x="0" y="0" w="375" h="48" measuredW="342" measuredH="48" zOrder="0" locked="False" sizeLocked="False">
      <controlProperties>
        <basic color="4292730333" borderVisible="True" borderColor="4284900966" isAutoSize="False" status="MsEnabled" opacity="1" isCommentCom="False" canMove="True" alias="" rotation="0"/>
        <states/>
        <verticalScrollbarShow>False</verticalScrollbarShow>
        <verticalScrollbarProgress>0</verticalScrollbarProgress>
        <horizontalScrollbarShow>False</horizontalScrollbarShow>
        <horizontalScrollbarProgress>0</horizontalScrollbarProgress>
        <links eventType="AtClick" animate="AmNone" animateAutoDelay="0" animateDuration="500">
          <link targetPageID="" linkType="ltPageLink" isApplyIncludePage="False" title="%E8%BF%94%E5%9B%9E">
            <area shape="0" alt="" ID="{59A24282-EA0C-456B-AFE6-7830EB1B2885}" coords="(2,4,42,44)"/>
          </link>
          <link targetPageID="" linkType="ltPageLink" isApplyIncludePage="False" title="%E8%8F%9C%E5%8D%95">
            <area shape="0" alt="" ID="{316BC6A5-3EC3-4F02-BB56-C8A26D162230}" coords="(328,4,368,44)"/>
          </link>
        </links>
        <interactiveData>
          <entry title="%E8%BF%94%E5%9B%9E">
            <area shape="0" alt="" ID="{D7FE54AA-B2CF-4541-8498-46A66A983404}" coords="(2,4,42,44)"/>
            <events title=""/>
          </entry>
          <entry title="%E8%8F%9C%E5%8D%95">
            <area shape="0" alt="" ID="{F04AA500-C4B5-454D-A512-E9C980F7062E}" coords="(328,4,368,44)"/>
            <events title=""/>
          </entry>
        </interactiveData>
        <textSet textColor="4278190080" textSize="14" lineSpacingMultiple="1" textAlign="HaLeft" textVAlign="VaTop" textWordWrap="True" lineSpacing="18" textStyles="[]" useDefaultTextSize="True">
          <font family="%E5%BE%AE%E8%BD%AF%E9%9B%85%E9%BB%91" displayName="%E5%BE%AE%E8%BD%AF%E9%9B%85%E9%BB%91" postScript="" weightStyle="Regular" weight="400" isBold="False" isItalic="False"/>
          <text>%E7%AD%9B%E9%80%89%2F%E6%90%9C%E7%B4%A2</text>
        </textSet>
        <selectedIndex>0</selectedIndex>
        <selectedColor>4282501083</selectedColor>
        <textPadding>0</textPadding>
        <showMenu>True</showMenu>
        <showBack>True</showBack>
        <iconColor>4278190080</iconColor>
      </controlProperties>
    </control>
    <control controlID="37A6DBF5-F28C-4F3E-978E-423E22C4A5A4" controlTypeID="Button" isShow="True" caption="%E6%8C%89%E9%92%AE" x="128" y="271" w="120" h="48" measuredW="78" measuredH="36" zOrder="1" locked="False" sizeLocked="False">
      <controlProperties>
        <basic color="4294967295" borderVisible="True" borderColor="4284900966" isAutoSize="False" status="MsEnabled" opacity="1" isCommentCom="False" canMove="True" alias="" rotation="0"/>
        <states/>
        <verticalScrollbarShow>False</verticalScrollbarShow>
        <verticalScrollbarProgress>0</verticalScrollbarProgress>
        <horizontalScrollbarShow>False</horizontalScrollbarShow>
        <horizontalScrollbarProgress>0</horizontalScrollbarProgress>
        <links eventType="AtClick" animate="AmNone" animateAutoDelay="0" animateDuration="500">
          <link targetPageID="D426A5FC-73D2-49BC-B29F-41A92543D227" linkType="ltPageLink" isApplyIncludePage="False" title="%E9%A1%B9%E7%9B%AE%E8%AF%A6%E6%83%85%E9%A1%B52">
            <area shape="0" alt="" ID="{3CF9DF65-FE5D-4CDF-B50C-029A32D93BA4}" coords="(0,0,120,48)"/>
          </link>
        </links>
        <interactiveData>
          <entry title="">
            <area shape="0" alt="" ID="{B59C90CC-5DC2-474B-8214-24083234C9CF}" coords="(0,0,120,48)"/>
            <events title=""/>
          </entry>
        </interactiveData>
        <textSet textColor="4278190080" textSize="14" lineSpacingMultiple="1" textAlign="HaCenter" textVAlign="VaMiddle" textWordWrap="True" lineSpacing="18" textStyles="[]" useDefaultTextSize="True">
          <font family="%E5%BE%AE%E8%BD%AF%E9%9B%85%E9%BB%91" displayName="%E5%BE%AE%E8%BD%AF%E9%9B%85%E9%BB%91" postScript="" weightStyle="Regular" weight="400" isBold="False" isItalic="False"/>
          <text>%E6%90%9C%E7%B4%A2</text>
        </textSet>
        <selectedIndex>-1</selectedIndex>
        <selectedColor>4282501083</selectedColor>
        <textPadding>0</textPadding>
        <radius>6</radius>
        <radiusIsPercent>False</radiusIsPercent>
        <buttonStatus>BsNormal</buttonStatus>
        <thickness>1</thickness>
        <isAutoTextColor>False</isAutoTextColor>
      </controlProperties>
    </control>
    <control controlID="EA863E23-0F00-49AA-B5C1-77A4622C5257" controlTypeID="Shape" isShow="True" caption="%E5%BD%A2%E7%8A%B6" x="11" y="7" w="24" h="36" measuredW="120" measuredH="100" zOrder="2" locked="False" sizeLocked="False">
      <controlProperties>
        <basic color="4294967295" borderVisible="True" borderColor="4292730333" isAutoSize="False" status="MsEnabled" opacity="0" isCommentCom="False" canMove="True" alias="" rotation="0"/>
        <states/>
        <verticalScrollbarShow>False</verticalScrollbarShow>
        <verticalScrollbarProgress>0</verticalScrollbarProgress>
        <horizontalScrollbarShow>False</horizontalScrollbarShow>
        <horizontalScrollbarProgress>0</horizontalScrollbarProgress>
        <links eventType="AtClick" animate="AmNone" animateAutoDelay="0" animateDuration="500">
          <link targetPageID="B17A3E72-5A08-4603-9FB8-B553E046871D" linkType="ltPageLink" isApplyIncludePage="False" title="%E9%A6%96%E9%A1%B51">
            <area shape="0" alt="" ID="{3D8C4DE1-F8C5-4DB0-8668-CE00A4A30D8A}" coords="(0,0,24,36)"/>
          </link>
        </links>
        <interactiveData>
          <entry title="">
            <area shape="0" alt="" ID="{AC8A1FAF-D67B-4DD6-B9AD-D9EA643F55C6}" coords="(0,0,24,36)"/>
            <events title=""/>
          </entry>
        </interactiveData>
        <textSet textColor="4278190080" textSize="14" lineSpacingMultiple="1" textAlign="HaCenter" textVAlign="VaMiddle" textWordWrap="True" lineSpacing="18" textStyles="[]" useDefaultTextSize="True">
          <font family="%E5%BE%AE%E8%BD%AF%E9%9B%85%E9%BB%91" displayName="%E5%BE%AE%E8%BD%AF%E9%9B%85%E9%BB%91" postScript="" weightStyle="Regular" weight="400" isBold="False" isItalic="False"/>
        </textSet>
        <selectedIndex>-1</selectedIndex>
        <selectedColor>4282501083</selectedColor>
        <textPadding>0</textPadding>
        <shapeBorderType>SbRectangle</shapeBorderType>
        <triangleType>TdZero</triangleType>
        <dashMode>SdSolid</dashMode>
        <rectangleBorderLeftVisible>True</rectangleBorderLeftVisible>
        <rectangleBorderRightVisible>True</rectangleBorderRightVisible>
        <rectangleBorderTopVisible>True</rectangleBorderTopVisible>
        <rectangleBorderBottomVisible>True</rectangleBorderBottomVisible>
        <radius>0</radius>
        <radiusIsPercent>False</radiusIsPercent>
        <thickness>1</thickness>
      </controlProperties>
    </control>
    <control controlID="ECB3C252-87F5-4887-BE60-5BC15982C35C" controlTypeID="StickyNote" isShow="True" caption="%E4%BE%BF%E7%AD%BE%E6%9D%A1" x="-216" y="-64" w="184" h="624" measuredW="109" measuredH="123" zOrder="3" locked="False" sizeLocked="False">
      <controlProperties>
        <basic color="4294033970" borderVisible="True" borderColor="4284900966" isAutoSize="False" status="MsEnabled" opacity="1" isCommentCom="True" canMove="True" alias="" rotation="0"/>
        <states/>
        <verticalScrollbarShow>False</verticalScrollbarShow>
        <verticalScrollbarProgress>0</verticalScrollbarProgress>
        <horizontalScrollbarShow>False</horizontalScrollbarShow>
        <horizontalScrollbarProgress>0</horizontalScrollbarProgress>
        <links eventType="AtClick" animate="AmNone" animateAutoDelay="0" animateDuration="500">
          <link targetPageID="" linkType="ltPageLink" isApplyIncludePage="False" title="%E9%93%BE%E6%8E%A5">
            <area shape="0" alt="" ID="{6993802A-5F81-49B8-8EFF-C95E2DF3A1B0}" coords="(0,0,184,624)"/>
          </link>
        </links>
        <interactiveData>
          <entry title="">
            <area shape="0" alt="" ID="{A168F00B-72B4-4254-8C59-A303E3741705}" coords="(0,0,184,624)"/>
            <events title=""/>
          </entry>
        </interactiveData>
        <textSet textColor="4278190080" textSize="14" lineSpacingMultiple="1" textAlign="HaLeft" textVAlign="VaTop" textWordWrap="True" lineSpacing="18" textStyles="[]" useDefaultTextSize="True">
          <font family="%E5%BE%AE%E8%BD%AF%E9%9B%85%E9%BB%91" displayName="%E5%BE%AE%E8%BD%AF%E9%9B%85%E9%BB%91" postScript="" weightStyle="Regular" weight="400" isBold="False" isItalic="False"/>
          <text>%E7%82%B9%E5%87%BB%E9%A1%B9%EF%BC%9A%0D%0A%E9%80%89%E6%8B%A9%E9%83%A8%E9%97%A8%EF%BC%8C%E7%82%B9%E5%87%BB%E8%B7%B3%E8%BD%AC%E8%87%B3%E9%83%A8%E9%97%A8%E7%AD%9B%E9%80%89%E9%A1%B5%0D%0A%E9%BB%98%E8%AE%A4%E5%80%BC%EF%BC%9A%E5%85%A8%E9%83%A8%0D%0A%0D%0A%E9%80%89%E6%8B%A9%E7%B1%BB%E5%9E%8B%EF%BC%9A%0D%0A%E9%80%89%E6%8B%A9%E7%B1%BB%E5%9E%8B%EF%BC%8C%E5%9C%A8%E5%BB%BA%E5%B7%A5%E7%A8%8B%EF%BC%8C%E6%88%98%E7%95%A5%E9%A1%B9%E7%9B%AE%EF%BC%8C%E9%83%A8%E9%97%A8%E7%BA%A7%EF%BC%8C%E9%BB%98%E8%AE%A4%E7%B1%BB%E5%9E%8B%EF%BC%8C%E5%90%8E%E7%BB%AD%E4%BC%9A%E6%8C%81%E7%BB%AD%E5%A2%9E%E5%8A%A0%0D%0A%E9%BB%98%E8%AE%A4%E5%80%BC%EF%BC%9A%E9%80%89%E6%8B%A9%E7%B1%BB%E5%9E%8B%0D%0A%E9%9D%9E%E5%BF%85%E9%80%89%E9%A1%B9%0D%0A%0D%0A%E9%80%89%E6%8B%A9%E9%98%B6%E6%AE%B5%EF%BC%9A%0D%0A%E9%80%89%E6%8B%A9%E9%98%B6%E6%AE%B5%EF%BC%8C%E5%BC%80%E5%A7%8B%EF%BC%8C%E5%BC%80%E5%8F%91%E9%98%B6%E6%AE%B5%EF%BC%8C%E6%B5%8B%E8%AF%95%E9%98%B6%E6%AE%B5%EF%BC%8C%E4%B8%8A%E7%BA%BF%E9%98%B6%E6%AE%B5%EF%BC%8C%E9%9C%80%E6%B1%82%E9%98%B6%E6%AE%B5%0D%0A%E9%BB%98%E8%AE%A4%E5%80%BC%EF%BC%9A%E9%80%89%E6%8B%A9%E9%98%B6%E6%AE%B5%0D%0A%E9%9D%9E%E5%BF%85%E9%80%89%E9%A1%B9%0D%0A%0D%0A%E9%80%89%E6%8B%A9%E9%A3%8E%E9%99%A9%E7%B1%BB%E5%9E%8B%EF%BC%9A%0D%0A%E9%80%89%E6%8B%A9%E9%A3%8E%E9%99%A9%E7%B1%BB%E5%9E%8B%EF%BC%8C%E6%8A%80%E6%9C%AF%E9%A3%8E%E9%99%A9%EF%BC%8C%E9%A1%B9%E7%9B%AE%E9%A3%8E%E9%99%A9%EF%BC%8C%E5%90%8E%E7%BB%AD%E4%BC%9A%E6%8C%81%E7%BB%AD%E5%A2%9E%E5%8A%A0%0D%0A%E9%BB%98%E8%AE%A4%E5%80%BC%EF%BC%9A%E9%80%89%E6%8B%A9%E9%A3%8E%E9%99%A9%E7%B1%BB%E5%9E%8B%0D%0A%E9%9D%9E%E5%BF%85%E9%80%89%E9%A1%B9%0D%0A%0D%0A%E4%BB%A5%E4%B8%8A%E6%95%B0%E6%8D%AE%E6%BA%90%E5%9D%87%E4%B8%BAjira%0D%0A%0D%0A</text>
        </textSet>
        <selectedIndex>-1</selectedIndex>
        <selectedColor>4282501083</selectedColor>
        <textPadding>0</textPadding>
        <isShowTabBar>True</isShowTabBar>
      </controlProperties>
    </control>
    <control controlID="09CEC06E-5263-4162-8874-FAB8E31B7120" controlTypeID="StickyNote" isShow="True" caption="%E4%BE%BF%E7%AD%BE%E6%9D%A1" x="401" y="-64" w="184" h="206" measuredW="109" measuredH="123" zOrder="4" locked="False" sizeLocked="False">
      <controlProperties>
        <basic color="4294033970" borderVisible="True" borderColor="4284900966" isAutoSize="False" status="MsEnabled" opacity="1" isCommentCom="True" canMove="True" alias="" rotation="0"/>
        <states/>
        <verticalScrollbarShow>False</verticalScrollbarShow>
        <verticalScrollbarProgress>0</verticalScrollbarProgress>
        <horizontalScrollbarShow>False</horizontalScrollbarShow>
        <horizontalScrollbarProgress>0</horizontalScrollbarProgress>
        <links eventType="AtClick" animate="AmNone" animateAutoDelay="0" animateDuration="500">
          <link targetPageID="" linkType="ltPageLink" isApplyIncludePage="False" title="%E9%93%BE%E6%8E%A5">
            <area shape="0" alt="" ID="{C05415D4-EF1D-46A9-82FA-BB34EBE4F480}" coords="(0,0,184,206)"/>
          </link>
        </links>
        <interactiveData>
          <entry title="">
            <area shape="0" alt="" ID="{05430636-465C-4759-B4CB-C3C65C58AAA6}" coords="(0,0,184,206)"/>
            <events title=""/>
          </entry>
        </interactiveData>
        <textSet textColor="4278190080" textSize="14" lineSpacingMultiple="1" textAlign="HaLeft" textVAlign="VaTop" textWordWrap="True" lineSpacing="18" textStyles="[]" useDefaultTextSize="True">
          <font family="%E5%BE%AE%E8%BD%AF%E9%9B%85%E9%BB%91" displayName="%E5%BE%AE%E8%BD%AF%E9%9B%85%E9%BB%91" postScript="" weightStyle="Regular" weight="400" isBold="False" isItalic="False"/>
          <text>%E7%AD%9B%E9%80%89%EF%BC%9A%0D%0A%E7%82%B9%E5%87%BB%E8%BF%9B%E5%85%A5%E7%AD%9B%E9%80%89%E7%BB%93%E6%9E%9C%E9%A1%B5%EF%BC%8C%E6%A0%B9%E6%8D%AE%E9%83%A8%E9%97%A8%2F%E7%B1%BB%E5%9E%8B%2F%E9%98%B6%E6%AE%B5%2F%E9%A3%8E%E9%99%A9%E7%B1%BB%E5%9E%8B%EF%BC%8C4%E4%B8%AA%E7%BB%B4%E5%BA%A6%E5%B1%95%E7%A4%BA%E7%AD%9B%E9%80%89%E7%BB%93%E6%9E%9C%0D%0A%0D%0A%E4%BB%A5%E4%B8%8A%E6%95%B0%E6%8D%AE%E6%BA%90%E5%9D%87%E4%B8%BAjira</text>
        </textSet>
        <selectedIndex>-1</selectedIndex>
        <selectedColor>4282501083</selectedColor>
        <textPadding>0</textPadding>
        <isShowTabBar>True</isShowTabBar>
      </controlProperties>
    </control>
    <control controlID="EE935478-169D-455E-8160-C059C6B3E257" controlTypeID="Shape" isShow="True" caption="%E5%BD%A2%E7%8A%B6" x="300" y="10" w="65" h="28" measuredW="120" measuredH="100" zOrder="5" locked="False" sizeLocked="False">
      <controlProperties>
        <basic color="4292730333" borderVisible="True" borderColor="4292730333" isAutoSize="False" status="MsEnabled" opacity="1" isCommentCom="False" canMove="True" alias="" rotation="0"/>
        <states/>
        <verticalScrollbarShow>False</verticalScrollbarShow>
        <verticalScrollbarProgress>0</verticalScrollbarProgress>
        <horizontalScrollbarShow>False</horizontalScrollbarShow>
        <horizontalScrollbarProgress>0</horizontalScrollbarProgress>
        <links eventType="AtClick" animate="AmNone" animateAutoDelay="0" animateDuration="500">
          <link targetPageID="" linkType="ltPageLink" isApplyIncludePage="False" title="%E9%93%BE%E6%8E%A5">
            <area shape="0" alt="" ID="{CB759EBD-3EEF-4557-AEB1-BB8A06CC0C45}" coords="(0,0,65,28)"/>
          </link>
        </links>
        <interactiveData>
          <entry title="">
            <area shape="0" alt="" ID="{95C46284-94E4-4309-BFFC-6678D3BBDB48}" coords="(0,0,65,28)"/>
            <events title=""/>
          </entry>
        </interactiveData>
        <textSet textColor="4278190080" textSize="14" lineSpacingMultiple="1" textAlign="HaCenter" textVAlign="VaMiddle" textWordWrap="True" lineSpacing="18" textStyles="[]" useDefaultTextSize="True">
          <font family="%E5%BE%AE%E8%BD%AF%E9%9B%85%E9%BB%91" displayName="%E5%BE%AE%E8%BD%AF%E9%9B%85%E9%BB%91" postScript="" weightStyle="Regular" weight="400" isBold="False" isItalic="False"/>
        </textSet>
        <selectedIndex>-1</selectedIndex>
        <selectedColor>4282501083</selectedColor>
        <textPadding>0</textPadding>
        <shapeBorderType>SbRectangle</shapeBorderType>
        <triangleType>TdZero</triangleType>
        <dashMode>SdSolid</dashMode>
        <rectangleBorderLeftVisible>True</rectangleBorderLeftVisible>
        <rectangleBorderRightVisible>True</rectangleBorderRightVisible>
        <rectangleBorderTopVisible>True</rectangleBorderTopVisible>
        <rectangleBorderBottomVisible>True</rectangleBorderBottomVisible>
        <radius>0</radius>
        <radiusIsPercent>False</radiusIsPercent>
        <thickness>1</thickness>
      </controlProperties>
    </control>
    <control controlID="0B5C1C7A-4889-4F6E-81A4-B0021F81F119" controlTypeID="Tabs" isShow="True" caption="%E6%A0%87%E7%AD%BE%E7%BB%84" x="0" y="48" w="375" h="48" measuredW="340" measuredH="42" zOrder="6" locked="False" sizeLocked="False">
      <controlProperties>
        <basic color="16777215" borderVisible="True" borderColor="4284900966" isAutoSize="False" status="MsEnabled" opacity="1" isCommentCom="False" canMove="True" alias="" rotation="0"/>
        <states/>
        <verticalScrollbarShow>False</verticalScrollbarShow>
        <verticalScrollbarProgress>0</verticalScrollbarProgress>
        <horizontalScrollbarShow>False</horizontalScrollbarShow>
        <horizontalScrollbarProgress>0</horizontalScrollbarProgress>
        <links eventType="AtClick" animate="AmNone" animateAutoDelay="0" animateDuration="500">
          <link targetPageID="38435B1E-31EF-4343-9081-C3138638522D" linkType="ltPageLink" isApplyIncludePage="False" title="%E7%AD%9B%E9%80%89">
            <area shape="0" alt="" ID="{4882D09F-860E-44D8-A78E-22C1DABD77E7}" coords="(0,0,186.5,48)"/>
          </link>
          <link targetPageID="CB8E150F-92A2-4661-95C3-D7759264F22D" linkType="ltPageLink" isApplyIncludePage="False" title="%E6%90%9C%E7%B4%A2">
            <area shape="0" alt="" ID="{0F214D42-2AEE-4F8A-BFE5-B09066FF2C35}" coords="(187.5,0,374,48)"/>
          </link>
        </links>
        <interactiveData>
          <entry title="%E7%AD%9B%E9%80%89">
            <area shape="0" alt="" ID="{E1A423A4-B3E6-4565-A87E-BAE0EAFF9932}" coords="(0,0,186.5,48)"/>
            <events title=""/>
          </entry>
          <entry title="%E6%90%9C%E7%B4%A2">
            <area shape="0" alt="" ID="{6E279779-34A5-4E1D-ACFE-075B94EDB435}" coords="(187.5,0,374,48)"/>
            <events title=""/>
          </entry>
        </interactiveData>
        <textSet textColor="4278190080" textSize="14" lineSpacingMultiple="1" textAlign="HaLeft" textVAlign="VaTop" textWordWrap="True" lineSpacing="18" textStyles="[]" useDefaultTextSize="True">
          <font family="%E5%BE%AE%E8%BD%AF%E9%9B%85%E9%BB%91" displayName="%E5%BE%AE%E8%BD%AF%E9%9B%85%E9%BB%91" postScript="" weightStyle="Regular" weight="400" isBold="False" isItalic="False"/>
          <text>%E7%AD%9B%E9%80%89%2C%E6%90%9C%E7%B4%A2</text>
        </textSet>
        <selectedIndex>1</selectedIndex>
        <selectedColor>4282501083</selectedColor>
        <textPadding>0</textPadding>
        <thickness>1</thickness>
        <indicatorPercentWidth>100</indicatorPercentWidth>
        <indicatorHeight>3</indicatorHeight>
        <dividerPercentHeight>50</dividerPercentHeight>
        <dividerColor>4284900966</dividerColor>
        <selectedTextColor>4278190080</selectedTextColor>
      </controlProperties>
    </control>
    <control controlID="ED98D73C-C27A-47A7-96C2-0D14E8BE8925" controlTypeID="TextInput" isShow="True" caption="%E8%BE%93%E5%85%A5%E6%A1%86" x="21" y="171" w="334" h="39" measuredW="138" measuredH="36" zOrder="7" locked="False" sizeLocked="False">
      <controlProperties>
        <basic color="4294967295" borderVisible="True" borderColor="4284900966" isAutoSize="False" status="MsEnabled" opacity="1" isCommentCom="False" canMove="True" alias="" rotation="0"/>
        <states>
          <state propName="Text" stateType="state_mouseDown" isChecked="True" value="" varType="256"/>
        </states>
        <verticalScrollbarShow>False</verticalScrollbarShow>
        <verticalScrollbarProgress>0</verticalScrollbarProgress>
        <horizontalScrollbarShow>False</horizontalScrollbarShow>
        <horizontalScrollbarProgress>0</horizontalScrollbarProgress>
        <links eventType="AtClick" animate="AmNone" animateAutoDelay="0" animateDuration="500">
          <link targetPageID="" linkType="ltPageLink" isApplyIncludePage="False" title="%E9%93%BE%E6%8E%A5">
            <area shape="0" alt="" ID="{922FA6B9-518E-4B52-AF71-F0F12E928DB5}" coords="(0,0,334,39)"/>
          </link>
        </links>
        <interactiveData>
          <entry title="">
            <area shape="0" alt="" ID="{1C88023F-A83C-4147-9851-3CAAF0287C08}" coords="(0,0,334,39)"/>
            <events title=""/>
          </entry>
        </interactiveData>
        <textSet textColor="4278190080" textSize="14" lineSpacingMultiple="1" textAlign="HaLeft" textVAlign="VaMiddle" textWordWrap="True" lineSpacing="18" textStyles="[]" useDefaultTextSize="True">
          <font family="%E5%BE%AE%E8%BD%AF%E9%9B%85%E9%BB%91" displayName="%E5%BE%AE%E8%BD%AF%E9%9B%85%E9%BB%91" postScript="" weightStyle="Regular" weight="400" isBold="False" isItalic="False"/>
        </textSet>
        <selectedIndex>-1</selectedIndex>
        <selectedColor>4282501083</selectedColor>
        <textPadding>0</textPadding>
        <canInput>True</canInput>
        <placeHolder>%E8%AF%B7%E8%BE%93%E5%85%A5%E9%A1%B9%E7%9B%AE%E5%90%8D%E7%A7%B0</placeHolder>
        <inputModel>emText</inputModel>
      </controlProperties>
    </control>
  </controls>
  <param>
    <backgroundColor>4294967295</backgroundColor>
    <fontSize>0</fontSize>
    <fontFamily/>
    <guideLines/>
  </param>
</mockup>